Ware_house_ID,product_wg_ton,num_refill_req_l3m,transport_issue_l1y,wh_breakdown_l3m
WH_100000,17115,3,1,5
WH_100001,5074,0,0,3
WH_100002,23137,1,0,6
WH_100003,22115,7,4,3
WH_100004,24071,3,1,6
WH_100005,32134,8,0,3
WH_100006,30142,8,0,3
WH_100007,24093,1,0,6
WH_100008,18082,8,1,5
WH_100009,7130,4,3,6
WH_100010,21125,7,1,4
WH_100011,14115,7,0,2
WH_100012,5124,4,0,1
WH_100013,30063,6,1,5
WH_100014,7055,8,1,3
WH_100015,5094,1,1,3
WH_100016,12127,0,0,5
WH_100017,17134,0,1,4
WH_100018,38082,4,1,5
WH_100019,27100,1,1,2
WH_100020,24062,8,0,4
WH_100021,17117,6,0,6
WH_100022,40150,5,0,6
WH_100023,32098,8,1,5
WH_100024,15125,1,0,2
WH_100025,26066,7,1,3
WH_100026,10077,5,3,6
WH_100027,14150,8,3,4
WH_100029,8056,8,0,1
WH_100030,15082,5,0,5
WH_100031,21064,4,0,6
WH_100032,45061,4,0,4
WH_100033,21116,7,0,3
WH_100034,22055,4,0,1
WH_100036,42116,5,0,5
WH_100037,19100,0,1,4
WH_100039,47071,7,0,2
WH_100040,32117,3,0,5
WH_100041,31087,1,0,5
WH_100042,20149,5,2,3
WH_100043,31139,5,0,4
WH_100044,27137,7,1,4
WH_100045,31113,7,0,3
WH_100046,20092,1,1,2
WH_100047,49083,3,0,6
WH_100048,10145,1,0,1
WH_100049,44116,3,0,5
WH_100050,8127,4,0,5
WH_100051,27128,4,0,3
WH_100052,20127,3,0,5
WH_100053,23149,6,1,4
WH_100054,23134,4,0,2
WH_100055,18150,3,0,3
WH_100056,10080,6,0,4
WH_100057,19095,2,4,3
WH_100058,32057,1,1,4
WH_100059,28127,8,0,6
WH_100060,27107,4,0,5
WH_100061,44129,2,0,2
WH_100062,13061,7,0,5
WH_100063,25145,3,1,6
WH_100064,26060,1,1,2
WH_100065,28143,5,0,3
WH_100066,44116,4,0,4
WH_100067,27069,1,0,4
WH_100068,34108,7,0,6
WH_100069,11134,6,1,3
WH_100070,22121,2,1,3
WH_100071,21076,3,5,4
WH_100072,18149,6,0,1
WH_100073,27151,2,3,5
WH_100074,17143,2,0,3
WH_100075,21130,6,0,6
WH_100076,18118,0,1,6
WH_100077,30115,3,0,2
WH_100078,10060,0,0,1
WH_100079,8102,8,2,5
WH_100080,20090,5,0,3
WH_100081,17140,2,1,5
WH_100082,22100,4,2,3
WH_100083,35130,1,0,4
WH_100084,17097,7,0,6
WH_100085,24113,8,0,1
WH_100086,39115,4,0,5
WH_100087,18123,7,0,3
WH_100088,5103,1,1,2
WH_100089,7118,7,0,5
WH_100090,18117,1,1,6
WH_100091,28094,8,1,2
WH_100092,31059,0,2,3
WH_100093,18080,5,2,4
WH_100094,16060,5,2,1
WH_100095,27150,2,0,3
WH_100096,46100,7,0,2
WH_100097,19131,0,1,6
WH_100098,7105,1,0,5
WH_100100,31133,7,0,3
WH_100101,10140,1,0,1
WH_100102,22122,2,0,4
WH_100103,18139,6,0,3
WH_100104,29073,1,1,5
WH_100105,17058,5,0,5
WH_100106,20057,5,0,5
WH_100107,14103,5,0,3
WH_100108,8070,7,0,6
WH_100109,14105,7,1,4
WH_100110,9114,6,1,2
WH_100111,5105,5,0,3
WH_100112,14114,7,3,3
WH_100113,22062,2,1,5
WH_100114,24111,7,0,5
WH_100115,28121,4,0,5
WH_100116,50124,3,0,4
WH_100118,36111,2,1,5
WH_100119,8097,2,0,2
WH_100120,16150,7,3,4
WH_100121,19088,5,0,4
WH_100122,34129,4,0,2
WH_100123,5103,4,2,2
WH_100124,26132,3,1,6
WH_100125,36131,2,1,2
WH_100126,20065,8,0,6
WH_100127,19124,8,0,5
WH_100128,24128,6,0,4
WH_100129,27085,4,0,2
WH_100130,33074,8,1,4
WH_100131,6079,7,0,1
WH_100132,30106,1,1,4
WH_100133,21064,8,0,4
WH_100134,14062,6,1,6
WH_100135,31107,8,1,4
WH_100136,21093,4,3,4
WH_100137,12055,7,0,4
WH_100138,8146,1,1,1
WH_100139,24069,7,1,1
WH_100140,19128,4,2,4
WH_100141,6090,1,0,2
WH_100142,28133,1,0,1
WH_100143,21136,3,0,5
WH_100144,12118,2,0,6
WH_100145,48139,1,0,4
WH_100146,28151,7,3,5
WH_100147,30126,3,0,4
WH_100148,27147,7,1,3
WH_100149,23135,6,0,4
WH_100150,26084,0,0,5
WH_100151,30105,0,0,2
WH_100152,26123,1,2,3
WH_100153,30145,6,0,4
WH_100154,27112,5,5,5
WH_100155,6097,1,4,3
WH_100156,27058,3,0,2
WH_100157,15110,1,0,5
WH_100158,27119,4,0,2
WH_100159,23137,1,0,3
WH_100160,34138,1,0,5
WH_100161,19103,4,1,6
WH_100162,23084,5,0,4
WH_100163,18151,4,0,2
WH_100164,29116,4,0,4
WH_100165,28064,2,0,2
WH_100166,40088,5,0,6
WH_100167,15090,3,0,1
WH_100168,32055,5,1,2
WH_100169,43066,3,0,2
WH_100170,7120,4,3,5
WH_100171,21059,8,0,6
WH_100172,8100,8,0,2
WH_100173,16116,7,1,1
WH_100174,19114,3,1,6
WH_100175,6134,3,0,3
WH_100177,6106,8,3,6
WH_100178,31076,8,0,5
WH_100179,12129,1,0,1
WH_100180,38151,0,1,4
WH_100181,15087,4,3,4
WH_100182,32056,7,0,5
WH_100183,30056,5,0,2
WH_100184,18127,0,0,4
WH_100185,18066,0,0,6
WH_100186,6111,6,2,2
WH_100187,52109,0,0,5
WH_100189,6059,1,1,1
WH_100190,8059,4,3,3
WH_100191,23122,1,0,4
WH_100193,39139,3,1,6
WH_100194,17148,0,0,1
WH_100196,14108,2,0,5
WH_100197,16066,8,1,4
WH_100198,25126,0,0,6
WH_100199,12129,6,1,4
WH_100200,8144,5,1,4
WH_100201,29116,5,4,6
WH_100202,16130,8,0,1
WH_100203,7113,6,1,2
WH_100204,51147,2,0,2
WH_100205,22142,5,0,4
WH_100206,15069,5,0,2
WH_100207,43072,5,0,4
WH_100208,5130,1,0,3
WH_100209,28146,0,0,4
WH_100210,23089,1,1,3
WH_100211,4146,8,0,3
WH_100212,17090,7,0,3
WH_100213,7071,5,4,1
WH_100214,27111,3,1,4
WH_100215,5102,5,3,3
WH_100216,7099,7,0,2
WH_100217,22128,4,0,4
WH_100218,26098,3,2,3
WH_100219,31063,4,0,4
WH_100220,37072,7,0,2
WH_100221,16141,5,0,4
WH_100223,32120,1,0,4
WH_100224,24098,1,1,6
WH_100225,35063,3,0,6
WH_100226,39095,2,0,5
WH_100227,7073,5,0,1
WH_100228,17060,5,2,6
WH_100229,5126,2,5,2
WH_100230,20082,7,5,5
WH_100231,47079,8,0,6
WH_100232,28112,5,0,5
WH_100233,6136,0,3,4
WH_100234,22093,8,2,6
WH_100235,28150,4,3,5
WH_100236,34147,8,0,6
WH_100237,32114,4,0,3
WH_100238,17065,2,1,3
WH_100239,37147,0,1,2
WH_100240,8091,4,0,1
WH_100241,18122,5,3,4
WH_100242,37074,5,0,6
WH_100243,18062,7,4,4
WH_100244,5078,6,0,3
WH_100245,22071,2,0,3
WH_100246,33082,8,1,3
WH_100247,18147,3,0,4
WH_100248,25093,8,0,5
WH_100249,11131,4,0,3
WH_100250,7068,8,0,1
WH_100251,49091,2,0,5
WH_100252,33100,0,2,4
WH_100253,11068,1,0,5
WH_100254,43081,2,0,3
WH_100255,29073,2,1,5
WH_100256,17095,5,0,3
WH_100257,46121,1,0,4
WH_100258,9096,0,0,1
WH_100259,13085,5,2,4
WH_100260,16066,6,2,3
WH_100261,18079,7,1,4
WH_100262,27104,0,2,3
WH_100263,18122,7,0,4
WH_100265,20076,5,0,6
WH_100267,27105,6,4,4
WH_100268,27121,5,0,3
WH_100269,27109,2,4,3
WH_100270,32059,4,4,4
WH_100271,6151,1,0,1
WH_100272,16089,2,0,4
WH_100273,19079,0,5,2
WH_100274,6087,6,4,3
WH_100275,24097,3,2,3
WH_100276,15142,6,0,3
WH_100277,35118,7,0,2
WH_100278,8126,7,0,3
WH_100279,30073,0,0,2
WH_100280,7083,4,0,4
WH_100282,18070,2,1,5
WH_100283,5059,8,0,1
WH_100284,16108,1,0,4
WH_100285,23087,4,0,4
WH_100286,25078,2,0,2
WH_100287,34126,8,0,3
WH_100288,32123,5,0,4
WH_100289,51140,3,0,6
WH_100290,30091,2,0,6
WH_100291,27108,6,0,4
WH_100292,22081,8,3,6
WH_100293,10083,1,0,2
WH_100294,23070,0,0,3
WH_100295,38114,4,0,5
WH_100296,47145,5,0,5
WH_100297,22118,1,1,5
WH_100298,8128,0,0,1
WH_100299,7095,5,0,2
WH_100300,32059,4,1,3
WH_100301,10134,4,0,1
WH_100302,15104,5,1,2
WH_100303,30135,3,0,2
WH_100304,28086,4,0,3
WH_100305,7138,4,0,2
WH_100306,22087,5,3,4
WH_100307,30120,3,0,5
WH_100308,7067,3,0,2
WH_100309,21131,1,0,6
WH_100310,19066,7,0,4
WH_100311,27091,4,0,2
WH_100312,20123,8,5,2
WH_100313,9131,0,0,3
WH_100314,7132,1,5,3
WH_100315,34120,7,0,3
WH_100316,23095,7,0,2
WH_100317,26065,0,0,2
WH_100318,22124,0,0,1
WH_100319,30102,2,2,6
WH_100320,19061,7,2,2
WH_100321,15108,7,1,3
WH_100322,5086,2,2,1
WH_100323,22110,0,0,2
WH_100324,18083,8,2,5
WH_100325,29057,4,3,4
WH_100326,10135,4,1,2
WH_100327,9103,4,4,2
WH_100328,13091,7,2,6
WH_100329,4090,8,0,3
WH_100330,31134,6,2,4
WH_100331,33137,6,2,3
WH_100332,9125,8,1,1
WH_100333,15130,2,3,2
WH_100334,5095,5,1,2
WH_100335,26140,4,4,4
WH_100336,43087,4,0,4
WH_100337,7104,0,5,3
WH_100338,13057,3,0,1
WH_100339,9117,5,2,3
WH_100340,28115,6,0,5
WH_100341,7059,8,0,1
WH_100342,11080,5,0,1
WH_100343,5062,3,0,3
WH_100344,32133,4,0,2
WH_100345,12068,0,3,4
WH_100346,29131,7,0,3
WH_100347,13129,0,3,2
WH_100348,21081,3,0,3
WH_100349,21060,0,0,3
WH_100351,7099,4,2,3
WH_100352,32137,3,0,4
WH_100353,5140,7,0,6
WH_100354,5070,8,3,1
WH_100355,39079,5,0,3
WH_100356,10103,2,0,5
WH_100357,31074,6,4,6
WH_100358,11102,4,3,3
WH_100359,10139,8,5,2
WH_100360,22072,5,4,6
WH_100361,23134,2,1,2
WH_100362,15125,0,0,2
WH_100363,24151,7,1,5
WH_100364,44059,1,0,3
WH_100365,5102,3,2,4
WH_100366,33095,4,2,2
WH_100367,45068,8,0,3
WH_100368,42138,3,0,5
WH_100369,43120,5,0,6
WH_100370,30065,8,0,1
WH_100371,5093,2,1,2
WH_100372,7109,4,0,1
WH_100373,31083,4,0,5
WH_100374,24085,7,0,2
WH_100375,29116,3,4,6
WH_100376,17136,0,2,6
WH_100377,15107,3,0,5
WH_100378,16080,7,0,2
WH_100379,16061,1,0,2
WH_100380,28082,1,0,6
WH_100381,23102,8,0,3
WH_100382,30149,6,0,3
WH_100383,23144,8,1,2
WH_100384,32067,8,0,4
WH_100385,23073,1,0,2
WH_100386,23151,8,3,3
WH_100387,15102,6,2,5
WH_100388,21118,6,1,5
WH_100389,17093,6,0,1
WH_100391,24082,0,0,2
WH_100393,4055,8,3,6
WH_100394,19085,1,3,6
WH_100395,11118,6,0,3
WH_100396,12133,8,0,5
WH_100397,38059,4,0,4
WH_100398,22141,1,1,6
WH_100399,32118,0,0,4
WH_100400,6121,4,0,1
WH_100401,35074,7,0,3
WH_100402,31068,6,0,4
WH_100403,30099,1,0,4
WH_100404,31086,5,0,4
WH_100405,12105,1,3,6
WH_100406,11130,7,0,5
WH_100407,47115,6,0,3
WH_100408,18108,6,2,4
WH_100409,7133,5,3,4
WH_100410,23070,8,0,4
WH_100411,23095,7,0,2
WH_100412,26139,7,0,5
WH_100413,7074,8,3,5
WH_100414,5105,2,3,1
WH_100415,30131,8,2,5
WH_100416,12109,2,3,3
WH_100417,35135,3,4,6
WH_100418,45145,0,0,4
WH_100419,8073,5,0,3
WH_100420,36130,1,0,3
WH_100422,34121,1,0,6
WH_100423,22087,4,0,3
WH_100424,38147,0,0,2
WH_100425,25099,0,0,3
WH_100426,5099,8,0,1
WH_100427,16067,5,0,3
WH_100428,28086,0,0,2
WH_100429,20127,6,0,5
WH_100430,21144,3,0,4
WH_100431,11074,2,5,1
WH_100432,40123,5,0,3
WH_100433,15126,5,1,6
WH_100434,18099,5,0,3
WH_100435,22144,1,3,3
WH_100436,24072,3,0,2
WH_100437,15072,5,1,2
WH_100438,38134,6,0,5
WH_100439,25075,5,4,4
WH_100440,12078,6,1,3
WH_100441,5057,5,0,3
WH_100442,30097,4,0,4
WH_100443,20057,4,0,6
WH_100444,16084,6,3,3
WH_100445,43121,0,0,3
WH_100446,6139,1,2,3
WH_100447,48133,5,0,4
WH_100448,5145,8,2,3
WH_100449,24057,3,0,1
WH_100450,32063,8,2,3
WH_100451,24102,6,0,1
WH_100452,6084,7,1,3
WH_100454,20090,3,2,2
WH_100455,9097,4,0,3
WH_100456,25109,6,1,2
WH_100457,13137,4,0,4
WH_100458,6148,3,2,3
WH_100459,26062,4,0,1
WH_100460,22078,5,1,3
WH_100461,7104,6,0,2
WH_100462,31070,4,0,6
WH_100463,41083,0,0,2
WH_100464,23065,0,0,6
WH_100465,24098,0,0,3
WH_100466,33110,2,2,6
WH_100467,38064,3,0,5
WH_100468,38056,8,0,4
WH_100469,24108,2,0,5
WH_100470,5079,5,0,3
WH_100471,22108,5,1,3
WH_100472,29105,2,0,5
WH_100473,8060,6,0,1
WH_100474,40121,2,0,5
WH_100476,37145,0,0,2
WH_100477,6124,3,0,3
WH_100478,25065,1,0,5
WH_100479,24099,4,0,3
WH_100480,5089,5,1,3
WH_100481,26122,0,2,5
WH_100482,25108,3,0,2
WH_100483,43143,1,2,3
WH_100484,21096,1,1,6
WH_100485,22144,0,0,3
WH_100486,33125,1,3,2
WH_100487,12107,4,0,3
WH_100488,26084,2,0,2
WH_100489,42093,7,0,3
WH_100490,19087,6,3,5
WH_100491,31086,5,0,5
WH_100492,38142,3,1,5
WH_100493,14111,5,0,3
WH_100494,46070,1,0,4
WH_100495,14134,6,2,3
WH_100496,6098,4,0,1
WH_100497,5110,1,2,2
WH_100498,30107,1,0,5
WH_100499,25085,2,3,4
WH_100500,6093,4,0,1
WH_100501,11109,5,1,5
WH_100502,18112,5,0,3
WH_100503,38083,4,1,2
WH_100504,26107,4,0,2
WH_100505,10112,5,0,1
WH_100506,6147,8,0,3
WH_100507,27095,7,3,5
WH_100508,18108,3,0,2
WH_100509,29108,0,0,4
WH_100510,5099,1,0,1
WH_100512,17142,7,1,2
WH_100513,34108,0,1,4
WH_100514,31060,7,0,5
WH_100515,7129,6,1,4
WH_100516,23083,4,0,3
WH_100517,28065,1,2,4
WH_100518,40109,5,1,5
WH_100519,34149,3,0,4
WH_100520,19099,3,0,5
WH_100521,27113,6,1,4
WH_100522,27092,5,0,5
WH_100523,32116,3,0,5
WH_100524,16078,3,2,2
WH_100525,24100,8,0,5
WH_100526,13140,6,0,5
WH_100527,9150,5,0,3
WH_100528,27146,0,1,5
WH_100529,22131,8,5,4
WH_100530,12074,6,2,4
WH_100531,5120,0,3,6
WH_100532,13105,3,3,5
WH_100533,5107,8,3,2
WH_100534,7089,2,2,2
WH_100535,15108,1,1,3
WH_100536,20081,8,0,3
WH_100537,29085,7,0,4
WH_100538,34070,6,0,5
WH_100539,7118,5,0,3
WH_100540,22098,8,2,6
WH_100541,42124,4,1,4
WH_100542,13075,2,0,4
WH_100543,11149,5,0,1
WH_100544,29102,8,0,2
WH_100545,23148,1,2,3
WH_100546,24111,8,5,5
WH_100547,7110,0,0,3
WH_100548,22134,3,0,3
WH_100549,31123,5,1,4
WH_100550,31065,3,3,4
WH_100551,28120,5,4,4
WH_100552,18066,8,0,4
WH_100553,15137,1,0,2
WH_100554,6073,2,0,1
WH_100555,5136,2,0,1
WH_100556,19132,3,3,4
WH_100557,33106,8,1,3
WH_100558,34055,2,1,5
WH_100559,19139,3,3,3
WH_100560,16067,1,1,6
WH_100561,31056,4,0,5
WH_100562,21113,8,0,1
WH_100563,16108,1,3,4
WH_100564,5083,1,0,1
WH_100565,12115,2,0,1
WH_100566,5128,2,2,3
WH_100567,11108,3,4,2
WH_100568,21128,6,0,4
WH_100569,18069,4,1,3
WH_100570,27128,8,0,2
WH_100571,7076,1,0,1
WH_100572,22104,1,0,4
WH_100573,14075,5,2,6
WH_100574,18124,6,4,5
WH_100575,40106,0,0,4
WH_100576,46099,5,0,2
WH_100577,25060,3,0,5
WH_100578,16080,0,2,6
WH_100579,13057,5,0,2
WH_100580,24128,8,0,5
WH_100581,17129,5,4,5
WH_100583,27057,1,0,6
WH_100584,23146,1,0,1
WH_100585,45059,2,0,4
WH_100586,24107,4,0,4
WH_100587,29101,6,0,2
WH_100588,16127,5,5,3
WH_100589,21126,7,1,6
WH_100590,11084,6,3,5
WH_100591,35071,5,1,6
WH_100592,38069,6,0,6
WH_100593,32105,6,0,5
WH_100594,15057,2,3,5
WH_100595,17139,4,0,3
WH_100596,15141,5,0,2
WH_100597,11122,4,0,4
WH_100598,29129,8,0,5
WH_100599,46142,6,0,3
WH_100600,20143,2,1,2
WH_100601,20135,8,0,4
WH_100603,28087,0,0,6
WH_100604,38061,0,0,5
WH_100605,20138,4,0,5
WH_100606,18124,0,2,6
WH_100607,16115,6,0,1
WH_100608,16093,5,0,3
WH_100609,6114,2,2,3
WH_100610,49058,5,0,2
WH_100611,17094,7,3,4
WH_100612,17084,4,0,6
WH_100613,40055,5,0,5
WH_100614,42107,4,1,5
WH_100615,9099,3,0,2
WH_100616,23150,2,2,5
WH_100617,21113,6,0,4
WH_100618,17150,7,1,2
WH_100619,14133,7,3,3
WH_100620,9079,0,0,3
WH_100621,17079,4,0,1
WH_100623,52141,1,0,4
WH_100624,13072,3,0,4
WH_100625,25148,0,0,3
WH_100626,28058,5,0,2
WH_100628,39092,8,1,4
WH_100629,19055,2,2,5
WH_100630,11133,3,0,4
WH_100631,29135,3,0,3
WH_100632,30114,4,0,3
WH_100633,31135,8,0,6
WH_100634,11077,6,0,6
WH_100635,10098,7,0,6
WH_100636,17096,2,0,6
WH_100637,18128,8,1,2
WH_100638,5139,7,2,2
WH_100639,28100,1,3,3
WH_100640,37094,5,0,5
WH_100642,23099,3,0,2
WH_100643,21093,8,0,2
WH_100644,11107,7,4,6
WH_100645,24073,3,0,6
WH_100646,21075,7,0,4
WH_100647,18112,7,0,2
WH_100648,18088,7,1,2
WH_100649,7084,0,0,2
WH_100650,40090,6,0,5
WH_100651,28071,1,2,4
WH_100652,24126,7,0,3
WH_100653,20088,2,0,3
WH_100654,33144,1,0,6
WH_100655,9134,4,0,2
WH_100656,18083,1,0,5
WH_100657,5084,2,0,2
WH_100658,25102,3,1,4
WH_100660,32081,4,4,3
WH_100661,28097,4,2,5
WH_100662,20097,0,0,6
WH_100663,32072,6,1,2
WH_100664,13118,2,0,6
WH_100665,23080,3,0,5
WH_100666,15083,8,1,2
WH_100667,37145,4,0,4
WH_100668,27139,6,1,6
WH_100669,10132,1,0,2
WH_100670,24149,6,2,3
WH_100671,15090,8,2,3
WH_100672,25127,4,0,3
WH_100673,7143,8,1,1
WH_100674,52088,2,0,6
WH_100675,45132,7,0,6
WH_100676,32059,3,0,4
WH_100677,16137,1,3,5
WH_100678,12144,4,2,5
WH_100679,24092,7,4,6
WH_100680,13062,4,1,6
WH_100681,38130,0,0,3
WH_100682,13092,8,0,6
WH_100683,42060,8,0,2
WH_100684,9078,4,0,6
WH_100685,33080,3,5,4
WH_100686,37114,3,0,4
WH_100687,7091,0,1,3
WH_100688,7080,6,4,3
WH_100689,18065,6,0,5
WH_100690,33089,4,0,5
WH_100691,31073,7,1,3
WH_100692,5065,4,0,5
WH_100693,25110,6,0,3
WH_100694,22131,8,0,5
WH_100695,25084,1,0,4
WH_100696,12096,4,0,6
WH_100697,32055,7,1,3
WH_100698,8077,3,3,6
WH_100699,8092,5,5,3
WH_100700,30087,7,0,5
WH_100701,15125,4,0,3
WH_100702,27104,8,1,4
WH_100703,42134,7,1,5
WH_100704,6147,1,0,2
WH_100705,14101,8,0,1
WH_100706,15100,6,0,3
WH_100707,21085,4,0,4
WH_100708,22124,7,2,4
WH_100709,24107,6,0,2
WH_100710,7148,5,0,3
WH_100711,25098,6,0,5
WH_100712,28082,5,1,5
WH_100713,31133,0,2,6
WH_100714,6088,4,2,3
WH_100715,29073,0,0,3
WH_100716,46079,4,0,2
WH_100717,16083,6,5,4
WH_100718,6110,4,0,3
WH_100719,49146,0,0,6
WH_100720,32149,4,1,4
WH_100721,8091,3,2,6
WH_100722,31149,3,2,6
WH_100723,20107,0,0,4
WH_100724,23089,8,0,6
WH_100725,19066,2,0,6
WH_100726,22133,7,1,2
WH_100727,6124,7,0,5
WH_100728,32066,6,0,4
WH_100729,51134,7,1,2
WH_100730,20117,4,1,3
WH_100731,21141,4,0,3
WH_100732,29121,4,0,6
WH_100733,6063,8,3,6
WH_100734,19067,3,0,5
WH_100736,26123,7,0,1
WH_100737,22141,1,0,6
WH_100738,6150,5,2,1
WH_100739,20149,7,0,3
WH_100740,43072,1,0,4
WH_100741,19131,5,0,5
WH_100742,27105,0,0,5
WH_100743,50146,6,0,3
WH_100744,8083,7,3,1
WH_100745,31061,8,0,3
WH_100746,28081,1,0,2
WH_100747,20138,5,3,4
WH_100748,36140,1,1,5
WH_100749,6149,8,3,3
WH_100750,39061,6,0,5
WH_100751,5143,7,0,3
WH_100752,23110,0,0,6
WH_100753,16062,2,1,4
WH_100754,31057,5,0,4
WH_100755,12072,2,1,3
WH_100756,19078,0,1,1
WH_100757,22063,4,0,1
WH_100758,14111,1,0,6
WH_100759,6085,1,0,1
WH_100760,9060,7,1,3
WH_100761,47132,5,0,3
WH_100763,18116,3,1,2
WH_100764,6131,5,3,5
WH_100765,25089,6,0,4
WH_100766,36112,7,2,2
WH_100767,12142,7,1,6
WH_100769,17142,1,0,4
WH_100770,44151,0,1,5
WH_100771,7124,6,0,5
WH_100772,25146,8,1,1
WH_100773,25103,7,0,5
WH_100774,7097,1,1,3
WH_100775,10143,4,0,2
WH_100776,25110,6,2,4
WH_100777,36147,6,0,3
WH_100778,8101,7,0,3
WH_100780,40137,5,0,6
WH_100781,5117,5,1,3
WH_100782,18118,7,1,1
WH_100783,6065,4,2,4
WH_100784,39143,1,0,6
WH_100785,27094,1,2,5
WH_100786,15123,2,1,1
WH_100787,15098,5,0,4
WH_100788,27067,1,0,6
WH_100789,25125,6,0,6
WH_100790,19118,1,0,5
WH_100791,41085,7,1,5
WH_100792,14081,4,3,6
WH_100793,16061,2,1,4
WH_100794,28138,5,0,5
WH_100795,18097,7,0,2
WH_100796,19119,7,0,6
WH_100797,6100,4,2,2
WH_100798,18089,1,0,5
WH_100799,39114,0,0,2
WH_100801,41147,8,0,6
WH_100802,30135,6,0,5
WH_100803,15123,6,2,3
WH_100804,31062,7,0,6
WH_100805,19070,8,0,4
WH_100806,7083,3,0,3
WH_100807,18058,6,0,5
WH_100808,26115,1,2,2
WH_100809,13145,3,0,2
WH_100810,23146,5,1,3
WH_100811,45063,0,1,3
WH_100812,53133,6,0,3
WH_100813,29137,0,1,6
WH_100814,30069,8,0,3
WH_100815,6139,7,0,1
WH_100816,44062,3,0,4
WH_100817,17137,3,3,2
WH_100818,17142,8,3,3
WH_100819,5095,6,0,4
WH_100820,20150,7,1,2
WH_100821,20071,5,1,5
WH_100822,31069,4,1,2
WH_100823,20115,3,0,4
WH_100825,31060,2,0,4
WH_100826,6133,3,2,3
WH_100827,28127,8,3,3
WH_100828,29100,4,0,3
WH_100829,8083,8,3,1
WH_100830,25064,4,1,6
WH_100831,34075,1,0,4
WH_100832,51137,3,0,4
WH_100833,14151,0,1,1
WH_100834,6066,2,1,3
WH_100835,6066,1,0,3
WH_100836,6073,1,5,2
WH_100837,41117,5,1,5
WH_100838,29133,4,0,2
WH_100839,40107,4,1,3
WH_100840,18066,0,1,4
WH_100841,28137,7,1,4
WH_100842,24135,8,0,6
WH_100843,8066,6,1,1
WH_100844,39096,1,0,2
WH_100845,19089,6,1,4
WH_100846,7146,0,2,3
WH_100847,49066,7,0,2
WH_100848,16121,3,0,1
WH_100849,20060,5,0,3
WH_100850,12091,7,0,3
WH_100851,5131,8,0,3
WH_100852,4082,0,2,1
WH_100853,15088,3,5,6
WH_100854,19088,2,0,3
WH_100855,23069,2,0,4
WH_100856,23098,5,0,6
WH_100857,37083,6,0,4
WH_100858,32149,1,0,3
WH_100859,17119,7,0,5
WH_100860,26109,7,1,2
WH_100861,6149,3,0,1
WH_100862,37119,0,0,4
WH_100863,40069,2,2,6
WH_100864,22061,7,0,5
WH_100865,16115,5,0,2
WH_100866,43068,6,1,2
WH_100867,28105,6,0,5
WH_100868,38134,3,0,2
WH_100869,27136,5,1,4
WH_100870,32127,2,0,6
WH_100871,10150,7,1,1
WH_100872,21107,6,0,4
WH_100873,25104,6,0,1
WH_100874,32119,6,0,6
WH_100875,31068,8,0,6
WH_100876,35139,7,0,4
WH_100877,30095,7,0,4
WH_100878,16108,2,1,3
WH_100879,18106,0,0,6
WH_100880,12130,1,3,6
WH_100882,14133,7,0,3
WH_100883,52113,7,1,5
WH_100884,6140,6,1,1
WH_100885,24073,1,0,3
WH_100886,4146,8,0,2
WH_100887,29082,0,0,5
WH_100888,6141,6,0,5
WH_100889,22136,0,0,2
WH_100890,16090,8,0,1
WH_100891,18111,4,0,3
WH_100893,24082,1,0,3
WH_100894,28126,5,2,2
WH_100895,27082,5,1,4
WH_100896,31098,3,0,5
WH_100897,54056,4,0,6
WH_100898,35133,3,0,4
WH_100899,22077,0,0,6
WH_100900,17087,7,0,2
WH_100902,21100,1,0,5
WH_100903,23096,1,1,5
WH_100904,39125,5,0,4
WH_100905,8077,5,1,4
WH_100906,22062,7,0,3
WH_100907,5079,4,2,3
WH_100908,26092,7,1,6
WH_100909,49114,5,0,3
WH_100910,30088,8,0,3
WH_100911,41100,6,3,4
WH_100912,13099,2,2,5
WH_100913,8113,3,0,6
WH_100914,34140,4,1,5
WH_100915,24065,7,2,4
WH_100916,8088,3,1,3
WH_100917,28099,6,0,4
WH_100918,25066,7,0,6
WH_100919,37112,7,0,2
WH_100920,11150,7,0,3
WH_100921,23067,4,1,3
WH_100922,6149,4,1,3
WH_100924,30055,4,1,4
WH_100925,14090,8,3,3
WH_100926,5082,0,0,2
WH_100927,15096,5,0,4
WH_100928,20141,7,0,1
WH_100929,29129,4,3,2
WH_100930,32124,3,0,5
WH_100931,17080,2,0,3
WH_100932,8060,3,0,3
WH_100933,14137,3,3,6
WH_100934,22148,2,0,3
WH_100935,21145,0,1,2
WH_100936,25129,1,3,5
WH_100937,28149,7,0,4
WH_100938,43135,0,1,2
WH_100939,13125,3,2,5
WH_100940,36070,7,0,2
WH_100941,5139,5,3,3
WH_100942,20151,1,0,4
WH_100943,33149,7,0,5
WH_100944,22143,7,0,6
WH_100945,31133,4,0,5
WH_100946,29075,0,0,5
WH_100947,20126,0,5,6
WH_100948,32146,5,0,5
WH_100949,14119,5,1,2
WH_100950,22141,7,0,4
WH_100951,28094,8,2,3
WH_100952,31132,7,0,4
WH_100953,8062,5,0,2
WH_100954,37077,1,0,6
WH_100955,27096,5,0,2
WH_100956,31137,5,0,4
WH_100957,28113,4,0,5
WH_100958,36148,2,0,5
WH_100959,35085,8,0,2
WH_100960,7142,4,0,2
WH_100961,32130,1,2,4
WH_100962,29106,1,0,2
WH_100963,22146,2,0,3
WH_100964,19110,1,1,2
WH_100965,23112,8,1,4
WH_100966,32063,8,0,6
WH_100967,11142,8,0,5
WH_100968,11066,7,0,5
WH_100969,32076,0,0,4
WH_100970,38107,6,0,2
WH_100971,6099,7,0,3
WH_100972,9125,1,1,5
WH_100973,11075,5,1,1
WH_100974,6146,4,0,1
WH_100975,29119,6,0,4
WH_100976,6081,8,0,2
WH_100977,39084,2,0,3
WH_100978,30076,0,0,6
WH_100979,15119,3,2,4
WH_100980,30068,5,3,4
WH_100981,25060,4,1,6
WH_100983,7111,3,4,3
WH_100984,21128,6,0,3
WH_100985,21096,5,0,4
WH_100986,24138,6,4,4
WH_100988,23106,8,2,2
WH_100989,14140,4,1,2
WH_100990,13148,0,2,6
WH_100991,23149,1,2,3
WH_100992,17145,0,1,3
WH_100993,24138,1,0,2
WH_100994,23108,7,2,3
WH_100995,29069,1,0,2
WH_100996,22091,6,0,6
WH_100997,30150,3,2,3
WH_100998,13137,3,3,4
WH_100999,17139,3,3,6
WH_101000,15103,1,5,2
WH_101001,40102,6,0,3
WH_101002,33096,7,0,6
WH_101003,7132,6,0,2
WH_101004,30130,4,0,5
WH_101005,6074,7,1,4
WH_101006,21151,7,1,2
WH_101007,5140,1,1,1
WH_101008,26065,4,1,2
WH_101009,36092,2,1,6
WH_101010,8134,3,0,6
WH_101011,28096,0,0,3
WH_101012,6056,4,0,5
WH_101013,14105,8,0,4
WH_101014,33076,3,1,6
WH_101015,8146,0,0,2
WH_101016,22092,7,0,2
WH_101017,33128,7,0,4
WH_101018,29107,4,0,6
WH_101019,16085,8,3,6
WH_101020,30122,8,0,3
WH_101021,24056,2,2,4
WH_101022,11093,8,1,3
WH_101023,23108,7,0,3
WH_101024,18092,3,1,3
WH_101025,18094,6,1,4
WH_101026,30084,5,1,5
WH_101027,14129,7,1,4
WH_101028,6088,3,0,3
WH_101029,9105,0,0,3
WH_101030,20058,1,1,6
WH_101031,20151,8,3,6
WH_101032,12121,0,0,1
WH_101033,5075,8,3,2
WH_101034,5127,8,2,3
WH_101035,6080,2,0,2
WH_101036,28083,0,0,6
WH_101037,32130,0,0,5
WH_101038,26151,4,0,5
WH_101039,42066,7,0,4
WH_101040,5059,6,2,2
WH_101041,23145,6,0,6
WH_101042,24069,7,0,4
WH_101043,41074,1,1,2
WH_101044,32144,0,0,4
WH_101045,24083,8,2,4
WH_101048,6078,8,2,2
WH_101049,30067,6,0,4
WH_101050,32144,5,0,5
WH_101051,7138,7,0,1
WH_101052,16145,7,3,4
WH_101053,12094,1,0,6
WH_101054,22137,1,0,6
WH_101055,6083,6,0,1
WH_101056,25110,7,3,3
WH_101057,33121,0,1,4
WH_101058,48066,7,0,6
WH_101059,20137,2,3,5
WH_101060,13083,1,0,2
WH_101061,23128,3,0,2
WH_101062,47117,2,0,3
WH_101063,10121,5,0,1
WH_101064,34148,3,0,2
WH_101065,27108,0,0,2
WH_101066,13057,3,1,1
WH_101067,27064,8,0,5
WH_101068,6139,8,0,3
WH_101069,16072,4,0,6
WH_101070,27124,4,5,4
WH_101071,24111,8,0,3
WH_101072,4131,0,4,2
WH_101073,28088,8,5,2
WH_101074,23119,7,0,3
WH_101075,31067,6,0,3
WH_101076,17113,2,0,1
WH_101077,41119,5,0,5
WH_101078,24102,8,3,6
WH_101079,8083,7,0,1
WH_101080,28056,3,5,6
WH_101081,20136,3,1,4
WH_101082,17140,6,0,6
WH_101083,29084,3,0,2
WH_101084,5107,5,1,1
WH_101085,33093,1,0,4
WH_101086,27150,5,1,5
WH_101087,25149,7,1,3
WH_101088,24141,7,0,3
WH_101089,23086,5,1,3
WH_101090,39117,8,1,2
WH_101091,33077,8,2,2
WH_101093,31069,0,0,5
WH_101094,29055,0,3,2
WH_101096,40061,1,1,3
WH_101097,13088,0,2,6
WH_101098,31129,2,4,6
WH_101099,30146,0,0,3
WH_101100,15084,6,0,5
WH_101101,32085,5,0,2
WH_101102,31123,6,1,4
WH_101103,11072,0,0,1
WH_101104,8060,1,2,6
WH_101105,7133,0,0,1
WH_101107,8099,4,2,6
WH_101108,6125,8,0,1
WH_101109,17118,0,0,5
WH_101110,5126,2,4,3
WH_101111,23099,8,0,2
WH_101112,39135,8,0,2
WH_101113,41146,3,0,5
WH_101114,23091,7,1,4
WH_101115,6081,3,0,2
WH_101116,25056,7,0,3
WH_101117,20126,6,1,2
WH_101118,32142,2,0,2
WH_101119,7064,7,0,2
WH_101120,14056,3,3,4
WH_101121,39138,5,0,6
WH_101122,30125,6,0,5
WH_101123,31101,8,3,4
WH_101124,12093,6,0,4
WH_101125,10130,1,1,2
WH_101126,20131,4,0,5
WH_101127,31086,6,4,5
WH_101128,28129,8,1,2
WH_101129,6095,2,2,1
WH_101130,25070,0,0,5
WH_101131,23089,4,0,2
WH_101132,14136,8,2,6
WH_101133,6132,0,0,2
WH_101134,23100,4,0,4
WH_101135,31111,8,3,6
WH_101136,32147,3,2,6
WH_101137,8123,0,3,2
WH_101138,5133,7,2,1
WH_101139,23080,3,1,3
WH_101140,12068,3,0,1
WH_101141,19114,8,1,6
WH_101142,17119,1,0,3
WH_101143,15081,5,0,1
WH_101144,29078,3,0,3
WH_101145,10121,0,0,5
WH_101146,29102,6,0,3
WH_101147,5122,7,2,3
WH_101148,46136,3,0,4
WH_101149,26098,7,3,5
WH_101150,28124,4,3,2
WH_101151,5129,5,5,3
WH_101152,19090,1,0,5
WH_101153,34140,4,5,3
WH_101154,23081,7,0,3
WH_101155,45088,4,0,4
WH_101156,14074,3,5,3
WH_101157,8111,8,4,1
WH_101158,17136,3,2,4
WH_101159,40140,7,0,2
WH_101160,12143,0,1,5
WH_101161,31091,0,0,5
WH_101162,19110,7,0,6
WH_101163,6127,4,3,5
WH_101164,6118,0,0,5
WH_101165,13068,6,1,2
WH_101166,14120,6,5,3
WH_101167,41149,3,1,6
WH_101168,36099,5,0,6
WH_101169,31086,5,3,4
WH_101170,20101,6,0,3
WH_101171,26070,6,0,2
WH_101172,6123,1,0,3
WH_101173,25093,3,3,2
WH_101174,17104,8,3,5
WH_101175,21097,4,0,3
WH_101176,31127,2,0,4
WH_101177,15129,1,0,6
WH_101178,31131,8,0,2
WH_101179,27144,6,0,4
WH_101180,53100,5,0,4
WH_101181,8114,5,0,2
WH_101182,14074,7,0,3
WH_101183,22142,3,2,4
WH_101184,32126,5,0,4
WH_101185,17143,4,1,4
WH_101186,20062,5,3,3
WH_101187,21111,3,0,6
WH_101188,8078,5,0,2
WH_101189,27138,5,0,6
WH_101190,30083,8,0,6
WH_101191,9117,2,0,2
WH_101192,21097,0,0,5
WH_101193,20147,1,4,3
WH_101194,23147,4,0,4
WH_101195,45139,4,0,5
WH_101196,15123,0,0,5
WH_101197,29120,1,1,4
WH_101198,11141,0,4,5
WH_101199,9076,3,0,4
WH_101200,21128,6,0,3
WH_101201,16110,0,1,6
WH_101202,20123,1,0,2
WH_101203,21094,0,0,2
WH_101204,26097,1,1,6
WH_101205,47132,4,0,4
WH_101206,7078,6,0,2
WH_101207,8063,0,0,1
WH_101209,19104,8,5,4
WH_101210,23096,4,0,2
WH_101211,26118,6,1,4
WH_101212,10097,5,3,5
WH_101213,21127,0,1,3
WH_101214,27114,4,0,2
WH_101215,10122,7,2,5
WH_101216,25090,7,0,4
WH_101217,27122,2,0,6
WH_101218,19094,5,1,1
WH_101219,32090,3,0,2
WH_101220,6108,5,1,1
WH_101221,48067,2,0,3
WH_101222,20118,3,3,4
WH_101223,31101,8,0,2
WH_101224,7073,3,0,2
WH_101225,24113,6,0,6
WH_101226,28122,1,0,6
WH_101227,30057,4,0,4
WH_101228,11114,7,0,3
WH_101229,32094,0,0,3
WH_101230,16083,1,0,2
WH_101231,24086,7,0,6
WH_101232,10108,1,0,2
WH_101233,21140,8,0,5
WH_101234,31064,7,2,2
WH_101235,15082,8,0,1
WH_101236,6092,6,1,1
WH_101237,29056,4,0,5
WH_101238,15091,5,0,6
WH_101239,21066,7,1,5
WH_101240,31103,5,1,2
WH_101241,11138,7,4,6
WH_101242,14133,4,0,4
WH_101243,17094,3,0,3
WH_101244,35147,0,0,5
WH_101245,13110,4,0,4
WH_101246,45125,1,1,6
WH_101247,11077,1,1,3
WH_101248,32097,6,0,2
WH_101249,5122,1,4,2
WH_101250,20064,8,1,2
WH_101251,44086,3,0,2
WH_101252,19067,7,2,2
WH_101253,6072,5,4,3
WH_101254,23119,0,0,6
WH_101255,8115,4,0,1
WH_101256,26077,6,0,5
WH_101257,26099,3,2,6
WH_101258,31065,0,3,6
WH_101259,6144,1,2,2
WH_101260,7078,3,0,1
WH_101261,13098,8,0,2
WH_101262,15109,6,0,1
WH_101263,27057,2,0,2
WH_101264,25149,1,4,4
WH_101265,55078,8,0,3
WH_101266,34088,7,1,2
WH_101267,21102,8,2,3
WH_101268,5118,6,2,2
WH_101269,17151,3,0,5
WH_101270,7120,7,0,3
WH_101272,49087,4,0,3
WH_101273,17138,3,0,1
WH_101274,16092,0,0,6
WH_101275,6066,0,1,5
WH_101276,20134,1,0,5
WH_101277,8141,1,3,2
WH_101278,32123,5,0,4
WH_101279,5138,2,5,3
WH_101280,26151,7,1,4
WH_101281,31075,5,0,5
WH_101282,5115,4,0,3
WH_101283,21062,1,0,6
WH_101284,5151,8,0,2
WH_101285,13119,6,0,6
WH_101286,51140,5,0,6
WH_101288,25088,5,0,4
WH_101289,14115,5,0,6
WH_101290,12094,8,0,2
WH_101291,5142,2,0,2
WH_101292,20082,4,0,5
WH_101293,28119,6,0,6
WH_101294,17095,5,0,2
WH_101295,19099,2,0,5
WH_101296,6150,8,3,1
WH_101297,34099,6,0,3
WH_101298,27135,2,0,4
WH_101299,16134,3,0,3
WH_101300,18094,7,3,2
WH_101301,52091,4,0,3
WH_101302,7115,3,2,6
WH_101303,10106,6,1,5
WH_101304,13105,6,0,6
WH_101305,5087,1,0,3
WH_101306,23084,5,0,5
WH_101307,35058,7,0,2
WH_101308,23066,5,1,5
WH_101309,16149,0,3,3
WH_101310,19133,8,0,5
WH_101311,27109,5,0,2
WH_101312,39102,4,0,2
WH_101313,23097,3,0,6
WH_101314,16059,1,0,5
WH_101315,12061,1,5,6
WH_101316,27131,0,0,4
WH_101317,42135,4,1,2
WH_101318,6082,6,0,1
WH_101319,22075,4,1,3
WH_101321,32104,4,0,2
WH_101322,20135,8,1,4
WH_101323,20128,6,0,3
WH_101325,28094,1,0,5
WH_101326,6077,4,1,3
WH_101327,30139,7,1,3
WH_101328,36072,1,0,3
WH_101329,10089,1,0,3
WH_101330,25121,8,0,6
WH_101331,31089,5,0,6
WH_101332,44114,6,1,2
WH_101333,13123,3,0,5
WH_101334,40094,1,0,4
WH_101335,6076,5,0,2
WH_101336,30102,0,3,3
WH_101337,21079,3,4,4
WH_101338,31055,2,0,3
WH_101339,24099,4,0,3
WH_101340,17111,5,0,5
WH_101341,5143,5,0,2
WH_101342,21135,0,0,4
WH_101343,15137,2,0,5
WH_101344,20087,3,1,6
WH_101345,6060,2,0,5
WH_101346,8136,8,0,2
WH_101347,8059,2,0,3
WH_101348,31071,5,1,3
WH_101349,26125,4,1,4
WH_101350,7137,7,2,1
WH_101351,23124,4,0,6
WH_101352,28099,1,0,3
WH_101353,30080,5,1,5
WH_101354,20130,5,2,2
WH_101355,13132,6,1,4
WH_101356,43141,1,0,2
WH_101357,11105,7,0,4
WH_101359,6116,6,0,2
WH_101360,18111,3,1,2
WH_101361,31057,4,3,2
WH_101362,20061,5,0,2
WH_101363,17095,6,3,6
WH_101365,21129,5,3,6
WH_101366,5075,8,0,2
WH_101367,25149,0,1,4
WH_101368,27077,8,0,5
WH_101369,24099,7,0,4
WH_101370,11108,8,0,6
WH_101371,15106,1,0,2
WH_101372,11114,6,1,6
WH_101373,28056,2,0,6
WH_101374,30069,6,0,5
WH_101375,17107,0,0,3
WH_101376,32114,7,1,4
WH_101377,26107,8,0,4
WH_101378,14073,6,5,3
WH_101379,36133,6,0,3
WH_101380,18093,4,1,5
WH_101381,15062,0,0,1
WH_101382,16113,6,0,3
WH_101383,28083,8,0,2
WH_101384,31124,8,1,5
WH_101385,13061,8,1,2
WH_101386,25056,2,2,4
WH_101387,14060,5,1,5
WH_101388,24087,5,1,5
WH_101389,5137,3,5,3
WH_101390,19056,5,3,5
WH_101391,6074,0,0,6
WH_101392,37102,4,0,5
WH_101393,34072,8,0,2
WH_101394,6057,2,1,1
WH_101395,42136,0,0,6
WH_101396,21146,5,0,1
WH_101397,26135,6,0,6
WH_101398,37140,5,0,6
WH_101399,33131,3,0,3
WH_101400,10147,0,0,6
WH_101401,5139,8,0,2
WH_101402,39115,5,0,5
WH_101403,16099,5,5,5
WH_101404,9075,2,1,5
WH_101405,23130,5,0,3
WH_101406,6125,0,0,3
WH_101407,27145,7,0,6
WH_101408,39079,4,1,6
WH_101409,15087,4,0,1
WH_101410,18093,6,0,4
WH_101411,23131,2,0,6
WH_101412,25144,4,0,1
WH_101413,14068,0,0,5
WH_101414,34073,0,0,6
WH_101415,18065,1,1,2
WH_101416,12145,6,0,2
WH_101417,30147,8,0,2
WH_101418,4057,6,5,2
WH_101419,17069,4,2,6
WH_101420,18133,0,1,2
WH_101421,12104,8,2,6
WH_101422,5067,3,0,3
WH_101423,19061,7,1,3
WH_101424,24135,1,0,2
WH_101425,20108,1,0,2
WH_101426,21095,0,1,5
WH_101427,38114,5,0,5
WH_101428,23079,0,0,2
WH_101429,32103,4,0,4
WH_101430,25092,1,0,3
WH_101431,23072,0,0,2
WH_101432,14105,1,2,5
WH_101433,14078,3,1,3
WH_101434,31138,7,0,3
WH_101435,27069,2,0,4
WH_101436,20071,1,0,5
WH_101437,24095,4,0,4
WH_101438,17112,3,0,6
WH_101439,7104,5,0,1
WH_101440,6055,4,0,5
WH_101441,32140,2,1,6
WH_101442,28124,3,3,3
WH_101443,13130,8,0,3
WH_101444,30082,3,0,5
WH_101445,42091,5,0,3
WH_101446,30099,3,0,2
WH_101447,43058,6,0,4
WH_101448,29078,1,0,3
WH_101449,29146,3,0,6
WH_101450,6105,6,1,1
WH_101451,29122,2,2,4
WH_101452,14065,1,0,1
WH_101453,14130,4,0,2
WH_101454,39112,5,0,5
WH_101455,5096,8,2,5
WH_101456,28092,2,3,3
WH_101457,39056,3,1,3
WH_101458,5077,8,1,3
WH_101459,29096,1,0,2
WH_101460,33118,7,0,3
WH_101461,14091,0,0,2
WH_101462,22090,4,0,4
WH_101463,28137,4,1,3
WH_101464,27094,4,4,6
WH_101465,27063,0,0,6
WH_101466,10103,8,0,3
WH_101467,33134,0,0,4
WH_101468,16133,1,0,2
WH_101469,43112,5,0,2
WH_101470,21087,6,0,4
WH_101471,17095,4,1,2
WH_101472,28139,3,0,4
WH_101473,33099,5,4,4
WH_101474,5085,0,0,1
WH_101475,40137,7,1,4
WH_101476,26114,3,0,6
WH_101477,27117,5,1,2
WH_101478,6107,7,4,3
WH_101479,26080,7,0,5
WH_101480,28079,0,4,2
WH_101481,8105,4,1,3
WH_101482,48142,6,4,5
WH_101483,11081,6,0,5
WH_101484,20073,5,0,6
WH_101486,11133,6,0,6
WH_101487,15055,5,0,3
WH_101488,27114,7,0,3
WH_101489,15079,3,0,6
WH_101490,36125,3,1,4
WH_101491,24067,4,0,4
WH_101493,26137,0,0,4
WH_101494,20069,7,0,4
WH_101495,32080,6,0,4
WH_101496,28145,0,0,3
WH_101497,17083,6,0,3
WH_101498,16063,7,0,5
WH_101499,6144,1,1,2
WH_101500,17132,6,2,6
WH_101502,17098,8,0,6
WH_101503,31088,0,2,3
WH_101504,12125,7,1,1
WH_101505,31079,0,1,6
WH_101506,8100,3,0,3
WH_101507,15123,7,0,2
WH_101508,31094,1,3,4
WH_101509,19116,6,0,4
WH_101510,26120,6,0,5
WH_101511,55057,7,0,6
WH_101512,20125,1,0,2
WH_101513,29120,5,0,5
WH_101514,5076,0,0,3
WH_101515,19070,8,2,2
WH_101516,43099,2,0,5
WH_101517,36120,2,2,5
WH_101518,31086,1,0,5
WH_101519,37124,8,0,2
WH_101520,7139,3,0,2
WH_101521,21080,6,0,2
WH_101522,27063,1,0,3
WH_101523,22082,5,3,6
WH_101524,21078,4,3,4
WH_101525,20115,8,0,4
WH_101526,31089,5,0,3
WH_101527,30097,4,3,6
WH_101528,23099,0,1,3
WH_101529,52097,7,0,3
WH_101530,15142,2,0,3
WH_101531,22071,8,5,4
WH_101532,14127,8,4,2
WH_101533,23146,4,0,5
WH_101534,18092,4,2,3
WH_101535,6074,3,2,5
WH_101536,12122,7,2,6
WH_101537,34112,4,0,3
WH_101538,31142,4,1,3
WH_101539,21120,8,0,4
WH_101540,29138,5,0,4
WH_101541,35106,1,0,5
WH_101542,24126,8,2,6
WH_101543,37150,1,2,3
WH_101544,21143,5,1,3
WH_101545,6111,6,1,1
WH_101546,8129,6,0,1
WH_101547,24064,8,0,5
WH_101548,25089,1,0,6
WH_101549,32139,8,3,6
WH_101550,6136,3,1,3
WH_101551,6097,1,3,1
WH_101552,33063,4,0,3
WH_101553,34137,7,3,3
WH_101554,38143,7,2,2
WH_101555,23127,6,0,4
WH_101556,29102,4,0,6
WH_101557,19146,2,0,3
WH_101558,23077,1,2,6
WH_101559,30121,7,2,2
WH_101560,39063,3,1,4
WH_101561,34059,8,1,3
WH_101562,5108,8,1,2
WH_101563,10114,1,0,1
WH_101564,17122,5,1,4
WH_101565,28062,6,3,6
WH_101566,25130,5,0,4
WH_101567,34128,7,0,2
WH_101568,8131,8,0,1
WH_101569,14135,8,0,4
WH_101570,16070,8,0,2
WH_101571,10064,8,3,6
WH_101572,18058,7,1,5
WH_101573,9144,5,0,1
WH_101574,8101,2,0,1
WH_101575,17065,0,1,5
WH_101576,32115,0,2,6
WH_101577,33100,5,1,4
WH_101578,28086,2,0,6
WH_101579,5151,8,0,2
WH_101580,18129,4,1,3
WH_101581,28060,2,0,4
WH_101582,28122,3,0,5
WH_101583,34137,3,0,2
WH_101584,32084,3,0,6
WH_101585,31107,7,0,2
WH_101586,31099,5,2,4
WH_101587,8127,3,0,2
WH_101588,21125,0,4,3
WH_101589,5071,0,5,2
WH_101590,5148,4,1,3
WH_101591,6057,4,0,2
WH_101592,43065,6,0,2
WH_101593,10088,8,0,3
WH_101594,24058,6,0,6
WH_101595,4141,3,0,1
WH_101596,23086,4,0,4
WH_101597,27056,3,3,2
WH_101598,17068,7,0,5
WH_101599,14138,8,2,5
WH_101600,42141,5,1,2
WH_101601,32118,7,1,6
WH_101602,8104,2,3,2
WH_101603,29095,1,0,2
WH_101604,27089,3,4,5
WH_101605,6114,7,0,1
WH_101606,28131,0,0,4
WH_101607,25112,2,0,3
WH_101608,30088,2,0,3
WH_101609,28130,3,0,5
WH_101610,27114,3,0,5
WH_101611,16097,3,0,5
WH_101612,18076,6,0,2
WH_101613,49097,0,0,6
WH_101614,20122,0,0,6
WH_101615,8105,4,4,1
WH_101616,6113,7,0,1
WH_101617,51105,2,0,6
WH_101618,26089,2,0,3
WH_101619,33127,4,0,6
WH_101620,31071,8,0,1
WH_101621,17137,4,1,2
WH_101622,5081,3,2,3
WH_101623,9131,4,1,3
WH_101624,10065,3,0,2
WH_101625,9077,3,3,6
WH_101626,20117,5,1,4
WH_101627,6088,8,0,1
WH_101628,47120,4,0,3
WH_101629,11111,5,2,5
WH_101630,34124,5,2,2
WH_101631,24058,4,0,2
WH_101632,33131,3,1,5
WH_101633,39088,7,0,4
WH_101634,51140,3,0,6
WH_101635,26119,4,0,5
WH_101636,32128,5,0,4
WH_101637,20088,1,0,2
WH_101638,20148,7,0,3
WH_101639,28079,0,1,6
WH_101640,39132,6,0,2
WH_101641,37126,5,0,4
WH_101642,10104,6,0,3
WH_101643,18124,8,3,2
WH_101644,27133,5,0,4
WH_101645,5118,1,0,1
WH_101646,20121,5,2,3
WH_101647,12150,6,1,2
WH_101648,22121,1,1,4
WH_101649,27112,8,0,5
WH_101651,17137,0,0,4
WH_101652,7089,4,1,2
WH_101653,29074,7,4,4
WH_101654,23061,6,0,4
WH_101655,30139,7,1,4
WH_101656,29131,2,1,2
WH_101657,9127,1,0,2
WH_101659,25130,7,0,2
WH_101660,22109,4,0,1
WH_101661,16133,1,0,2
WH_101663,24108,0,1,5
WH_101664,31083,0,0,3
WH_101665,14094,5,3,6
WH_101666,14135,7,0,3
WH_101667,20143,1,0,5
WH_101668,22122,7,0,3
WH_101669,41075,1,1,4
WH_101670,24069,8,1,4
WH_101671,6130,6,1,3
WH_101672,6119,2,1,1
WH_101673,7123,3,0,6
WH_101674,52120,8,0,2
WH_101675,39063,7,1,5
WH_101676,9151,1,3,2
WH_101677,22109,3,1,2
WH_101678,6085,6,1,2
WH_101679,30078,5,1,4
WH_101680,31097,1,0,2
WH_101682,28057,6,1,6
WH_101683,30114,8,0,6
WH_101684,25088,0,0,6
WH_101685,7137,7,0,1
WH_101686,43131,4,0,3
WH_101687,44132,7,4,6
WH_101688,17119,7,3,4
WH_101689,11122,6,1,2
WH_101690,7133,3,2,2
WH_101691,26149,1,0,4
WH_101692,14130,3,0,3
WH_101693,34149,7,1,5
WH_101694,22123,2,0,3
WH_101695,22086,4,1,5
WH_101696,26094,4,0,4
WH_101697,6099,5,0,2
WH_101698,25141,5,0,5
WH_101699,34091,4,1,3
WH_101700,31061,7,0,5
WH_101701,20143,8,0,1
WH_101702,7130,7,2,2
WH_101703,7071,6,0,1
WH_101704,8149,1,0,3
WH_101705,33072,7,0,3
WH_101706,30089,2,0,5
WH_101707,25114,0,0,5
WH_101708,11117,0,3,4
WH_101709,43114,3,0,3
WH_101710,31141,2,0,2
WH_101711,18072,5,0,1
WH_101712,19056,6,0,2
WH_101713,17097,4,1,2
WH_101714,6142,1,0,2
WH_101715,39085,5,0,3
WH_101716,26134,7,0,4
WH_101717,32096,2,0,5
WH_101718,25142,7,1,3
WH_101719,19094,4,0,5
WH_101720,17130,3,0,4
WH_101721,13110,2,1,6
WH_101722,15151,0,0,1
WH_101723,30064,8,0,4
WH_101724,40093,3,0,5
WH_101725,49068,8,0,6
WH_101726,30123,5,2,2
WH_101727,19055,5,5,5
WH_101728,37060,8,0,6
WH_101729,22065,0,5,4
WH_101730,14059,5,0,6
WH_101731,14067,6,0,3
WH_101732,5061,5,3,2
WH_101733,29081,7,0,5
WH_101734,15102,7,3,2
WH_101735,21125,0,0,3
WH_101736,4097,8,0,2
WH_101737,6128,7,2,3
WH_101738,6142,3,2,6
WH_101739,13081,8,0,2
WH_101740,52131,8,0,5
WH_101741,48110,6,0,2
WH_101742,47131,0,0,2
WH_101743,21143,6,2,2
WH_101745,19073,4,2,4
WH_101746,17065,1,0,2
WH_101747,44091,3,0,4
WH_101748,54130,5,0,6
WH_101749,19112,5,0,4
WH_101750,12101,0,0,1
WH_101751,21145,6,0,3
WH_101752,30108,1,1,3
WH_101753,15110,2,3,6
WH_101754,5119,8,1,5
WH_101755,48061,3,0,5
WH_101756,25120,0,0,2
WH_101757,28110,4,0,5
WH_101758,30142,8,0,2
WH_101759,13070,5,3,2
WH_101760,12128,4,0,2
WH_101761,31098,6,4,6
WH_101762,7145,3,0,1
WH_101763,27065,5,0,2
WH_101764,7145,1,0,2
WH_101765,13078,2,1,6
WH_101766,37099,0,0,2
WH_101767,24151,6,0,3
WH_101769,22074,4,1,6
WH_101770,30099,6,0,2
WH_101771,41079,3,1,4
WH_101772,25144,4,0,2
WH_101773,24116,0,3,5
WH_101774,19056,4,5,4
WH_101775,24108,3,0,5
WH_101776,9072,2,1,4
WH_101777,37111,4,0,4
WH_101778,21056,4,0,3
WH_101779,38063,0,0,4
WH_101780,22119,8,0,5
WH_101781,10069,3,0,1
WH_101782,7057,4,1,3
WH_101783,24125,3,4,4
WH_101784,34108,4,1,2
WH_101785,17148,6,0,1
WH_101786,32135,8,3,2
WH_101787,28120,7,1,3
WH_101788,6072,4,2,2
WH_101789,17090,5,0,5
WH_101790,21068,4,3,4
WH_101791,36108,4,0,4
WH_101792,23118,6,0,5
WH_101793,18098,8,0,3
WH_101794,23144,1,1,2
WH_101795,42145,1,0,4
WH_101796,13069,1,1,5
WH_101797,5070,7,0,1
WH_101798,6106,4,0,1
WH_101799,7099,4,0,3
WH_101800,11079,2,1,2
WH_101801,8055,4,2,2
WH_101802,31146,7,0,3
WH_101803,10072,3,3,1
WH_101804,7055,4,4,2
WH_101805,29058,6,0,6
WH_101806,22111,3,0,4
WH_101807,21056,7,2,4
WH_101808,23085,3,1,6
WH_101809,33062,2,0,5
WH_101810,47142,3,0,4
WH_101811,21078,8,0,2
WH_101812,22083,2,3,2
WH_101813,24144,5,0,4
WH_101814,7108,5,5,5
WH_101815,29088,5,0,3
WH_101816,16074,4,1,4
WH_101817,32123,8,0,3
WH_101818,41097,8,0,2
WH_101819,5084,0,4,1
WH_101820,7149,5,0,4
WH_101821,24148,5,0,1
WH_101822,19132,5,1,4
WH_101823,19147,5,0,4
WH_101824,40146,5,0,4
WH_101825,27108,6,0,4
WH_101826,26066,1,2,6
WH_101827,24076,4,4,6
WH_101828,30107,8,0,6
WH_101829,8147,0,3,2
WH_101830,23143,5,0,6
WH_101831,32112,7,0,3
WH_101833,13064,0,0,2
WH_101834,18072,6,0,2
WH_101836,31147,6,4,6
WH_101837,32055,2,1,5
WH_101838,15064,7,0,6
WH_101839,7111,6,3,6
WH_101840,18139,6,0,1
WH_101841,23122,0,0,4
WH_101842,27088,7,3,5
WH_101843,22060,1,0,6
WH_101844,39127,2,0,6
WH_101845,33113,1,1,2
WH_101846,14059,2,0,5
WH_101847,6133,0,4,1
WH_101848,17077,8,0,4
WH_101849,26140,7,1,5
WH_101850,16126,2,1,2
WH_101851,29057,1,2,2
WH_101852,42089,2,1,4
WH_101853,28091,4,0,6
WH_101854,7151,8,0,1
WH_101855,40091,4,0,2
WH_101856,6145,8,0,1
WH_101857,24129,6,0,2
WH_101858,47062,3,1,2
WH_101859,26071,6,1,5
WH_101860,31121,6,0,4
WH_101861,15124,5,1,2
WH_101862,29056,1,0,5
WH_101863,49151,4,0,6
WH_101864,11058,3,0,5
WH_101865,11125,2,0,1
WH_101866,21059,7,0,5
WH_101867,24114,6,0,6
WH_101868,28080,1,0,4
WH_101869,29070,2,0,3
WH_101870,36115,4,1,4
WH_101871,12130,7,0,6
WH_101872,25100,7,1,2
WH_101873,28098,3,0,2
WH_101874,12136,8,0,2
WH_101875,30138,0,0,5
WH_101876,46109,1,0,6
WH_101877,18128,0,0,4
WH_101878,37144,6,1,4
WH_101879,26150,3,0,3
WH_101880,22078,7,0,6
WH_101881,8067,0,1,3
WH_101882,23086,8,0,2
WH_101883,5130,1,0,2
WH_101884,34097,8,1,5
WH_101885,38102,4,0,5
WH_101886,38091,6,0,5
WH_101887,20135,1,0,4
WH_101888,7080,1,0,4
WH_101890,30105,5,0,4
WH_101891,12116,7,0,5
WH_101893,36064,5,0,2
WH_101894,23091,7,0,4
WH_101895,12118,0,0,5
WH_101896,6088,7,1,2
WH_101897,17095,3,5,3
WH_101898,17095,1,1,4
WH_101899,8083,8,2,6
WH_101900,26128,1,0,6
WH_101901,15124,4,0,5
WH_101902,22107,1,0,4
WH_101903,28096,0,0,3
WH_101904,13109,4,0,1
WH_101905,23126,6,2,3
WH_101906,26078,2,1,4
WH_101907,17103,6,0,6
WH_101908,29072,2,4,5
WH_101909,31145,3,1,5
WH_101910,28140,7,3,6
WH_101911,22086,7,0,4
WH_101912,11075,8,4,2
WH_101913,25094,8,1,4
WH_101914,45106,5,0,3
WH_101915,34059,4,0,3
WH_101916,31134,6,0,2
WH_101917,13058,3,1,6
WH_101918,44100,7,0,2
WH_101920,17064,0,0,6
WH_101921,29117,5,0,2
WH_101922,5129,8,0,2
WH_101923,25090,7,2,2
WH_101924,17122,1,2,4
WH_101925,21064,8,1,4
WH_101926,19085,6,0,1
WH_101927,5085,1,1,3
WH_101928,6058,4,3,3
WH_101929,18134,4,4,2
WH_101930,21090,2,1,3
WH_101931,6093,7,3,3
WH_101932,40137,5,0,2
WH_101933,12113,3,1,6
WH_101934,15137,7,1,1
WH_101935,20102,6,2,5
WH_101937,15137,0,0,3
WH_101938,23151,5,1,2
WH_101939,10084,3,1,5
WH_101940,5085,8,0,3
WH_101941,31056,5,4,4
WH_101942,21088,2,0,5
WH_101943,29055,1,0,6
WH_101944,24100,3,0,6
WH_101945,30086,1,4,4
WH_101946,14131,0,0,5
WH_101947,26127,2,0,6
WH_101948,6081,4,0,3
WH_101949,14086,2,1,3
WH_101950,6129,0,2,5
WH_101951,36093,7,0,5
WH_101952,41149,0,1,4
WH_101953,31059,4,1,4
WH_101954,15126,3,1,1
WH_101955,27107,4,0,6
WH_101956,25085,6,0,5
WH_101957,19139,7,0,4
WH_101958,15112,6,0,4
WH_101959,19131,4,0,6
WH_101960,51141,1,1,5
WH_101961,13107,8,2,5
WH_101962,34129,7,2,5
WH_101963,28058,6,0,2
WH_101964,10131,2,0,2
WH_101965,25116,8,0,1
WH_101966,7086,6,0,3
WH_101967,7132,6,1,2
WH_101968,28111,4,0,2
WH_101969,25061,7,2,3
WH_101970,29073,7,3,4
WH_101971,34082,1,2,2
WH_101972,18070,3,0,5
WH_101973,26056,0,0,4
WH_101974,18123,5,0,4
WH_101975,24131,8,1,5
WH_101976,31098,7,1,6
WH_101977,24076,4,0,2
WH_101978,31071,0,5,6
WH_101979,5063,2,1,2
WH_101980,16060,1,3,4
WH_101981,18086,3,0,3
WH_101982,21132,0,0,5
WH_101983,25120,5,0,6
WH_101984,13067,6,2,4
WH_101985,24113,5,0,6
WH_101986,25136,7,1,5
WH_101987,39093,8,0,2
WH_101988,13084,1,1,2
WH_101989,30112,1,3,3
WH_101990,31058,5,4,6
WH_101991,34118,2,3,3
WH_101992,29109,4,0,3
WH_101993,17074,1,0,2
WH_101994,30071,1,2,2
WH_101995,7110,5,3,3
WH_101996,14094,4,0,5
WH_101997,7111,5,1,6
WH_101998,7106,4,1,4
WH_101999,5086,5,1,2
WH_102000,27086,1,0,4
WH_102002,17122,7,0,4
WH_102003,34133,6,3,5
WH_102004,40123,5,1,3
WH_102005,35100,6,0,3
WH_102006,25088,8,3,3
WH_102007,21132,3,0,4
WH_102008,40077,0,0,4
WH_102009,20122,7,0,3
WH_102010,9139,3,0,1
WH_102011,22098,3,0,4
WH_102012,34138,3,1,4
WH_102013,18125,8,3,3
WH_102014,33136,6,0,5
WH_102015,12056,5,1,2
WH_102016,15091,4,1,5
WH_102018,11120,4,1,5
WH_102019,14144,6,0,3
WH_102020,42071,3,1,6
WH_102021,25124,8,0,4
WH_102022,24060,6,2,5
WH_102023,18150,2,0,5
WH_102024,31134,3,4,4
WH_102025,7139,3,2,2
WH_102026,38070,8,0,4
WH_102027,6058,8,3,5
WH_102028,25097,7,0,3
WH_102029,27101,0,0,6
WH_102030,27061,2,0,6
WH_102031,24066,5,0,4
WH_102032,7113,0,4,2
WH_102033,6067,1,0,3
WH_102034,18138,8,0,2
WH_102035,38120,6,1,5
WH_102036,23148,5,0,5
WH_102037,5059,0,3,2
WH_102038,21100,4,1,3
WH_102039,18104,0,1,5
WH_102040,7108,7,0,1
WH_102041,18118,7,0,6
WH_102042,21065,1,1,3
WH_102043,5118,1,0,3
WH_102044,35107,6,1,6
WH_102045,22147,8,2,3
WH_102046,12065,5,1,3
WH_102047,37113,1,0,6
WH_102049,15137,0,1,6
WH_102050,33071,1,1,3
WH_102051,19151,4,1,3
WH_102052,24143,5,3,4
WH_102054,42143,5,0,5
WH_102055,17147,8,5,1
WH_102056,26103,7,0,5
WH_102057,17118,3,1,3
WH_102058,26104,2,0,2
WH_102059,25064,7,0,6
WH_102060,14126,5,0,2
WH_102061,7144,5,3,3
WH_102062,25091,6,0,3
WH_102063,25079,5,1,3
WH_102064,33063,5,4,3
WH_102065,11116,5,0,5
WH_102066,50116,7,0,6
WH_102067,23107,7,1,3
WH_102068,36078,8,0,6
WH_102069,17139,0,1,4
WH_102070,33127,3,0,5
WH_102071,34066,5,2,4
WH_102072,17120,3,2,3
WH_102074,28105,4,0,4
WH_102075,11101,0,0,4
WH_102076,14151,7,3,6
WH_102077,21123,4,2,5
WH_102078,8075,5,2,2
WH_102079,18149,0,1,3
WH_102080,24080,7,0,2
WH_102081,23079,8,0,6
WH_102082,15069,8,0,4
WH_102083,23102,1,0,5
WH_102084,30072,1,0,5
WH_102085,19061,7,0,6
WH_102086,7136,7,0,4
WH_102087,31115,5,1,5
WH_102088,28104,7,0,3
WH_102089,8056,2,1,1
WH_102090,6075,8,0,3
WH_102091,9120,5,2,4
WH_102092,17089,1,1,6
WH_102093,25083,2,0,2
WH_102094,18093,4,1,6
WH_102095,37129,2,0,3
WH_102096,18080,1,3,4
WH_102097,9061,1,0,2
WH_102098,13080,6,3,5
WH_102099,22055,1,1,4
WH_102100,29074,8,0,4
WH_102101,28121,7,3,4
WH_102102,35079,2,0,6
WH_102103,48069,5,0,4
WH_102104,35100,7,0,2
WH_102105,37100,0,1,3
WH_102106,13080,2,0,3
WH_102107,32077,1,1,2
WH_102108,7087,7,0,6
WH_102109,12120,1,0,3
WH_102110,11120,2,0,1
WH_102111,14097,2,2,6
WH_102112,23099,5,0,2
WH_102113,17081,7,0,1
WH_102114,26067,8,0,2
WH_102115,32131,0,1,2
WH_102116,13102,7,0,6
WH_102117,21119,1,0,5
WH_102118,38113,4,0,6
WH_102119,29089,8,4,4
WH_102120,29087,3,3,4
WH_102121,12099,8,0,2
WH_102122,31123,1,0,6
WH_102123,7102,5,2,1
WH_102124,32071,6,0,4
WH_102125,13137,0,0,5
WH_102126,31062,4,0,6
WH_102127,6117,8,0,2
WH_102128,29065,2,0,6
WH_102129,16127,4,2,2
WH_102130,27134,5,0,6
WH_102131,31080,6,0,2
WH_102132,13101,0,0,5
WH_102133,23126,2,0,5
WH_102134,19145,5,0,6
WH_102135,32087,1,0,3
WH_102136,25094,1,0,3
WH_102137,11130,2,3,4
WH_102138,8060,7,1,3
WH_102139,30120,3,0,2
WH_102140,22061,8,4,3
WH_102141,17121,2,2,4
WH_102142,27120,4,1,2
WH_102143,8139,4,1,1
WH_102144,7063,6,0,5
WH_102145,14142,6,0,6
WH_102146,23110,6,0,3
WH_102147,14100,1,2,3
WH_102148,24092,4,0,5
WH_102149,29115,0,1,3
WH_102150,23071,4,0,3
WH_102151,21128,3,0,2
WH_102152,21123,4,3,2
WH_102154,6068,4,2,3
WH_102155,42107,3,0,5
WH_102156,32117,6,0,4
WH_102157,39123,0,0,3
WH_102158,13058,4,0,5
WH_102159,31061,8,0,6
WH_102160,32065,6,4,6
WH_102161,37151,8,0,2
WH_102162,46092,4,0,6
WH_102163,29123,7,4,4
WH_102164,21107,3,2,5
WH_102165,28126,7,0,5
WH_102166,13069,4,4,2
WH_102167,32108,6,0,6
WH_102168,13117,7,3,2
WH_102169,22086,3,0,6
WH_102170,17128,5,3,6
WH_102171,25083,0,0,3
WH_102172,38123,0,0,5
WH_102173,32077,8,0,2
WH_102175,27117,0,0,5
WH_102176,28062,7,0,2
WH_102177,31099,8,2,6
WH_102178,33079,5,0,6
WH_102179,27131,3,1,5
WH_102180,32126,8,3,5
WH_102181,32093,5,0,6
WH_102182,12129,6,1,2
WH_102183,27073,7,3,2
WH_102184,23132,6,0,5
WH_102185,25102,1,0,6
WH_102186,17119,5,3,3
WH_102188,30087,5,0,6
WH_102189,27117,2,0,3
WH_102190,40142,2,2,3
WH_102191,28134,8,0,4
WH_102192,50055,0,1,5
WH_102193,32148,1,1,2
WH_102194,7079,8,2,2
WH_102195,53081,3,0,5
WH_102196,31134,3,3,5
WH_102197,17141,3,0,4
WH_102198,12081,6,0,1
WH_102199,16146,7,4,3
WH_102200,40113,5,0,3
WH_102201,40113,8,0,5
WH_102202,36137,0,0,5
WH_102203,16150,2,1,3
WH_102204,40127,1,0,2
WH_102205,35105,8,1,3
WH_102206,9142,3,1,2
WH_102207,30136,8,0,3
WH_102208,30138,7,0,3
WH_102209,5137,0,2,1
WH_102210,32068,0,0,3
WH_102211,25095,0,0,4
WH_102212,29075,3,4,4
WH_102213,14077,2,2,6
WH_102214,38120,1,0,3
WH_102215,18125,5,4,1
WH_102216,34129,6,0,2
WH_102217,32115,8,0,4
WH_102218,26140,3,0,6
WH_102219,24145,7,0,3
WH_102220,7134,4,0,3
WH_102221,22088,3,0,4
WH_102222,15061,8,1,4
WH_102223,15123,6,3,2
WH_102224,49128,3,1,4
WH_102226,22105,5,0,6
WH_102227,41103,5,0,4
WH_102229,25134,1,4,5
WH_102230,9072,7,0,3
WH_102231,16079,6,0,6
WH_102232,14082,0,2,6
WH_102233,9124,1,0,2
WH_102234,10064,3,4,6
WH_102235,34113,1,0,6
WH_102236,13079,3,0,5
WH_102237,31107,2,0,6
WH_102238,37076,8,1,4
WH_102239,34094,4,1,2
WH_102240,37121,5,0,5
WH_102241,25126,2,2,6
WH_102242,37127,1,0,3
WH_102243,35059,1,1,4
WH_102244,31100,6,0,3
WH_102245,36143,4,0,4
WH_102246,8098,8,0,3
WH_102247,14095,6,0,4
WH_102248,7127,0,0,3
WH_102249,32141,7,2,2
WH_102250,39132,5,0,5
WH_102251,29109,3,3,2
WH_102252,45103,4,1,5
WH_102253,41062,7,0,6
WH_102255,12102,5,0,2
WH_102256,28130,1,2,4
WH_102257,18114,3,3,2
WH_102258,19128,1,0,4
WH_102259,10109,0,2,3
WH_102260,47087,1,0,5
WH_102261,5126,8,0,2
WH_102262,7089,5,0,1
WH_102263,7082,7,3,2
WH_102264,7102,7,0,3
WH_102265,29137,8,3,6
WH_102266,16055,3,0,5
WH_102267,12119,1,2,5
WH_102268,26098,4,0,1
WH_102269,19078,0,1,4
WH_102270,52089,4,0,5
WH_102271,8063,8,3,1
WH_102272,7129,1,4,5
WH_102274,33134,8,0,3
WH_102275,27074,8,1,3
WH_102276,31150,0,0,3
WH_102277,23136,4,1,4
WH_102278,32148,6,2,3
WH_102279,17139,8,0,4
WH_102280,49072,8,0,3
WH_102281,19074,1,1,4
WH_102282,31089,7,0,3
WH_102283,6057,6,0,3
WH_102284,14140,3,0,4
WH_102285,24133,2,0,2
WH_102286,37118,0,0,5
WH_102287,37056,3,0,4
WH_102288,23144,1,0,4
WH_102289,26144,8,0,5
WH_102290,31128,4,1,6
WH_102291,11061,8,1,6
WH_102292,6105,8,0,2
WH_102293,6062,2,1,2
WH_102294,29133,3,2,2
WH_102295,6060,5,0,3
WH_102296,15057,0,3,6
WH_102297,18119,1,5,5
WH_102298,5130,4,2,3
WH_102299,26056,4,0,6
WH_102300,17136,0,0,6
WH_102302,32095,8,0,3
WH_102303,26106,4,0,1
WH_102304,31059,8,0,2
WH_102305,50139,2,0,2
WH_102306,53137,0,0,3
WH_102307,16074,3,0,1
WH_102309,24119,8,0,3
WH_102310,30117,2,0,3
WH_102311,7117,6,0,3
WH_102312,22147,6,3,6
WH_102313,32104,3,4,3
WH_102314,43112,0,2,4
WH_102315,34136,8,0,2
WH_102316,35145,5,0,3
WH_102317,28089,1,0,3
WH_102318,33096,7,3,5
WH_102319,31118,2,0,6
WH_102320,6150,5,0,3
WH_102321,8055,1,1,2
WH_102322,48116,1,0,5
WH_102323,28127,3,0,2
WH_102324,20149,3,0,5
WH_102325,12137,2,1,2
WH_102326,27085,1,0,4
WH_102327,30092,7,0,3
WH_102328,31132,6,1,6
WH_102329,21133,1,0,3
WH_102330,31110,0,0,6
WH_102331,35074,8,2,5
WH_102332,29090,6,0,5
WH_102334,23138,5,0,1
WH_102335,31099,0,0,2
WH_102336,20089,8,0,1
WH_102337,7140,1,0,2
WH_102338,8108,6,0,3
WH_102339,15135,2,0,2
WH_102340,23136,7,0,3
WH_102341,38090,8,0,4
WH_102342,28139,1,1,4
WH_102343,32118,8,0,6
WH_102344,32055,3,1,4
WH_102345,14077,7,0,6
WH_102346,30074,7,0,6
WH_102347,14137,4,0,3
WH_102348,24069,8,0,4
WH_102349,32108,3,1,6
WH_102350,18061,2,0,3
WH_102351,6065,0,0,2
WH_102352,8119,3,2,5
WH_102353,39073,5,0,5
WH_102354,14055,3,1,6
WH_102355,51062,1,0,4
WH_102356,15143,2,0,2
WH_102357,14069,2,1,4
WH_102358,27058,2,1,3
WH_102359,28137,7,3,3
WH_102360,16078,0,0,3
WH_102361,16125,5,4,5
WH_102362,21065,3,1,5
WH_102363,45122,8,0,6
WH_102364,15094,1,0,4
WH_102365,5057,0,0,3
WH_102366,7071,1,0,1
WH_102367,24088,1,1,3
WH_102368,39055,1,2,6
WH_102369,50144,4,0,6
WH_102370,23076,2,1,5
WH_102371,7142,5,0,2
WH_102372,16145,3,0,5
WH_102373,25143,3,0,2
WH_102374,44113,6,0,3
WH_102375,8089,2,0,3
WH_102376,41092,8,0,4
WH_102377,29099,7,2,4
WH_102378,6076,3,0,1
WH_102379,6090,7,0,1
WH_102380,24103,4,0,6
WH_102381,11067,1,1,4
WH_102382,31111,1,1,5
WH_102383,38119,3,0,3
WH_102384,34108,4,0,5
WH_102385,29068,3,0,3
WH_102386,20079,2,1,4
WH_102388,9085,0,1,4
WH_102389,8097,0,0,6
WH_102390,17126,7,0,3
WH_102391,21134,8,3,1
WH_102393,13064,8,1,1
WH_102394,45137,1,0,6
WH_102395,32140,0,0,6
WH_102396,5127,5,1,4
WH_102397,34118,8,2,2
WH_102398,32115,5,0,4
WH_102399,31111,8,0,3
WH_102400,27098,3,0,6
WH_102401,45114,3,0,2
WH_102402,16111,7,0,1
WH_102403,11119,0,0,2
WH_102404,30070,6,0,5
WH_102405,16144,0,0,2
WH_102406,6102,7,0,1
WH_102407,22093,0,0,3
WH_102408,21101,6,4,2
WH_102409,34111,0,0,5
WH_102410,45094,7,1,3
WH_102411,27102,5,1,6
WH_102412,17132,7,1,3
WH_102413,13104,0,1,5
WH_102414,7096,0,0,1
WH_102415,7117,4,0,3
WH_102416,36084,8,2,2
WH_102417,15145,0,1,3
WH_102418,23127,7,0,2
WH_102419,12102,1,1,3
WH_102420,21058,5,0,4
WH_102421,24068,8,0,3
WH_102422,18114,0,1,6
WH_102423,21126,1,1,3
WH_102424,18133,5,0,3
WH_102425,7104,8,4,2
WH_102426,30058,3,0,5
WH_102427,25126,1,1,2
WH_102428,41097,7,0,6
WH_102429,25142,7,3,4
WH_102430,6142,6,1,1
WH_102431,39059,8,0,5
WH_102432,6142,8,4,2
WH_102433,31108,5,0,3
WH_102434,29141,8,0,3
WH_102435,34062,4,0,2
WH_102436,24121,6,0,6
WH_102437,12134,3,3,3
WH_102438,12123,5,0,6
WH_102439,26067,7,2,5
WH_102440,12130,3,0,5
WH_102441,38131,7,1,4
WH_102443,25133,5,1,4
WH_102444,29144,8,0,4
WH_102445,22067,6,0,3
WH_102446,31128,0,0,2
WH_102447,16145,5,1,3
WH_102449,48116,8,0,6
WH_102450,21081,6,0,6
WH_102451,40142,7,1,5
WH_102452,8092,5,3,1
WH_102453,38148,1,1,5
WH_102454,28120,6,0,5
WH_102455,23148,8,2,6
WH_102456,23106,8,0,4
WH_102457,7082,6,3,3
WH_102458,7150,4,0,1
WH_102459,5096,3,3,2
WH_102460,17133,1,2,4
WH_102461,18119,3,0,4
WH_102462,31123,0,0,3
WH_102463,23071,8,1,5
WH_102464,34061,0,2,6
WH_102465,5065,6,0,2
WH_102466,27108,4,0,3
WH_102467,18118,4,2,6
WH_102468,9058,0,0,2
WH_102469,26131,1,0,2
WH_102470,18148,7,2,4
WH_102471,47105,5,0,4
WH_102472,23118,1,0,2
WH_102473,5098,1,1,1
WH_102474,25116,4,0,3
WH_102475,16138,7,0,3
WH_102476,28106,1,1,5
WH_102477,27132,3,0,2
WH_102478,19073,8,0,4
WH_102479,6100,5,3,1
WH_102480,29093,7,3,2
WH_102481,31097,8,0,5
WH_102482,24138,8,0,6
WH_102483,13143,6,0,2
WH_102484,18086,7,0,3
WH_102485,32079,7,5,4
WH_102487,51094,1,2,5
WH_102488,6085,2,0,5
WH_102489,25136,1,0,5
WH_102490,31068,5,0,5
WH_102491,47074,4,0,6
WH_102492,6104,5,4,1
WH_102493,14117,0,3,2
WH_102494,16131,7,2,4
WH_102495,35118,4,1,4
WH_102496,15092,3,0,3
WH_102497,37104,1,0,5
WH_102498,25078,6,0,5
WH_102499,13121,7,0,2
WH_102500,39125,7,1,3
WH_102501,30134,4,0,3
WH_102502,24148,4,0,5
WH_102503,28093,0,0,1
WH_102504,40115,4,0,6
WH_102505,10107,8,0,4
WH_102506,25055,4,0,4
WH_102508,22076,4,0,4
WH_102509,7100,2,2,4
WH_102510,19129,4,0,2
WH_102511,30070,8,3,5
WH_102512,30130,0,0,1
WH_102513,28133,8,0,2
WH_102514,32095,7,3,5
WH_102515,22116,0,2,4
WH_102516,15123,5,0,1
WH_102517,7063,5,3,2
WH_102518,32081,8,3,5
WH_102519,52124,0,0,3
WH_102521,51065,1,0,2
WH_102522,13107,2,0,3
WH_102523,20080,0,0,1
WH_102524,27136,8,3,3
WH_102525,16080,6,0,4
WH_102526,52059,3,0,3
WH_102527,6083,8,1,3
WH_102528,18089,6,1,2
WH_102529,22132,2,0,3
WH_102530,24074,4,0,4
WH_102531,19127,2,4,6
WH_102532,31064,8,0,4
WH_102533,30117,3,0,6
WH_102534,14108,8,0,2
WH_102535,55067,5,0,2
WH_102536,9056,0,0,4
WH_102537,6131,6,3,6
WH_102538,15138,6,2,6
WH_102539,7134,2,0,1
WH_102540,23059,4,0,2
WH_102541,38110,8,0,4
WH_102542,17137,1,2,6
WH_102543,21093,4,0,2
WH_102544,14147,6,0,3
WH_102545,21078,2,0,2
WH_102546,36063,1,0,3
WH_102547,24105,5,0,2
WH_102548,39072,1,0,3
WH_102549,28077,1,0,6
WH_102550,36134,5,0,3
WH_102551,31090,8,3,5
WH_102552,28104,4,0,3
WH_102553,6113,3,0,2
WH_102554,33056,7,0,4
WH_102555,35110,7,1,2
WH_102556,28102,8,0,5
WH_102557,28056,8,2,5
WH_102558,39117,4,0,5
WH_102559,7057,3,4,3
WH_102560,15132,5,0,3
WH_102561,29059,4,0,4
WH_102562,26095,0,0,1
WH_102563,22089,6,1,6
WH_102564,42145,4,1,2
WH_102565,21109,3,0,6
WH_102566,13068,2,0,4
WH_102567,17072,4,5,6
WH_102568,21081,6,0,4
WH_102569,5087,5,3,5
WH_102570,18088,4,1,5
WH_102571,7078,4,0,5
WH_102572,50090,7,0,3
WH_102573,7061,8,0,2
WH_102574,5056,7,1,1
WH_102575,6085,5,2,3
WH_102576,35064,2,0,2
WH_102577,27112,5,5,4
WH_102578,13129,8,0,3
WH_102579,6060,7,0,1
WH_102580,20055,7,0,4
WH_102581,13094,1,0,2
WH_102582,5116,2,5,3
WH_102583,49133,7,0,5
WH_102584,22117,5,0,4
WH_102585,34112,8,2,4
WH_102586,22130,3,2,2
WH_102587,9122,3,1,3
WH_102588,7091,2,0,1
WH_102589,38095,2,1,4
WH_102590,23063,0,0,3
WH_102591,14117,4,0,2
WH_102592,6090,4,3,4
WH_102593,39113,3,0,3
WH_102594,38139,7,0,2
WH_102595,5102,7,3,2
WH_102596,29101,0,2,3
WH_102597,43087,3,0,6
WH_102598,26101,0,0,1
WH_102599,14115,4,0,4
WH_102600,27056,4,0,5
WH_102601,32103,2,0,5
WH_102602,29134,0,3,6
WH_102603,11120,5,0,4
WH_102604,37143,4,0,3
WH_102605,28125,0,0,3
WH_102606,8097,6,0,1
WH_102607,17067,1,1,6
WH_102608,45151,0,0,4
WH_102609,24109,3,0,4
WH_102611,31087,5,0,3
WH_102612,28151,3,3,6
WH_102613,22106,0,0,3
WH_102614,29085,8,1,5
WH_102615,30105,3,0,3
WH_102616,32144,3,3,6
WH_102617,19109,0,3,3
WH_102618,16125,7,0,5
WH_102619,31133,3,0,3
WH_102620,12143,0,0,1
WH_102621,24127,5,0,6
WH_102622,6119,4,3,1
WH_102623,49101,3,0,3
WH_102624,6081,5,1,2
WH_102625,40129,7,0,4
WH_102626,36116,3,0,5
WH_102627,25074,0,0,5
WH_102628,53150,6,0,4
WH_102629,45104,6,0,6
WH_102630,11144,1,3,1
WH_102631,28100,7,1,3
WH_102632,30061,2,3,4
WH_102633,26111,7,1,5
WH_102634,8101,5,0,3
WH_102635,29091,3,0,6
WH_102636,33124,3,2,5
WH_102637,6088,0,3,4
WH_102638,18064,5,2,3
WH_102639,38108,6,1,4
WH_102640,25131,2,3,5
WH_102641,19125,3,1,5
WH_102642,21055,4,3,6
WH_102643,26086,0,1,2
WH_102644,25127,8,0,3
WH_102645,25083,4,0,2
WH_102646,12147,7,0,2
WH_102647,31080,5,0,2
WH_102648,5077,0,0,1
WH_102649,8147,5,0,2
WH_102650,29139,0,1,6
WH_102651,27105,7,1,3
WH_102652,25137,3,0,3
WH_102653,34111,0,2,3
WH_102654,5094,6,0,3
WH_102655,26145,5,0,4
WH_102656,32137,3,3,5
WH_102657,14127,6,4,1
WH_102658,13091,7,0,5
WH_102659,45120,5,0,5
WH_102660,8093,6,3,1
WH_102661,25113,4,0,1
WH_102662,30085,2,0,5
WH_102663,23089,8,0,4
WH_102664,23082,4,0,5
WH_102665,8108,6,0,1
WH_102666,44101,5,0,3
WH_102667,27100,4,1,3
WH_102668,27058,5,0,3
WH_102669,31095,4,0,3
WH_102670,23090,7,0,3
WH_102671,23070,1,0,4
WH_102672,5073,4,0,4
WH_102673,7079,7,3,3
WH_102674,6074,6,1,1
WH_102675,19122,4,1,2
WH_102676,5130,6,5,1
WH_102677,6079,2,1,2
WH_102678,22071,6,0,4
WH_102679,5067,0,0,1
WH_102680,32083,0,1,3
WH_102681,18067,4,1,2
WH_102682,14055,3,0,4
WH_102683,27064,5,1,2
WH_102684,14103,4,0,6
WH_102685,7060,8,0,3
WH_102686,21078,6,0,6
WH_102687,42082,1,0,4
WH_102688,21064,6,1,5
WH_102689,20090,7,0,5
WH_102690,27147,5,1,4
WH_102691,47099,4,0,5
WH_102692,23141,1,0,1
WH_102693,17143,4,3,2
WH_102694,10110,2,1,3
WH_102695,7074,4,0,2
WH_102696,39125,3,0,4
WH_102697,30092,6,0,4
WH_102698,20088,7,0,4
WH_102699,15070,1,1,4
WH_102700,29060,5,1,3
WH_102701,19067,1,1,3
WH_102702,8061,6,1,5
WH_102703,20106,1,0,5
WH_102704,11116,1,1,3
WH_102705,32108,3,0,2
WH_102706,30113,0,0,6
WH_102707,30114,3,0,3
WH_102708,8148,5,0,1
WH_102709,27070,5,0,2
WH_102710,8102,3,0,2
WH_102711,23073,1,0,5
WH_102712,19090,5,1,5
WH_102713,8083,1,0,3
WH_102714,5098,3,5,4
WH_102715,14066,6,0,1
WH_102716,22066,4,3,6
WH_102717,42091,6,0,6
WH_102718,12093,2,0,3
WH_102719,28142,5,1,5
WH_102720,21057,7,0,6
WH_102721,12138,2,2,5
WH_102722,52088,8,0,4
WH_102723,31070,1,0,4
WH_102724,32128,2,2,4
WH_102725,5098,5,2,6
WH_102726,12099,8,0,3
WH_102727,37108,7,0,6
WH_102728,5109,3,0,2
WH_102729,26058,1,0,2
WH_102730,31063,5,0,3
WH_102731,6063,3,4,2
WH_102732,8063,7,0,3
WH_102733,33070,4,3,4
WH_102734,18081,2,0,3
WH_102735,41074,6,1,2
WH_102736,23113,4,0,4
WH_102737,23101,1,0,1
WH_102738,5146,7,1,1
WH_102739,13098,6,1,2
WH_102740,24121,3,1,5
WH_102741,29134,4,0,5
WH_102742,7116,2,1,1
WH_102743,26101,0,0,5
WH_102745,25068,8,1,4
WH_102746,25102,3,3,2
WH_102747,23061,5,3,2
WH_102748,31072,4,0,5
WH_102749,32108,7,0,4
WH_102750,27129,5,1,6
WH_102751,24083,7,0,3
WH_102752,31146,3,0,6
WH_102753,21085,8,3,4
WH_102754,19068,4,1,5
WH_102755,29107,7,0,3
WH_102756,19060,7,1,6
WH_102757,17075,5,2,5
WH_102758,11150,7,1,2
WH_102759,39082,8,0,2
WH_102760,13075,8,0,4
WH_102762,21077,1,0,6
WH_102763,34107,0,0,6
WH_102764,6073,4,3,6
WH_102765,15072,5,0,2
WH_102766,9067,4,0,2
WH_102767,8108,6,0,3
WH_102768,5144,6,1,2
WH_102769,26095,5,0,4
WH_102770,26130,1,2,5
WH_102771,46062,6,0,6
WH_102772,20103,2,0,2
WH_102773,7124,4,0,2
WH_102774,18149,7,0,1
WH_102775,17110,0,0,2
WH_102776,16122,8,2,2
WH_102777,25118,0,3,6
WH_102778,17114,5,1,1
WH_102779,36095,3,1,2
WH_102780,17126,1,1,1
WH_102781,25061,0,2,4
WH_102782,28062,2,0,5
WH_102783,54057,1,0,2
WH_102784,31096,5,0,4
WH_102785,16129,1,0,2
WH_102786,6145,1,1,3
WH_102787,26089,8,0,4
WH_102788,25129,6,1,2
WH_102789,12150,4,0,1
WH_102790,22062,6,4,4
WH_102791,20076,5,0,6
WH_102793,40102,7,0,6
WH_102794,31066,7,0,3
WH_102795,5132,7,3,2
WH_102796,36115,8,2,3
WH_102797,26118,6,0,6
WH_102798,12126,7,1,2
WH_102799,10150,7,0,3
WH_102800,18073,1,0,5
WH_102801,16095,7,0,4
WH_102802,26057,0,0,3
WH_102803,39098,4,1,5
WH_102805,6148,2,2,1
WH_102806,23087,6,0,4
WH_102807,30105,7,0,6
WH_102808,21093,3,1,4
WH_102809,24077,7,0,2
WH_102810,31102,4,0,3
WH_102812,17070,6,0,1
WH_102813,12127,5,0,5
WH_102814,42065,8,0,4
WH_102815,10088,2,0,3
WH_102816,14069,1,0,4
WH_102817,21066,8,0,5
WH_102818,12075,3,1,5
WH_102819,21127,0,0,4
WH_102820,17077,4,0,2
WH_102821,22067,7,1,4
WH_102822,21062,0,0,6
WH_102823,31074,6,0,6
WH_102824,20078,7,3,6
WH_102825,45081,7,0,2
WH_102826,6119,2,0,3
WH_102827,24060,8,0,2
WH_102828,24134,6,0,2
WH_102829,7119,7,1,1
WH_102830,28122,3,0,3
WH_102831,30132,5,1,3
WH_102832,9124,1,1,1
WH_102833,29100,5,0,5
WH_102834,36061,3,0,5
WH_102835,11133,0,1,1
WH_102836,27093,6,1,4
WH_102837,12060,8,0,5
WH_102838,17146,5,0,5
WH_102839,14066,5,1,3
WH_102840,22151,1,2,5
WH_102841,31103,1,5,4
WH_102842,17107,4,3,5
WH_102844,29138,3,0,3
WH_102845,51057,3,0,4
WH_102846,8086,8,0,3
WH_102847,24061,3,0,4
WH_102848,18076,6,0,4
WH_102849,42130,7,0,6
WH_102850,26110,6,0,4
WH_102851,23134,3,1,6
WH_102852,27073,5,0,2
WH_102853,42130,0,0,5
WH_102854,22106,6,0,4
WH_102855,8108,3,0,3
WH_102856,31076,8,3,4
WH_102857,29083,8,0,4
WH_102858,33060,0,0,5
WH_102859,24117,4,0,5
WH_102860,6073,7,2,4
WH_102861,26087,0,4,4
WH_102862,5144,7,0,1
WH_102863,25107,4,0,2
WH_102864,46064,7,0,6
WH_102865,17112,5,1,2
WH_102866,27055,5,0,4
WH_102867,33119,8,0,2
WH_102868,13068,6,0,4
WH_102869,14098,8,3,5
WH_102870,12131,0,0,6
WH_102871,25093,3,1,3
WH_102872,24135,6,0,5
WH_102873,6123,1,0,1
WH_102875,24078,3,0,2
WH_102876,48110,1,0,3
WH_102877,32068,6,1,6
WH_102878,16101,4,1,3
WH_102880,29065,7,2,3
WH_102881,7127,8,0,3
WH_102883,24133,5,0,4
WH_102884,17056,4,0,2
WH_102885,31083,7,0,5
WH_102886,50137,1,0,2
WH_102887,32134,5,0,2
WH_102888,6066,8,5,2
WH_102889,20151,8,0,4
WH_102890,15089,7,1,6
WH_102891,33136,7,1,2
WH_102892,24142,6,0,5
WH_102893,28120,3,3,2
WH_102894,20149,3,1,2
WH_102895,25123,8,2,1
WH_102896,21101,7,2,4
WH_102897,38132,0,1,5
WH_102898,14057,3,2,5
WH_102899,34132,5,1,6
WH_102900,48116,1,0,3
WH_102901,15119,4,0,3
WH_102902,25068,1,0,1
WH_102903,6143,8,5,2
WH_102904,31111,5,2,3
WH_102905,28135,8,0,2
WH_102906,6098,5,4,2
WH_102907,24070,7,0,1
WH_102908,30097,1,2,2
WH_102909,24086,4,0,6
WH_102910,18103,3,0,4
WH_102911,26101,6,1,6
WH_102912,25085,8,0,6
WH_102913,10091,0,0,1
WH_102914,20058,6,0,3
WH_102915,24113,3,1,6
WH_102916,23079,1,0,2
WH_102917,8133,5,0,3
WH_102918,27065,1,0,1
WH_102919,26124,2,3,5
WH_102921,33116,8,1,3
WH_102922,17129,6,0,4
WH_102923,23084,8,0,1
WH_102924,25146,7,0,3
WH_102925,13073,0,2,1
WH_102926,17114,0,1,3
WH_102927,43061,3,0,5
WH_102928,6078,8,4,3
WH_102929,29092,4,0,3
WH_102931,24136,6,0,5
WH_102932,39086,0,0,6
WH_102933,26060,1,0,4
WH_102934,12146,5,0,6
WH_102935,10066,8,0,1
WH_102936,27112,6,0,6
WH_102937,18133,7,0,6
WH_102938,16080,8,1,5
WH_102940,26085,7,3,6
WH_102941,26091,3,1,3
WH_102942,6094,7,1,1
WH_102943,18135,6,0,1
WH_102944,27138,7,5,3
WH_102945,49112,0,0,3
WH_102946,23082,6,0,2
WH_102947,26129,2,3,4
WH_102948,25079,7,0,4
WH_102949,24130,8,4,2
WH_102950,31106,5,0,5
WH_102951,11143,0,0,3
WH_102952,30144,7,0,5
WH_102953,22095,6,0,3
WH_102954,17122,7,0,5
WH_102955,22089,0,1,3
WH_102956,7078,6,1,1
WH_102957,37111,4,1,3
WH_102958,11075,7,0,3
WH_102959,46093,6,0,2
WH_102960,38101,4,2,4
WH_102961,31089,3,0,5
WH_102962,45127,1,0,2
WH_102963,20112,4,0,4
WH_102964,20075,4,3,3
WH_102965,15110,3,0,5
WH_102966,18074,1,0,2
WH_102967,31075,7,0,3
WH_102968,6151,6,5,3
WH_102969,8144,8,1,1
WH_102970,14104,5,2,1
WH_102971,52136,4,0,4
WH_102972,22085,6,1,5
WH_102973,5129,4,1,1
WH_102974,7088,6,0,3
WH_102975,36070,3,1,3
WH_102976,23139,1,0,3
WH_102977,21062,0,0,3
WH_102978,13117,0,2,4
WH_102979,50119,3,0,4
WH_102980,17141,8,0,3
WH_102981,18129,7,3,2
WH_102982,6106,4,3,2
WH_102983,31129,4,0,2
WH_102984,32109,8,0,4
WH_102985,7056,4,2,1
WH_102986,27055,0,3,5
WH_102987,21112,8,0,2
WH_102988,13149,3,2,2
WH_102989,23123,8,0,5
WH_102990,7105,5,2,1
WH_102991,33094,0,0,6
WH_102992,8132,3,0,2
WH_102993,45087,4,0,4
WH_102994,11137,4,0,4
WH_102995,13124,5,0,5
WH_102996,8079,1,0,1
WH_102997,9122,7,3,2
WH_102999,23064,4,0,5
WH_103000,15077,6,2,3
WH_103001,11101,1,1,5
WH_103002,6081,7,0,2
WH_103003,18114,8,0,5
WH_103004,40137,3,0,4
WH_103005,10105,2,0,2
WH_103006,38124,0,1,2
WH_103007,27128,5,0,5
WH_103008,18107,7,0,6
WH_103009,22058,0,0,4
WH_103010,26119,4,2,4
WH_103011,28129,8,0,6
WH_103012,19072,4,1,5
WH_103013,31127,0,0,2
WH_103014,52126,8,0,5
WH_103015,6056,2,2,6
WH_103016,24110,1,0,3
WH_103017,10134,2,0,3
WH_103018,9117,4,3,6
WH_103019,14084,4,0,2
WH_103020,39115,0,0,5
WH_103021,15085,1,2,1
WH_103022,17150,3,0,6
WH_103023,8092,4,2,2
WH_103024,30084,7,2,2
WH_103026,14060,3,0,5
WH_103027,23128,2,4,4
WH_103028,35063,0,0,4
WH_103029,27071,5,3,6
WH_103030,7095,1,0,3
WH_103031,6148,3,1,1
WH_103032,27151,1,0,3
WH_103033,7069,5,0,2
WH_103034,22146,1,2,3
WH_103035,43105,3,1,4
WH_103036,7116,8,1,1
WH_103037,49056,2,0,6
WH_103038,23096,1,0,3
WH_103039,30058,5,0,6
WH_103041,26107,0,1,6
WH_103042,30099,4,2,2
WH_103043,36107,1,0,5
WH_103044,39121,6,0,2
WH_103045,30102,1,0,5
WH_103046,20112,5,0,6
WH_103047,7075,4,1,3
WH_103048,27100,7,0,4
WH_103049,27064,5,0,5
WH_103050,27065,6,1,2
WH_103051,8141,2,1,4
WH_103052,17140,0,1,1
WH_103053,37111,0,0,2
WH_103054,5123,4,0,5
WH_103055,38088,1,0,6
WH_103056,16055,6,0,1
WH_103057,28078,7,0,4
WH_103058,33095,3,0,3
WH_103059,7065,1,0,6
WH_103060,34130,6,0,5
WH_103061,30135,7,3,2
WH_103062,14093,0,3,6
WH_103063,14126,4,0,6
WH_103064,15069,3,5,2
WH_103065,6071,2,2,3
WH_103066,29133,8,0,3
WH_103067,13137,7,1,6
WH_103068,31061,6,0,6
WH_103069,14071,8,4,4
WH_103070,12133,0,0,2
WH_103071,28085,7,0,4
WH_103072,27062,4,0,5
WH_103073,30068,2,0,5
WH_103074,5060,1,3,1
WH_103075,16056,8,0,2
WH_103076,23124,1,0,6
WH_103077,17143,2,3,5
WH_103078,19071,3,0,2
WH_103079,7070,7,1,1
WH_103080,25094,4,0,4
WH_103081,41080,3,1,3
WH_103082,18100,4,1,3
WH_103083,20097,6,0,6
WH_103084,25142,6,2,5
WH_103085,33115,5,0,6
WH_103086,6108,8,0,1
WH_103087,28058,1,1,6
WH_103088,33107,0,0,5
WH_103089,25107,0,0,6
WH_103090,13091,7,2,6
WH_103091,32097,2,0,2
WH_103092,12107,8,0,5
WH_103093,29077,7,4,5
WH_103094,36142,2,0,2
WH_103095,9140,7,0,2
WH_103096,22069,4,0,5
WH_103097,31066,3,0,5
WH_103098,29126,5,2,4
WH_103099,53148,8,0,3
WH_103100,14103,5,0,5
WH_103102,8103,1,1,1
WH_103103,28103,8,1,5
WH_103104,30072,5,0,2
WH_103105,20081,5,0,5
WH_103106,10061,8,0,1
WH_103107,13091,0,1,4
WH_103108,6089,0,0,2
WH_103109,22115,7,0,2
WH_103110,29144,1,0,2
WH_103111,27131,1,0,3
WH_103112,34073,5,2,4
WH_103113,9081,7,0,1
WH_103114,22060,8,3,2
WH_103115,18068,8,0,5
WH_103116,26111,7,0,3
WH_103117,49090,8,0,6
WH_103118,18145,6,2,3
WH_103119,29109,6,0,3
WH_103120,29066,3,2,3
WH_103121,10140,8,2,2
WH_103122,17128,2,5,3
WH_103123,31089,5,0,3
WH_103124,30098,3,0,3
WH_103125,24129,4,0,1
WH_103126,22142,1,0,1
WH_103127,10117,3,0,1
WH_103128,5109,1,1,3
WH_103129,51055,7,0,3
WH_103130,32093,6,0,4
WH_103131,27145,2,0,3
WH_103132,5103,6,2,3
WH_103133,24110,8,0,6
WH_103134,21071,6,3,6
WH_103135,26147,4,0,3
WH_103136,16145,8,0,4
WH_103137,16090,0,1,6
WH_103138,24107,5,3,2
WH_103139,27088,6,3,4
WH_103140,12144,0,5,2
WH_103141,6106,2,3,6
WH_103142,8128,5,0,3
WH_103143,14088,5,0,6
WH_103144,22135,8,0,3
WH_103145,11103,0,1,4
WH_103146,24071,4,0,2
WH_103147,5100,4,0,1
WH_103148,14100,0,2,4
WH_103149,40085,6,1,3
WH_103150,28076,7,4,2
WH_103151,30059,1,0,6
WH_103152,11098,0,2,6
WH_103153,24103,2,0,6
WH_103154,29123,0,0,6
WH_103155,11134,5,3,6
WH_103156,27096,6,0,5
WH_103157,45111,3,0,3
WH_103158,29140,4,0,2
WH_103159,20122,5,0,4
WH_103160,20109,7,2,6
WH_103161,24080,2,0,4
WH_103162,11114,1,3,3
WH_103163,18093,0,1,2
WH_103164,36084,3,0,6
WH_103165,8085,0,1,2
WH_103166,6085,4,2,6
WH_103167,17135,8,3,6
WH_103168,22099,4,3,4
WH_103169,19114,0,0,2
WH_103170,41068,1,1,2
WH_103171,18116,8,0,3
WH_103172,24090,8,0,3
WH_103173,46115,8,1,6
WH_103174,32150,0,0,3
WH_103175,14097,0,1,5
WH_103176,7084,6,2,1
WH_103177,25143,3,1,4
WH_103178,5150,7,0,2
WH_103179,31106,3,0,5
WH_103180,7102,1,0,2
WH_103181,43085,2,0,3
WH_103182,18115,2,0,3
WH_103183,24079,2,2,4
WH_103184,31103,0,0,2
WH_103185,6110,0,0,2
WH_103186,13077,6,0,6
WH_103187,34060,3,1,5
WH_103188,14062,6,0,1
WH_103189,7119,5,1,2
WH_103190,34144,5,0,2
WH_103191,16072,1,1,6
WH_103192,16098,8,2,2
WH_103193,7112,2,2,3
WH_103195,24145,6,3,4
WH_103196,12091,6,1,1
WH_103197,45148,1,0,6
WH_103198,33083,5,0,2
WH_103199,7088,5,5,1
WH_103200,13063,6,1,6
WH_103201,13131,8,0,3
WH_103202,24129,6,3,5
WH_103203,10063,2,0,3
WH_103204,23074,4,0,4
WH_103205,40130,4,0,2
WH_103206,5128,4,5,4
WH_103207,14105,8,1,3
WH_103209,30087,7,0,2
WH_103210,51121,8,0,6
WH_103211,6055,8,5,2
WH_103212,50074,7,0,2
WH_103213,21121,3,2,3
WH_103214,31146,4,0,4
WH_103215,7124,3,1,2
WH_103216,40076,0,1,6
WH_103217,21129,1,0,4
WH_103219,20122,6,0,5
WH_103220,17117,6,0,5
WH_103221,6083,1,2,3
WH_103222,11119,7,1,1
WH_103223,5090,0,3,3
WH_103224,19106,2,4,5
WH_103225,31076,7,1,2
WH_103226,54150,4,0,4
WH_103227,6145,4,0,1
WH_103228,8116,5,0,4
WH_103229,23120,8,0,2
WH_103230,29133,7,0,5
WH_103231,33150,8,0,3
WH_103232,28095,3,0,6
WH_103233,15148,8,1,4
WH_103234,22130,6,0,2
WH_103235,29112,0,4,4
WH_103236,5111,0,1,2
WH_103237,20071,4,3,3
WH_103238,14086,6,0,1
WH_103239,25070,7,0,6
WH_103241,5106,1,1,1
WH_103242,25113,4,0,6
WH_103243,28150,4,1,3
WH_103244,6104,1,0,2
WH_103245,12085,6,0,1
WH_103246,6149,4,4,5
WH_103247,15107,6,3,6
WH_103248,5056,2,3,1
WH_103249,7080,0,0,3
WH_103250,28148,3,0,6
WH_103251,19055,6,3,4
WH_103252,9138,8,0,2
WH_103253,27149,6,0,6
WH_103254,16146,1,0,5
WH_103255,29085,4,0,6
WH_103256,36058,3,0,4
WH_103257,20139,1,2,5
WH_103258,8144,8,3,3
WH_103259,26078,4,0,5
WH_103260,34102,1,1,5
WH_103261,23101,8,0,4
WH_103262,27078,6,0,4
WH_103265,34134,1,0,3
WH_103266,4056,3,3,1
WH_103267,25094,1,0,4
WH_103268,6143,3,0,3
WH_103269,6059,3,3,6
WH_103270,30089,7,2,5
WH_103271,12130,3,0,2
WH_103272,35115,0,1,6
WH_103273,27124,2,0,3
WH_103274,16143,5,1,5
WH_103275,7066,2,0,3
WH_103276,41098,0,0,2
WH_103277,9088,0,1,2
WH_103278,12085,4,3,6
WH_103279,36137,8,3,4
WH_103280,13149,0,2,1
WH_103281,33120,8,3,3
WH_103283,18129,5,2,1
WH_103285,35080,5,0,3
WH_103286,12079,8,0,5
WH_103287,21078,0,0,3
WH_103288,24080,8,0,1
WH_103289,8141,8,3,3
WH_103290,28085,7,0,3
WH_103291,12056,8,0,6
WH_103292,26112,6,1,6
WH_103293,15056,7,2,6
WH_103295,15149,2,0,4
WH_103296,22132,3,0,5
WH_103297,21074,5,4,2
WH_103298,31130,1,0,2
WH_103299,31089,7,2,6
WH_103300,10078,7,1,4
WH_103301,18146,2,2,3
WH_103302,25142,0,3,6
WH_103303,30096,0,0,3
WH_103304,6108,4,1,2
WH_103305,23103,7,0,6
WH_103306,29098,6,1,6
WH_103307,36149,0,1,4
WH_103308,27117,5,2,4
WH_103309,32089,0,0,4
WH_103310,31110,3,3,6
WH_103311,4142,8,1,2
WH_103312,17148,2,2,6
WH_103313,6077,5,0,2
WH_103314,19076,0,1,5
WH_103315,24068,8,2,6
WH_103316,17086,3,1,2
WH_103317,29108,5,1,6
WH_103318,21145,0,0,6
WH_103319,24078,0,1,6
WH_103320,18134,1,1,3
WH_103321,32098,0,0,4
WH_103322,39072,6,0,4
WH_103323,19105,1,3,5
WH_103324,28126,1,2,2
WH_103325,48099,3,0,2
WH_103326,33114,6,0,6
WH_103327,26125,1,0,3
WH_103328,7070,1,0,5
WH_103329,11115,3,0,2
WH_103330,51086,8,0,4
WH_103331,8124,7,0,2
WH_103332,33081,4,1,2
WH_103334,18091,3,0,1
WH_103335,30122,3,0,3
WH_103336,41124,2,1,3
WH_103337,21081,2,0,5
WH_103338,13070,7,0,6
WH_103339,38098,7,0,2
WH_103340,15120,7,0,5
WH_103341,8067,5,0,4
WH_103342,12066,8,2,3
WH_103343,19128,3,3,6
WH_103344,32142,5,0,3
WH_103345,19124,2,0,5
WH_103347,18099,5,3,3
WH_103348,11055,2,1,3
WH_103349,7073,4,0,1
WH_103350,25058,2,0,5
WH_103351,19116,7,4,2
WH_103352,35150,8,0,6
WH_103353,23098,5,1,2
WH_103354,31127,1,0,5
WH_103355,7126,8,0,1
WH_103356,14063,8,4,1
WH_103357,8105,8,0,3
WH_103358,7104,3,3,1
WH_103359,9075,1,2,1
WH_103360,45129,4,0,6
WH_103361,25062,0,0,2
WH_103362,6102,2,4,2
WH_103363,42091,4,0,3
WH_103364,6067,3,0,1
WH_103366,25057,4,0,4
WH_103367,14063,3,0,3
WH_103369,25091,0,4,2
WH_103370,25074,0,1,5
WH_103372,23129,2,0,5
WH_103373,37074,8,0,5
WH_103374,26144,8,0,6
WH_103375,9072,0,0,2
WH_103376,25133,3,1,6
WH_103377,26121,5,0,6
WH_103378,9082,7,0,3
WH_103379,39096,5,0,2
WH_103380,25135,6,0,3
WH_103381,4099,3,0,3
WH_103382,25135,1,5,2
WH_103383,19080,0,1,3
WH_103384,23130,5,0,5
WH_103385,15144,6,3,1
WH_103386,28125,2,0,2
WH_103387,7104,0,0,1
WH_103388,12146,5,4,1
WH_103389,17062,4,0,3
WH_103390,7061,1,1,2
WH_103391,35079,5,1,5
WH_103392,12075,4,3,2
WH_103393,44151,7,0,3
WH_103394,31121,8,0,3
WH_103395,20120,1,1,2
WH_103396,27092,3,0,4
WH_103397,22067,0,0,2
WH_103398,8122,5,1,2
WH_103399,28098,4,2,2
WH_103400,5079,2,0,1
WH_103401,21110,1,1,2
WH_103402,7069,2,4,1
WH_103403,6111,4,0,1
WH_103404,31137,0,0,6
WH_103405,31116,7,0,3
WH_103406,20079,4,0,4
WH_103407,15095,6,1,5
WH_103408,6145,3,0,3
WH_103409,6057,7,0,3
WH_103410,33118,4,0,4
WH_103411,8090,1,0,5
WH_103412,28142,4,4,6
WH_103413,24088,6,0,5
WH_103414,19081,6,3,6
WH_103415,34131,8,2,6
WH_103416,13076,0,5,6
WH_103417,6112,8,0,2
WH_103418,25142,7,0,2
WH_103419,31148,6,0,2
WH_103420,49107,5,0,6
WH_103421,6099,7,1,3
WH_103422,27148,1,0,1
WH_103423,15063,0,1,3
WH_103424,31071,8,0,2
WH_103425,30061,0,0,3
WH_103427,19128,4,2,6
WH_103428,7121,7,0,2
WH_103429,13150,4,3,3
WH_103430,25066,3,0,2
WH_103431,18142,6,1,5
WH_103432,17112,7,3,4
WH_103433,28124,0,0,3
WH_103434,22131,4,0,3
WH_103435,17083,1,1,4
WH_103436,36133,5,0,4
WH_103437,23111,0,0,4
WH_103438,30130,4,3,5
WH_103439,30064,0,0,6
WH_103440,32069,6,0,5
WH_103441,38098,0,0,6
WH_103442,25081,8,1,3
WH_103443,12097,4,0,5
WH_103444,44109,0,0,6
WH_103445,35081,8,1,6
WH_103446,10089,4,1,6
WH_103447,35149,4,0,3
WH_103448,5106,8,2,3
WH_103449,35056,4,0,3
WH_103450,27141,8,1,5
WH_103451,17057,1,0,4
WH_103452,37122,8,0,2
WH_103453,6124,7,0,1
WH_103454,47105,7,0,2
WH_103455,19072,0,0,1
WH_103456,25138,6,0,3
WH_103457,25090,3,0,4
WH_103458,33119,6,0,3
WH_103459,26060,6,0,4
WH_103460,14150,0,1,2
WH_103461,30131,8,1,4
WH_103462,36124,3,0,3
WH_103463,19102,3,2,6
WH_103464,31082,1,2,2
WH_103465,44106,1,0,5
WH_103466,27096,3,0,3
WH_103467,25097,0,0,4
WH_103469,31058,7,0,2
WH_103470,43140,5,0,5
WH_103471,12108,5,1,2
WH_103472,20151,1,0,2
WH_103473,5075,1,1,2
WH_103474,20087,6,0,4
WH_103475,22075,4,0,5
WH_103476,37105,8,0,4
WH_103477,5097,7,3,1
WH_103478,9072,8,0,2
WH_103479,15079,8,0,4
WH_103480,13107,5,2,4
WH_103481,35083,1,0,5
WH_103482,31120,6,3,3
WH_103483,5104,1,0,1
WH_103484,7113,6,0,2
WH_103485,38151,8,0,6
WH_103486,34089,7,0,6
WH_103487,21136,5,0,4
WH_103488,23104,3,1,4
WH_103489,16059,5,5,3
WH_103490,32122,6,3,3
WH_103491,8139,8,0,1
WH_103492,34060,0,0,3
WH_103493,37116,8,0,4
WH_103494,32140,6,0,2
WH_103495,33080,1,1,4
WH_103496,36069,8,1,4
WH_103497,8147,6,0,3
WH_103498,7095,5,5,3
WH_103499,29126,3,1,5
WH_103500,14069,7,2,6
WH_103501,13151,3,5,3
WH_103502,16098,7,1,1
WH_103503,49123,7,0,5
WH_103504,8134,0,1,6
WH_103505,25081,8,0,2
WH_103506,41151,8,0,6
WH_103507,14109,7,3,6
WH_103508,45099,1,0,6
WH_103510,7102,8,2,3
WH_103511,12137,7,1,6
WH_103512,43120,6,0,4
WH_103513,18140,4,0,1
WH_103514,9112,3,0,3
WH_103515,7103,5,1,1
WH_103516,23102,3,1,4
WH_103517,29132,3,3,5
WH_103518,18124,0,0,5
WH_103519,14062,7,1,3
WH_103520,18085,6,3,4
WH_103521,33130,4,4,4
WH_103522,18130,8,0,2
WH_103523,26094,0,0,5
WH_103524,6124,5,3,2
WH_103525,31141,4,1,6
WH_103526,6092,7,2,6
WH_103527,29146,5,0,2
WH_103528,43144,0,0,3
WH_103529,17106,8,0,1
WH_103530,10142,8,0,1
WH_103531,22089,8,5,3
WH_103532,7056,5,0,3
WH_103533,16060,3,2,5
WH_103534,5095,2,2,2
WH_103535,33145,4,0,3
WH_103536,27112,1,0,2
WH_103538,29071,7,0,4
WH_103539,17151,1,1,3
WH_103540,47132,5,0,2
WH_103541,6109,7,0,1
WH_103542,46087,8,0,2
WH_103543,11127,4,0,6
WH_103544,39090,4,0,5
WH_103545,32066,4,2,2
WH_103546,16111,6,4,2
WH_103547,19111,8,0,4
WH_103548,24096,3,3,2
WH_103549,18135,5,0,6
WH_103550,28108,4,0,3
WH_103551,7087,8,4,2
WH_103552,38081,8,1,6
WH_103553,27135,6,0,4
WH_103554,49081,4,0,4
WH_103555,34128,4,0,2
WH_103556,12068,0,0,2
WH_103557,31110,3,0,5
WH_103558,29109,3,0,2
WH_103559,39141,7,2,4
WH_103560,20064,3,1,5
WH_103561,18058,0,0,3
WH_103562,31127,7,0,2
WH_103563,29057,2,0,5
WH_103565,13099,8,0,2
WH_103566,42116,0,1,2
WH_103567,47096,1,0,4
WH_103568,21133,3,1,2
WH_103569,28115,2,0,5
WH_103570,16148,7,0,2
WH_103571,29097,3,1,6
WH_103572,25144,7,0,5
WH_103573,24058,8,3,3
WH_103574,39117,8,0,4
WH_103575,31069,3,0,4
WH_103576,6076,6,3,3
WH_103577,5066,6,3,3
WH_103578,14139,8,0,2
WH_103579,38072,3,0,2
WH_103580,46107,1,0,3
WH_103581,21097,4,0,3
WH_103582,46113,5,0,6
WH_103583,18064,8,2,4
WH_103584,25136,6,0,6
WH_103585,44058,8,0,3
WH_103586,22072,4,4,5
WH_103587,6097,2,0,2
WH_103588,7147,1,0,2
WH_103589,11124,0,0,2
WH_103590,11058,8,0,5
WH_103591,22095,8,0,3
WH_103592,20129,4,0,6
WH_103593,9121,3,1,2
WH_103594,6105,0,0,5
WH_103595,17078,0,4,2
WH_103596,24113,7,0,3
WH_103597,21119,3,0,6
WH_103598,32142,7,1,3
WH_103599,8124,6,0,3
WH_103600,15105,2,1,2
WH_103601,8133,6,0,1
WH_103602,29106,1,1,6
WH_103603,26111,3,0,1
WH_103604,19120,4,0,4
WH_103605,31062,5,5,4
WH_103607,20144,4,0,5
WH_103608,17076,5,1,3
WH_103609,31105,5,0,3
WH_103610,43058,8,0,3
WH_103611,27110,5,2,3
WH_103612,25097,4,0,5
WH_103613,30090,4,0,6
WH_103614,28132,4,0,3
WH_103615,7060,7,0,5
WH_103616,39110,8,1,3
WH_103617,24069,0,0,4
WH_103618,25092,2,0,3
WH_103619,28125,2,0,6
WH_103620,25064,4,0,5
WH_103621,33072,3,0,6
WH_103622,36140,7,0,4
WH_103623,22066,8,4,4
WH_103624,30142,0,0,4
WH_103625,29148,4,0,6
WH_103626,14113,6,3,2
WH_103628,34121,0,0,3
WH_103629,7083,5,1,1
WH_103630,24119,5,4,5
WH_103632,22126,2,1,3
WH_103633,18066,8,0,5
WH_103634,21088,7,1,5
WH_103635,21104,0,0,4
WH_103636,13125,5,0,4
WH_103637,28123,7,2,6
WH_103638,17104,5,1,1
WH_103639,41121,1,0,6
WH_103640,14077,1,0,4
WH_103641,26083,5,0,2
WH_103642,11085,1,0,6
WH_103643,29077,5,0,2
WH_103644,16128,8,4,6
WH_103645,14113,3,3,3
WH_103646,6144,0,0,1
WH_103647,41080,7,1,2
WH_103648,14140,8,0,2
WH_103649,29096,4,1,5
WH_103650,33059,1,1,6
WH_103651,15147,5,3,6
WH_103652,26149,6,2,4
WH_103653,31108,0,0,2
WH_103654,39075,3,0,5
WH_103655,21097,0,1,4
WH_103656,27129,3,0,5
WH_103657,28110,6,0,6
WH_103658,31078,6,2,3
WH_103659,15113,4,2,6
WH_103660,41145,5,0,5
WH_103662,23117,3,0,2
WH_103664,29061,0,0,2
WH_103665,44124,3,0,5
WH_103666,28123,2,3,2
WH_103667,17076,5,0,4
WH_103668,40108,2,0,2
WH_103669,27146,4,0,2
WH_103670,37059,0,1,5
WH_103672,25075,3,1,6
WH_103673,28100,0,0,3
WH_103674,6105,5,2,2
WH_103675,25134,5,0,6
WH_103676,37150,2,0,3
WH_103677,53120,3,0,2
WH_103678,14118,1,1,5
WH_103679,13067,3,0,5
WH_103680,7138,7,0,2
WH_103681,26146,4,0,5
WH_103682,28071,3,1,2
WH_103683,48121,4,0,6
WH_103684,7110,1,0,1
WH_103685,29115,5,0,6
WH_103686,6075,5,1,2
WH_103687,13059,7,4,4
WH_103688,31140,3,3,4
WH_103689,14138,0,0,6
WH_103690,30123,0,0,5
WH_103691,11098,5,0,6
WH_103693,50057,4,0,2
WH_103694,24066,6,3,5
WH_103696,21081,7,2,6
WH_103697,11084,1,2,1
WH_103698,15144,6,1,3
WH_103699,5107,8,0,1
WH_103700,51137,2,0,4
WH_103701,7078,4,4,3
WH_103702,23133,4,2,5
WH_103703,22150,6,0,6
WH_103704,25069,8,0,4
WH_103705,29081,0,0,5
WH_103706,26109,1,0,5
WH_103707,15111,7,1,5
WH_103708,19126,1,1,5
WH_103709,37110,3,0,5
WH_103710,50140,3,0,6
WH_103711,13065,7,3,6
WH_103712,27124,3,0,3
WH_103713,23144,7,0,3
WH_103714,19124,4,3,3
WH_103715,47062,6,0,4
WH_103716,25079,8,0,3
WH_103717,12105,1,1,5
WH_103718,22137,3,0,6
WH_103719,19085,5,3,5
WH_103720,23096,7,0,2
WH_103721,41076,0,0,2
WH_103722,17061,4,4,5
WH_103723,32111,3,1,5
WH_103724,17062,6,1,4
WH_103725,27101,8,0,3
WH_103726,31116,0,0,2
WH_103727,5055,8,1,3
WH_103728,11138,7,0,2
WH_103729,21087,1,0,6
WH_103730,10104,1,0,2
WH_103731,42128,2,0,4
WH_103732,7076,1,3,2
WH_103733,15130,2,0,4
WH_103735,50058,3,0,2
WH_103736,27133,6,0,3
WH_103737,22059,4,1,5
WH_103738,19104,2,1,4
WH_103739,17077,0,2,6
WH_103740,28136,6,3,2
WH_103741,7141,2,0,3
WH_103742,6093,6,0,2
WH_103743,21105,8,1,6
WH_103744,33132,8,0,4
WH_103745,26127,6,2,4
WH_103746,49106,5,0,5
WH_103747,22108,5,1,1
WH_103748,13111,8,1,4
WH_103749,39122,0,1,2
WH_103750,20086,3,0,2
WH_103751,27088,1,3,4
WH_103752,5095,3,2,2
WH_103753,25133,4,2,6
WH_103754,26106,3,0,6
WH_103755,8127,4,1,6
WH_103756,35118,5,1,3
WH_103758,5104,8,1,3
WH_103759,41137,0,1,6
WH_103760,25129,1,0,2
WH_103761,42145,8,0,6
WH_103762,20122,3,0,6
WH_103763,13149,8,1,1
WH_103764,21147,5,4,6
WH_103765,13099,4,0,4
WH_103766,24131,5,2,3
WH_103767,12122,3,1,1
WH_103768,34120,5,0,2
WH_103769,17060,4,0,3
WH_103770,38106,6,2,5
WH_103771,46150,0,0,4
WH_103772,10089,7,1,6
WH_103773,21070,6,2,5
WH_103774,16083,3,4,4
WH_103775,22062,8,0,5
WH_103776,10076,7,4,1
WH_103777,33106,2,0,5
WH_103778,16096,0,0,1
WH_103779,29109,4,4,5
WH_103780,15130,4,2,2
WH_103781,14109,6,1,2
WH_103782,29062,0,3,5
WH_103783,20133,8,0,2
WH_103784,18120,3,1,4
WH_103785,17125,3,3,2
WH_103786,9130,3,0,1
WH_103787,33089,5,2,4
WH_103788,8089,5,2,2
WH_103789,17074,2,2,2
WH_103790,34134,6,0,5
WH_103791,19141,8,2,6
WH_103792,36056,1,0,5
WH_103793,26112,8,0,5
WH_103794,41073,7,1,3
WH_103795,10113,0,0,3
WH_103796,13077,3,2,6
WH_103797,18059,2,3,6
WH_103798,13112,6,0,1
WH_103799,28107,7,0,4
WH_103800,19133,5,0,2
WH_103801,31059,7,0,5
WH_103802,24090,7,0,4
WH_103803,31101,4,0,5
WH_103804,23106,4,2,6
WH_103805,28083,7,0,4
WH_103806,28128,1,0,2
WH_103807,32064,1,0,4
WH_103808,15105,1,0,4
WH_103809,24069,2,0,5
WH_103810,15086,5,0,6
WH_103811,22112,3,0,2
WH_103812,25078,7,0,5
WH_103813,23109,5,0,2
WH_103814,31111,5,3,4
WH_103815,29062,1,2,5
WH_103816,30074,0,0,4
WH_103817,13104,0,2,1
WH_103818,34147,8,0,2
WH_103819,9136,5,1,3
WH_103820,9136,5,1,4
WH_103821,29110,1,0,5
WH_103822,23056,8,1,5
WH_103823,30056,1,3,2
WH_103824,19131,8,0,2
WH_103825,11078,1,0,4
WH_103826,50107,3,0,6
WH_103827,15150,3,0,3
WH_103828,29091,5,1,4
WH_103829,18102,3,0,2
WH_103830,32101,7,1,3
WH_103831,9071,3,2,1
WH_103832,12126,1,0,1
WH_103833,19096,2,0,1
WH_103834,49150,7,0,4
WH_103835,15080,7,0,2
WH_103836,31126,6,0,5
WH_103837,16072,0,1,6
WH_103838,33086,2,0,5
WH_103839,12129,5,0,3
WH_103840,24074,4,1,5
WH_103841,32141,8,0,3
WH_103842,27124,4,1,6
WH_103843,13125,0,1,6
WH_103844,32079,3,1,5
WH_103845,27106,2,0,6
WH_103846,20124,7,1,2
WH_103847,30115,3,3,3
WH_103848,26100,3,4,2
WH_103850,20115,8,0,4
WH_103851,49128,5,0,2
WH_103852,26120,1,3,6
WH_103853,7088,6,2,2
WH_103854,27113,0,0,5
WH_103855,16089,7,0,5
WH_103856,27138,0,0,5
WH_103857,9099,7,0,1
WH_103858,25070,0,0,4
WH_103859,14096,8,0,3
WH_103860,21089,5,0,5
WH_103861,44087,0,1,2
WH_103862,24095,2,0,1
WH_103863,42093,6,1,5
WH_103864,50143,1,0,2
WH_103865,13090,1,1,6
WH_103866,22057,7,0,3
WH_103867,28068,5,3,4
WH_103868,22115,8,1,4
WH_103869,13105,2,0,3
WH_103871,31117,3,0,4
WH_103872,10127,2,0,3
WH_103873,18085,6,5,4
WH_103874,9063,6,0,1
WH_103875,27077,7,3,5
WH_103876,28062,1,0,4
WH_103877,15106,4,0,1
WH_103878,14067,1,0,2
WH_103879,9103,0,0,3
WH_103880,24109,6,3,1
WH_103881,28113,3,0,3
WH_103882,23143,6,0,2
WH_103883,13082,4,1,3
WH_103884,27072,5,0,3
WH_103885,36088,3,0,2
WH_103886,10125,8,0,3
WH_103887,30094,8,1,5
WH_103888,17143,8,2,6
WH_103889,34062,8,0,3
WH_103890,19065,7,0,4
WH_103891,5124,4,0,6
WH_103892,41147,7,0,6
WH_103893,20061,0,0,4
WH_103894,26065,6,0,4
WH_103895,25140,5,0,6
WH_103896,13099,1,0,6
WH_103897,14073,4,0,2
WH_103898,7084,8,0,4
WH_103899,36088,3,1,4
WH_103900,32115,7,0,4
WH_103901,26087,2,2,3
WH_103902,37127,7,1,3
WH_103904,26120,7,0,4
WH_103905,7059,1,0,6
WH_103906,27134,8,3,6
WH_103907,6144,3,1,2
WH_103908,35107,3,1,5
WH_103909,30110,4,0,5
WH_103910,17090,4,0,1
WH_103911,14134,0,0,5
WH_103912,22126,3,0,3
WH_103913,23075,1,0,2
WH_103915,15136,6,2,6
WH_103916,16137,0,0,1
WH_103917,51113,7,0,5
WH_103918,35117,1,1,5
WH_103919,31069,2,0,3
WH_103920,6082,5,0,2
WH_103921,7074,1,2,1
WH_103922,14127,1,0,5
WH_103923,12113,7,1,1
WH_103924,32140,1,0,5
WH_103925,32071,3,0,5
WH_103926,11084,2,0,3
WH_103928,17112,4,0,4
WH_103929,23071,8,0,3
WH_103930,18113,0,0,6
WH_103931,21092,4,3,6
WH_103932,25059,0,2,3
WH_103933,14136,5,0,2
WH_103934,23071,3,0,5
WH_103935,28147,4,0,5
WH_103936,23151,7,0,5
WH_103938,24088,7,0,4
WH_103939,51146,5,0,5
WH_103940,32073,2,0,2
WH_103941,33082,0,0,2
WH_103942,5099,2,3,6
WH_103943,5135,7,1,1
WH_103944,19072,3,2,4
WH_103945,25100,7,0,4
WH_103946,5079,1,0,2
WH_103947,5075,5,0,2
WH_103948,7100,1,2,4
WH_103949,22135,7,0,6
WH_103950,23141,1,2,3
WH_103951,8075,4,0,3
WH_103953,40082,7,1,5
WH_103954,5139,8,0,3
WH_103955,14090,0,0,1
WH_103956,21136,5,0,5
WH_103957,19085,5,1,2
WH_103958,9134,6,1,6
WH_103959,12089,8,1,2
WH_103960,19114,8,0,4
WH_103961,20066,8,0,4
WH_103962,20064,0,0,6
WH_103963,6131,4,0,2
WH_103964,31074,1,2,6
WH_103966,10087,4,1,4
WH_103967,31062,2,0,2
WH_103968,5095,4,3,2
WH_103969,35061,0,0,4
WH_103970,34127,7,0,5
WH_103971,6076,1,0,3
WH_103972,29149,4,1,6
WH_103973,40145,8,1,2
WH_103974,33084,3,0,2
WH_103975,26124,5,0,4
WH_103976,7131,7,4,3
WH_103977,21096,7,0,5
WH_103978,45109,3,0,4
WH_103979,31113,1,0,2
WH_103980,25109,7,0,4
WH_103981,14141,4,0,6
WH_103982,31143,8,2,4
WH_103983,23069,0,2,4
WH_103984,39077,1,1,4
WH_103985,6076,5,1,1
WH_103986,43097,4,0,3
WH_103987,16056,3,1,1
WH_103988,7073,5,0,3
WH_103989,8082,5,1,2
WH_103990,8069,0,0,3
WH_103991,5129,8,0,1
WH_103992,29099,0,0,2
WH_103993,34123,0,1,6
WH_103994,6105,1,0,1
WH_103995,24101,2,1,6
WH_103996,27140,3,1,2
WH_103997,6128,3,5,5
WH_103998,21119,0,0,5
WH_103999,31103,8,0,3
WH_104000,15141,3,0,5
WH_104001,7133,5,1,3
WH_104002,43118,7,0,5
WH_104003,15114,4,0,3
WH_104004,7143,5,0,3
WH_104005,17119,8,0,1
WH_104006,32119,6,1,4
WH_104007,41145,1,1,6
WH_104008,21063,8,0,5
WH_104009,22113,0,0,3
WH_104010,13125,7,0,2
WH_104011,15110,0,2,1
WH_104012,42106,6,0,3
WH_104013,31105,7,3,6
WH_104014,5132,5,0,3
WH_104015,17055,5,0,5
WH_104016,30075,3,0,3
WH_104017,9131,6,0,2
WH_104018,20148,0,1,6
WH_104019,9111,2,0,4
WH_104020,28109,5,0,6
WH_104021,12070,2,0,5
WH_104022,22103,2,0,3
WH_104023,29140,2,0,3
WH_104024,24150,8,3,3
WH_104025,38108,7,0,5
WH_104026,49055,7,0,3
WH_104027,38109,4,0,2
WH_104028,9120,5,3,4
WH_104029,20110,6,0,5
WH_104030,18087,8,3,3
WH_104031,33064,8,3,4
WH_104032,6126,6,0,1
WH_104033,36079,2,0,3
WH_104034,22101,5,0,3
WH_104035,46094,5,0,3
WH_104036,33139,2,0,3
WH_104037,27113,5,1,3
WH_104038,29079,3,0,2
WH_104039,23076,6,1,5
WH_104040,24140,1,0,5
WH_104041,27148,7,0,6
WH_104042,14088,1,3,5
WH_104043,23105,6,0,6
WH_104044,21134,4,2,4
WH_104046,6098,6,2,6
WH_104047,6059,2,1,3
WH_104048,30086,0,5,2
WH_104049,39128,2,0,6
WH_104050,23117,6,0,5
WH_104051,33127,6,2,4
WH_104052,8104,2,1,5
WH_104053,11127,7,1,1
WH_104054,46119,5,0,4
WH_104055,16062,0,1,3
WH_104056,19120,3,0,3
WH_104057,20151,2,2,5
WH_104058,17103,4,0,2
WH_104059,28098,3,0,4
WH_104060,31131,8,0,4
WH_104061,6139,6,0,2
WH_104062,7056,5,2,6
WH_104063,36088,1,0,5
WH_104064,17143,7,0,3
WH_104065,49137,8,1,5
WH_104067,24113,5,0,2
WH_104068,5059,1,2,1
WH_104069,35100,3,1,4
WH_104070,15134,1,0,5
WH_104071,32103,0,3,5
WH_104072,33120,8,0,2
WH_104073,21063,2,0,5
WH_104074,51146,4,0,6
WH_104075,19075,3,1,2
WH_104076,36067,4,0,4
WH_104077,12066,7,0,2
WH_104078,39088,7,1,4
WH_104080,24080,8,3,6
WH_104081,13097,3,1,6
WH_104082,25080,1,4,4
WH_104083,6092,5,0,1
WH_104084,29134,0,0,4
WH_104085,25146,6,5,2
WH_104086,24099,6,2,2
WH_104088,25101,3,0,6
WH_104089,40081,4,4,6
WH_104090,41081,6,0,2
WH_104091,23129,2,0,4
WH_104092,33139,1,0,5
WH_104093,31135,0,0,6
WH_104094,33150,4,0,4
WH_104096,37143,3,1,2
WH_104097,23101,8,0,3
WH_104098,10108,4,0,6
WH_104099,36078,4,0,5
WH_104100,31090,5,1,2
WH_104101,27056,4,0,5
WH_104102,23136,5,0,6
WH_104103,23091,3,0,2
WH_104104,17073,2,0,1
WH_104105,13086,2,1,3
WH_104106,43128,8,0,4
WH_104107,9079,4,0,1
WH_104108,24064,1,1,3
WH_104109,15150,0,1,5
WH_104110,22085,2,3,3
WH_104111,6096,8,0,3
WH_104112,14095,3,0,6
WH_104113,27058,4,0,3
WH_104114,17073,1,1,5
WH_104115,21131,7,0,2
WH_104116,19144,4,0,2
WH_104117,37077,0,0,3
WH_104118,31086,8,0,3
WH_104119,23088,4,0,6
WH_104120,30075,6,1,6
WH_104121,27066,0,1,5
WH_104122,19083,5,4,2
WH_104123,24094,3,2,5
WH_104124,44117,0,0,2
WH_104125,28148,1,0,5
WH_104126,5088,1,0,2
WH_104127,37126,7,0,4
WH_104128,5058,2,2,1
WH_104131,28111,0,0,6
WH_104132,29060,5,3,5
WH_104133,24125,2,0,4
WH_104134,32067,4,0,6
WH_104135,29063,5,0,6
WH_104136,5131,3,0,1
WH_104137,19066,5,0,5
WH_104138,25109,2,1,3
WH_104139,25074,0,2,4
WH_104140,29137,6,0,6
WH_104141,23142,6,1,5
WH_104142,27124,5,1,2
WH_104143,18104,3,0,5
WH_104144,22068,8,2,5
WH_104145,32078,8,0,3
WH_104146,8128,1,0,5
WH_104147,35113,3,0,2
WH_104148,9085,1,0,1
WH_104149,27070,4,0,4
WH_104150,25063,3,0,6
WH_104151,18114,5,1,5
WH_104152,16134,5,0,2
WH_104153,4099,3,3,2
WH_104154,20059,7,0,3
WH_104155,40079,7,0,5
WH_104156,21070,4,0,6
WH_104157,12126,3,0,5
WH_104158,24130,3,0,5
WH_104159,42131,8,0,2
WH_104160,9082,2,0,1
WH_104161,10143,4,0,2
WH_104162,4112,8,0,1
WH_104163,5115,7,4,2
WH_104164,30144,7,0,3
WH_104165,5103,3,2,1
WH_104166,32087,5,0,3
WH_104168,22104,0,0,5
WH_104169,21120,7,0,5
WH_104170,20103,0,0,5
WH_104172,32090,8,0,5
WH_104173,28079,7,1,3
WH_104174,10132,6,0,2
WH_104175,21113,0,0,1
WH_104176,9089,6,0,3
WH_104177,28141,6,0,6
WH_104178,26080,3,0,5
WH_104179,9122,8,1,1
WH_104180,24073,7,0,3
WH_104181,26078,6,0,3
WH_104182,10068,3,1,1
WH_104183,38077,6,0,6
WH_104184,33058,5,0,4
WH_104185,20088,3,0,2
WH_104186,7056,2,0,2
WH_104187,24055,4,3,5
WH_104188,30090,4,0,2
WH_104189,17129,0,0,4
WH_104190,20144,7,3,5
WH_104191,12093,7,3,6
WH_104192,22124,6,5,3
WH_104193,25068,0,0,6
WH_104194,11110,5,0,1
WH_104195,31057,8,1,6
WH_104196,23140,2,0,6
WH_104197,31085,1,4,4
WH_104198,27129,3,0,4
WH_104199,36120,4,1,2
WH_104200,48055,0,0,6
WH_104201,31071,8,0,2
WH_104202,15105,6,0,6
WH_104203,32123,2,0,4
WH_104204,6061,1,0,2
WH_104205,5057,5,0,2
WH_104206,19125,8,3,3
WH_104207,30067,8,0,2
WH_104208,14059,0,2,5
WH_104209,5146,0,0,3
WH_104210,31086,7,0,6
WH_104211,32074,4,5,6
WH_104212,16130,1,2,2
WH_104213,44113,5,0,5
WH_104214,5104,1,0,3
WH_104215,17130,7,3,1
WH_104216,7107,4,0,2
WH_104217,21077,1,0,2
WH_104218,8137,8,0,2
WH_104219,30136,6,0,3
WH_104220,6095,1,0,5
WH_104221,14064,2,1,4
WH_104222,34061,6,0,6
WH_104223,9074,0,2,6
WH_104224,53058,5,0,6
WH_104225,10107,7,2,6
WH_104226,19128,8,0,6
WH_104227,26121,5,0,2
WH_104228,29077,5,0,6
WH_104229,21067,5,3,6
WH_104230,30070,4,0,2
WH_104231,7132,7,3,4
WH_104232,25088,2,0,5
WH_104233,15123,4,0,5
WH_104234,17115,7,0,1
WH_104235,27141,0,0,4
WH_104236,16142,4,0,5
WH_104237,20136,0,2,5
WH_104238,38086,7,1,6
WH_104239,34085,7,0,2
WH_104240,24098,4,3,3
WH_104241,26058,6,1,4
WH_104242,23123,5,0,3
WH_104243,12111,7,0,2
WH_104244,27081,3,1,6
WH_104245,20136,4,0,5
WH_104246,20095,1,2,4
WH_104247,7119,5,1,1
WH_104248,31138,1,0,3
WH_104249,27120,0,0,3
WH_104250,14145,5,0,3
WH_104252,31115,0,0,6
WH_104253,34121,5,1,4
WH_104254,21063,4,0,3
WH_104255,36095,5,0,4
WH_104256,8082,8,0,5
WH_104257,34088,5,1,6
WH_104258,32064,3,0,2
WH_104259,7057,7,0,6
WH_104260,32093,1,0,5
WH_104261,7098,8,0,4
WH_104262,42139,1,0,6
WH_104263,30106,5,1,4
WH_104264,43081,7,4,5
WH_104265,8134,3,4,2
WH_104266,28071,7,0,3
WH_104267,6117,3,0,2
WH_104268,27100,0,0,5
WH_104269,12069,4,0,4
WH_104270,48055,0,0,2
WH_104271,8140,2,1,2
WH_104272,18118,0,0,1
WH_104274,22080,6,0,4
WH_104275,7066,0,0,2
WH_104276,6134,8,0,1
WH_104277,32114,7,0,4
WH_104279,44112,4,0,5
WH_104280,18067,1,0,6
WH_104281,21117,5,1,6
WH_104282,8132,7,2,2
WH_104283,7070,6,2,3
WH_104284,28087,8,3,3
WH_104285,23076,8,3,3
WH_104286,12094,6,0,4
WH_104287,33092,7,0,3
WH_104288,16097,7,1,2
WH_104289,23086,0,2,5
WH_104290,15135,5,3,6
WH_104291,20085,8,1,2
WH_104292,5105,1,1,4
WH_104295,43070,6,0,6
WH_104296,21058,2,0,2
WH_104297,35061,0,1,6
WH_104298,32058,0,2,2
WH_104299,24082,8,1,5
WH_104300,25070,3,1,3
WH_104301,29075,6,3,3
WH_104302,27103,4,1,5
WH_104303,17076,6,0,2
WH_104304,16122,1,0,4
WH_104305,23120,0,1,5
WH_104306,23060,4,0,2
WH_104307,28079,2,0,4
WH_104308,30116,7,0,2
WH_104309,5108,4,0,1
WH_104310,6111,2,0,2
WH_104311,14099,6,1,6
WH_104313,32109,6,0,3
WH_104314,22084,8,0,1
WH_104315,16065,6,0,1
WH_104316,32103,1,0,3
WH_104317,13072,4,2,2
WH_104318,13095,0,2,6
WH_104319,42127,6,0,3
WH_104320,9146,7,0,2
WH_104321,14078,3,0,4
WH_104322,27066,0,0,3
WH_104323,19108,4,2,2
WH_104324,6074,1,2,6
WH_104325,17101,4,0,1
WH_104326,31151,6,0,6
WH_104327,32086,3,0,2
WH_104328,20056,7,1,3
WH_104329,28124,5,0,3
WH_104330,33136,3,1,3
WH_104331,14117,8,0,5
WH_104332,24083,3,1,6
WH_104333,27076,7,0,4
WH_104334,22135,8,0,6
WH_104335,24099,8,0,4
WH_104336,24126,8,3,3
WH_104337,15102,4,0,6
WH_104338,29136,4,0,4
WH_104339,17095,7,0,5
WH_104340,33059,1,0,5
WH_104341,47102,0,0,2
WH_104342,31098,0,0,6
WH_104343,30102,1,3,3
WH_104344,20132,1,0,4
WH_104345,51065,7,0,6
WH_104346,19089,6,3,4
WH_104347,7087,5,0,3
WH_104348,8121,8,0,1
WH_104349,12065,5,0,3
WH_104350,36106,6,0,2
WH_104351,25086,0,3,5
WH_104352,14094,7,3,3
WH_104353,22123,3,0,3
WH_104354,9118,8,1,2
WH_104355,26093,5,0,3
WH_104356,21100,1,0,5
WH_104357,6088,8,0,1
WH_104358,14149,5,1,3
WH_104359,7085,4,2,2
WH_104360,31128,7,0,2
WH_104361,32074,6,0,3
WH_104362,31121,5,0,5
WH_104363,14128,4,4,3
WH_104364,7056,4,3,5
WH_104365,22131,5,2,4
WH_104366,30143,1,0,4
WH_104367,9145,3,0,3
WH_104368,46089,4,0,3
WH_104369,10139,6,5,4
WH_104370,32115,5,0,4
WH_104371,23069,0,0,6
WH_104372,39071,6,0,4
WH_104373,21146,7,0,3
WH_104374,14093,8,0,3
WH_104375,49071,4,0,3
WH_104376,6063,7,2,2
WH_104377,19107,7,2,2
WH_104378,20150,8,0,6
WH_104379,7099,5,0,2
WH_104380,41132,4,0,4
WH_104381,30081,2,1,5
WH_104382,51123,3,0,3
WH_104383,27099,4,0,4
WH_104384,17089,3,0,3
WH_104385,12061,6,2,2
WH_104386,32139,3,0,5
WH_104387,17112,8,0,3
WH_104388,28137,0,0,6
WH_104389,10055,6,0,5
WH_104390,28094,7,4,6
WH_104391,23072,7,0,6
WH_104392,7088,5,0,2
WH_104393,26149,3,3,5
WH_104394,45137,3,0,6
WH_104395,24130,8,0,2
WH_104396,11069,4,1,4
WH_104397,17140,3,4,3
WH_104398,5066,8,1,1
WH_104399,26144,8,0,6
WH_104400,30083,8,0,5
WH_104402,19094,8,0,2
WH_104403,23122,4,1,5
WH_104404,12130,8,0,6
WH_104405,26147,8,1,6
WH_104406,45110,8,0,2
WH_104407,23085,8,0,4
WH_104408,38131,8,1,4
WH_104409,30095,1,1,6
WH_104410,21134,0,1,3
WH_104411,33149,5,0,2
WH_104412,6133,5,2,6
WH_104413,34118,0,0,5
WH_104414,31131,1,0,6
WH_104415,18150,7,0,3
WH_104416,20059,8,0,6
WH_104418,7095,2,1,3
WH_104419,30093,8,3,4
WH_104420,15122,0,3,2
WH_104421,30146,0,0,6
WH_104422,30060,8,2,6
WH_104423,15086,4,3,5
WH_104424,31134,3,2,3
WH_104425,44121,8,0,4
WH_104426,24142,6,3,2
WH_104427,16078,5,0,4
WH_104428,25086,7,0,3
WH_104429,23060,8,0,3
WH_104430,27146,6,0,1
WH_104431,19091,8,0,5
WH_104432,27066,3,0,6
WH_104433,6148,0,3,2
WH_104434,16089,6,0,5
WH_104435,23099,0,1,2
WH_104436,42068,1,0,4
WH_104437,19061,7,0,4
WH_104438,24088,0,0,4
WH_104439,5076,4,4,3
WH_104440,28056,6,1,5
WH_104441,24076,7,1,3
WH_104442,13071,7,0,2
WH_104443,20135,2,0,5
WH_104444,17119,6,2,2
WH_104445,37094,5,0,2
WH_104446,40063,8,1,4
WH_104447,18071,4,1,4
WH_104448,6092,5,0,3
WH_104449,23088,1,0,6
WH_104450,14125,7,0,2
WH_104451,30135,0,2,2
WH_104452,17134,4,0,2
WH_104453,33143,7,0,5
WH_104454,8090,8,2,2
WH_104455,39107,1,1,4
WH_104456,6122,8,1,2
WH_104457,30110,7,3,6
WH_104458,7148,0,0,1
WH_104459,26118,4,3,4
WH_104460,34142,5,0,6
WH_104461,15142,1,1,1
WH_104462,31091,2,0,4
WH_104463,14060,0,3,1
WH_104464,9113,7,1,4
WH_104465,10083,0,2,6
WH_104466,31143,4,1,5
WH_104467,12078,2,3,3
WH_104468,28072,1,0,5
WH_104469,37110,7,0,6
WH_104470,16105,0,0,4
WH_104471,15120,0,0,3
WH_104472,41095,1,0,3
WH_104473,29093,3,0,2
WH_104474,11097,1,0,2
WH_104475,30142,8,0,4
WH_104476,4113,0,3,1
WH_104477,8065,7,0,2
WH_104478,19129,5,3,2
WH_104479,22098,4,0,4
WH_104481,20064,3,1,2
WH_104482,31133,3,0,3
WH_104483,32076,8,0,4
WH_104484,25099,2,3,3
WH_104485,14147,7,0,6
WH_104486,19130,3,0,6
WH_104487,9140,1,0,3
WH_104488,8151,1,0,1
WH_104489,29099,7,1,2
WH_104490,28147,0,0,3
WH_104491,11105,8,0,6
WH_104492,45130,7,0,5
WH_104493,19077,0,0,3
WH_104494,18061,8,0,3
WH_104495,29126,5,0,6
WH_104496,27124,6,0,4
WH_104497,22138,7,0,2
WH_104498,11100,1,0,2
WH_104499,15058,8,0,3
WH_104500,28105,6,0,2
WH_104501,51141,5,0,3
WH_104502,34089,8,1,5
WH_104503,25146,4,0,3
WH_104504,40084,8,0,6
WH_104505,17071,8,0,3
WH_104506,36058,4,0,3
WH_104507,28095,8,0,4
WH_104508,23078,0,0,2
WH_104509,24098,1,2,4
WH_104510,12080,3,0,2
WH_104511,6098,0,1,4
WH_104512,24080,6,0,4
WH_104514,6104,4,0,2
WH_104515,17141,4,0,6
WH_104516,45096,7,0,5
WH_104518,33112,8,3,6
WH_104519,6133,6,0,2
WH_104520,9141,1,3,4
WH_104521,42090,6,0,6
WH_104522,11124,5,0,1
WH_104523,26091,5,0,1
WH_104524,7116,6,1,3
WH_104525,43102,0,0,4
WH_104526,23137,6,0,6
WH_104527,29107,7,0,5
WH_104528,31119,6,0,3
WH_104529,30139,4,3,5
WH_104530,24124,4,0,6
WH_104531,26102,1,3,3
WH_104532,30128,6,0,1
WH_104533,18064,0,1,5
WH_104534,18109,6,1,4
WH_104535,25120,6,1,5
WH_104536,37083,5,0,3
WH_104537,13138,1,0,6
WH_104538,5085,6,3,3
WH_104539,25096,7,0,2
WH_104540,31085,8,2,4
WH_104541,17141,8,2,6
WH_104542,17107,0,3,6
WH_104543,47118,1,0,5
WH_104544,27151,6,1,6
WH_104545,48077,0,0,5
WH_104546,33122,8,0,6
WH_104547,20139,5,0,4
WH_104549,31077,6,0,2
WH_104550,4065,6,1,2
WH_104551,31110,1,0,4
WH_104552,23055,8,3,5
WH_104553,13096,8,2,5
WH_104554,12148,0,5,1
WH_104555,5090,4,0,1
WH_104556,22084,8,1,5
WH_104557,45068,1,0,5
WH_104558,31091,3,0,3
WH_104559,31103,0,2,3
WH_104560,43068,4,0,4
WH_104561,7127,0,2,1
WH_104562,9073,5,1,4
WH_104563,16072,5,0,2
WH_104564,27091,5,3,2
WH_104565,29084,6,0,2
WH_104566,39080,1,0,3
WH_104567,52064,5,0,4
WH_104568,5106,5,3,2
WH_104569,26087,3,0,4
WH_104570,29149,3,1,6
WH_104571,13140,8,0,5
WH_104572,11064,4,2,3
WH_104573,31106,1,0,5
WH_104574,9116,4,0,3
WH_104575,33132,4,0,2
WH_104577,34131,5,0,3
WH_104578,4065,7,0,1
WH_104580,27077,6,0,3
WH_104581,10072,6,4,3
WH_104582,23141,3,0,6
WH_104583,26089,3,1,3
WH_104585,31149,8,2,3
WH_104586,13071,3,0,5
WH_104587,41089,1,0,4
WH_104589,20120,7,4,2
WH_104590,32141,4,0,5
WH_104591,28077,3,0,4
WH_104592,19082,8,4,5
WH_104593,10065,2,0,3
WH_104594,15069,8,3,6
WH_104595,24061,1,2,2
WH_104596,30075,6,0,4
WH_104597,32129,3,0,6
WH_104598,12144,3,2,5
WH_104599,31137,7,0,5
WH_104600,15138,4,1,6
WH_104601,28143,5,1,6
WH_104602,43093,3,4,2
WH_104603,21078,2,0,3
WH_104604,10142,1,2,6
WH_104605,18149,7,1,4
WH_104606,9143,4,0,4
WH_104607,13093,8,0,4
WH_104608,24078,1,0,2
WH_104609,37074,5,0,5
WH_104610,22056,7,1,2
WH_104612,6083,4,0,3
WH_104613,6115,3,1,1
WH_104615,22082,1,1,2
WH_104616,32110,6,4,2
WH_104617,52101,6,0,6
WH_104618,9097,8,0,2
WH_104619,15143,7,2,6
WH_104620,17128,4,3,5
WH_104621,27128,0,0,4
WH_104622,9067,2,0,3
WH_104623,36067,6,0,6
WH_104624,28131,0,1,5
WH_104625,10146,5,0,1
WH_104626,34105,8,0,3
WH_104627,16126,3,2,4
WH_104628,32074,3,0,5
WH_104630,29135,0,0,6
WH_104631,42127,5,0,4
WH_104632,22103,5,3,3
WH_104634,6136,1,0,1
WH_104635,15135,1,0,5
WH_104636,28103,6,0,3
WH_104637,20090,3,3,6
WH_104638,17131,8,0,5
WH_104639,12082,6,1,5
WH_104640,23082,8,4,4
WH_104641,12108,2,0,4
WH_104642,6130,6,4,1
WH_104643,33058,6,0,6
WH_104644,12085,6,0,2
WH_104645,21075,5,1,4
WH_104646,13062,4,0,5
WH_104647,30129,7,0,3
WH_104648,15067,4,0,2
WH_104649,27106,0,0,4
WH_104650,29122,1,0,2
WH_104651,7083,0,0,2
WH_104652,26120,7,4,3
WH_104653,27133,0,1,1
WH_104654,5062,5,1,1
WH_104655,30146,2,0,4
WH_104656,5106,4,0,1
WH_104657,27137,1,0,2
WH_104658,16123,1,2,2
WH_104659,6131,7,1,3
WH_104660,23069,6,2,5
WH_104661,10123,5,1,6
WH_104662,51151,7,0,6
WH_104664,21125,1,0,5
WH_104665,41071,1,1,3
WH_104666,23095,6,1,4
WH_104667,43142,8,0,2
WH_104668,23124,3,0,6
WH_104669,22144,7,1,2
WH_104670,29091,0,0,5
WH_104671,5082,6,3,2
WH_104672,15113,6,3,2
WH_104673,13072,8,0,3
WH_104674,8148,8,0,2
WH_104675,15069,8,5,1
WH_104676,9096,6,1,3
WH_104677,21126,3,0,4
WH_104678,28141,5,1,2
WH_104679,11125,3,0,6
WH_104680,19079,8,3,2
WH_104681,11108,6,5,6
WH_104682,5077,8,0,1
WH_104683,36072,1,0,3
WH_104684,32067,7,1,3
WH_104685,38081,6,0,3
WH_104686,30096,6,0,6
WH_104687,29113,5,5,4
WH_104688,23131,0,0,6
WH_104689,16072,7,0,3
WH_104691,27094,6,3,6
WH_104692,18129,8,4,6
WH_104693,31080,0,1,4
WH_104694,29072,4,1,3
WH_104695,10067,4,1,4
WH_104696,10130,8,0,1
WH_104697,28062,6,0,4
WH_104698,7093,6,1,2
WH_104699,5074,6,3,3
WH_104700,24059,6,0,4
WH_104701,31146,5,1,2
WH_104702,22106,0,0,4
WH_104703,5056,6,0,1
WH_104704,27130,3,0,2
WH_104705,5137,5,0,1
WH_104706,15133,7,1,4
WH_104707,37101,0,0,3
WH_104708,47103,1,0,3
WH_104709,25072,4,1,6
WH_104710,9146,2,0,3
WH_104711,14141,2,1,2
WH_104712,13129,0,0,2
WH_104713,18123,6,0,5
WH_104714,25139,7,0,6
WH_104715,42055,1,1,3
WH_104716,35064,1,1,2
WH_104717,31144,3,0,3
WH_104718,30151,3,0,5
WH_104719,19132,6,2,2
WH_104720,30088,4,1,4
WH_104721,31122,6,0,3
WH_104722,7106,4,2,3
WH_104723,35086,6,0,6
WH_104724,25067,2,0,3
WH_104725,19143,8,0,2
WH_104726,9070,1,0,4
WH_104727,22075,8,0,3
WH_104728,7131,1,0,3
WH_104729,6127,3,0,1
WH_104730,20120,3,3,5
WH_104731,18146,7,2,3
WH_104732,29094,0,0,6
WH_104733,31061,8,3,2
WH_104734,53093,5,0,5
WH_104737,14134,1,3,2
WH_104738,21147,3,0,3
WH_104739,14108,8,5,5
WH_104740,30146,4,0,6
WH_104741,20110,7,1,3
WH_104742,21124,0,0,2
WH_104743,7117,6,0,5
WH_104744,23113,3,0,5
WH_104746,30133,5,4,2
WH_104747,19105,4,3,3
WH_104748,14095,2,0,2
WH_104749,13106,0,0,6
WH_104750,10099,3,0,6
WH_104751,9112,0,0,2
WH_104752,41102,3,0,6
WH_104753,26115,4,0,2
WH_104754,24137,5,5,5
WH_104755,45097,8,1,6
WH_104756,7067,6,1,1
WH_104757,19098,6,2,5
WH_104758,5098,8,0,2
WH_104759,26086,5,0,5
WH_104760,5079,3,2,2
WH_104761,23120,5,1,6
WH_104762,17075,0,3,2
WH_104763,46081,3,0,6
WH_104764,28102,3,1,4
WH_104765,12127,3,5,1
WH_104766,8070,8,0,5
WH_104767,7116,2,0,3
WH_104768,22059,4,3,5
WH_104769,10107,0,0,2
WH_104770,6115,8,0,5
WH_104771,23093,5,0,6
WH_104772,24121,6,0,4
WH_104773,34124,7,0,2
WH_104774,45102,1,0,2
WH_104775,23111,6,4,6
WH_104776,26121,2,3,4
WH_104777,15129,3,0,4
WH_104778,46084,6,0,6
WH_104779,24118,8,2,2
WH_104780,51130,5,0,2
WH_104781,30089,1,1,6
WH_104782,26149,8,0,3
WH_104783,26061,1,1,5
WH_104784,10069,0,1,6
WH_104785,32080,0,3,4
WH_104786,24127,8,0,6
WH_104787,29093,5,0,5
WH_104788,15143,0,0,6
WH_104789,30109,6,0,2
WH_104790,24056,6,0,5
WH_104791,12123,7,1,5
WH_104792,26079,3,0,2
WH_104793,6080,6,3,3
WH_104794,14057,5,4,5
WH_104795,28115,5,0,1
WH_104796,49061,1,0,5
WH_104797,25120,0,0,4
WH_104798,14115,3,0,5
WH_104800,30106,8,1,5
WH_104801,53075,0,0,5
WH_104802,13070,5,1,3
WH_104803,39135,0,0,3
WH_104804,27071,7,0,2
WH_104805,7114,6,0,3
WH_104806,22148,0,0,6
WH_104807,25123,8,0,5
WH_104808,31137,1,0,6
WH_104809,30081,1,3,4
WH_104810,30147,8,3,5
WH_104811,49139,4,1,3
WH_104812,25093,0,0,2
WH_104813,30106,5,0,3
WH_104814,9098,2,1,4
WH_104815,49101,3,0,5
WH_104816,20130,3,0,5
WH_104817,20142,0,2,5
WH_104818,8147,3,2,1
WH_104819,19070,7,0,4
WH_104820,14096,4,0,6
WH_104821,17106,5,2,6
WH_104822,26116,5,0,4
WH_104823,18112,0,0,6
WH_104824,5070,7,3,2
WH_104825,28123,7,0,6
WH_104826,34072,3,0,2
WH_104827,18085,8,0,5
WH_104828,32142,7,0,4
WH_104829,41111,1,0,4
WH_104830,14117,5,2,5
WH_104831,30140,4,1,6
WH_104832,27136,7,3,6
WH_104833,24136,3,0,5
WH_104834,36149,0,0,5
WH_104835,24082,7,0,3
WH_104836,25113,1,0,6
WH_104837,19122,7,2,1
WH_104838,42108,2,0,6
WH_104839,38129,3,0,4
WH_104840,24097,7,1,6
WH_104841,24129,2,0,2
WH_104842,27081,1,1,2
WH_104843,27120,2,0,5
WH_104844,7092,3,0,2
WH_104845,24064,3,4,6
WH_104846,17135,7,1,2
WH_104847,33096,8,0,2
WH_104848,20144,2,0,6
WH_104849,53110,8,0,6
WH_104850,31078,3,0,3
WH_104851,10134,6,2,5
WH_104852,22121,5,0,5
WH_104853,34062,0,2,3
WH_104854,34087,7,0,5
WH_104855,32055,7,0,4
WH_104856,5139,1,0,3
WH_104857,50073,7,0,2
WH_104858,6104,6,0,2
WH_104859,46055,6,0,6
WH_104860,16114,6,1,3
WH_104861,31092,3,0,3
WH_104862,32085,5,0,2
WH_104863,20063,4,0,3
WH_104864,5099,1,4,3
WH_104865,42068,3,0,5
WH_104866,33112,8,0,5
WH_104867,16073,6,0,3
WH_104868,17056,4,2,3
WH_104869,39138,2,1,5
WH_104870,32107,8,0,5
WH_104871,30129,6,0,5
WH_104872,34108,5,2,6
WH_104873,15069,6,1,5
WH_104874,11088,3,2,2
WH_104875,34132,0,0,6
WH_104876,9142,0,0,2
WH_104877,33141,0,0,5
WH_104878,26093,4,0,3
WH_104880,6131,0,1,2
WH_104881,39085,8,0,4
WH_104882,27115,6,0,1
WH_104883,15126,1,0,2
WH_104884,9079,8,3,1
WH_104885,16090,8,3,5
WH_104886,6097,1,0,2
WH_104887,34122,6,0,3
WH_104888,22064,7,1,6
WH_104890,54105,5,0,2
WH_104891,38058,6,0,5
WH_104892,19091,0,0,5
WH_104893,14100,4,3,2
WH_104894,4071,4,0,1
WH_104895,27112,5,0,2
WH_104896,41073,6,0,6
WH_104897,8123,3,0,1
WH_104898,23148,8,0,3
WH_104899,44147,7,0,3
WH_104900,33115,6,1,3
WH_104901,23079,7,3,5
WH_104902,22101,7,0,2
WH_104903,8098,4,3,3
WH_104904,5057,2,0,1
WH_104905,17074,3,2,2
WH_104906,34082,0,2,5
WH_104907,9083,8,1,3
WH_104908,7138,4,0,1
WH_104909,13133,0,1,4
WH_104910,14063,4,0,2
WH_104911,25092,2,0,6
WH_104912,15108,3,0,3
WH_104913,45142,8,0,5
WH_104914,28076,8,1,6
WH_104915,46100,3,0,6
WH_104916,6133,8,0,6
WH_104917,27055,4,0,6
WH_104918,21086,6,0,5
WH_104919,50089,7,1,6
WH_104920,20083,8,1,1
WH_104921,23069,7,0,2
WH_104922,24081,5,0,6
WH_104923,19145,0,0,5
WH_104924,35132,7,0,6
WH_104925,19098,3,0,4
WH_104926,21143,8,0,5
WH_104927,27085,1,0,6
WH_104928,29150,7,2,2
WH_104929,20106,5,0,5
WH_104930,19113,5,0,4
WH_104931,19108,6,0,5
WH_104932,24090,1,0,1
WH_104933,17117,7,0,5
WH_104934,31073,7,0,2
WH_104935,28093,3,3,5
WH_104936,16149,1,2,4
WH_104937,28141,3,3,2
WH_104938,19085,7,1,6
WH_104939,37129,4,1,3
WH_104940,16147,1,0,2
WH_104941,29058,5,0,4
WH_104942,10148,5,2,5
WH_104943,51129,4,0,6
WH_104944,15091,5,0,2
WH_104945,27135,5,1,4
WH_104946,11108,1,0,1
WH_104947,22103,4,0,6
WH_104948,22151,7,3,2
WH_104949,48112,7,0,4
WH_104950,17111,4,3,5
WH_104951,32134,8,2,6
WH_104952,27146,7,0,5
WH_104953,26094,0,2,5
WH_104954,42138,3,0,2
WH_104955,14143,8,1,1
WH_104956,15131,0,0,2
WH_104957,12088,4,0,2
WH_104958,50130,3,1,2
WH_104959,6131,7,2,2
WH_104960,29075,3,0,5
WH_104961,35073,1,0,4
WH_104962,35138,8,2,4
WH_104963,21079,4,0,6
WH_104964,8144,7,1,1
WH_104965,22139,1,0,3
WH_104966,23109,0,0,3
WH_104967,6099,4,0,4
WH_104968,26110,3,0,5
WH_104969,15149,5,2,6
WH_104970,29074,5,1,3
WH_104971,24058,8,0,3
WH_104972,8062,2,1,4
WH_104973,30136,1,0,2
WH_104974,6085,2,2,3
WH_104975,43079,6,0,3
WH_104976,22128,5,0,1
WH_104977,11134,6,0,2
WH_104978,27068,4,2,6
WH_104980,55066,4,0,2
WH_104981,48151,8,0,2
WH_104982,21061,2,0,2
WH_104983,32070,5,0,2
WH_104984,23080,2,0,5
WH_104985,16132,1,0,6
WH_104986,26107,5,3,3
WH_104987,34086,7,0,4
WH_104988,39126,8,0,4
WH_104990,15101,6,1,2
WH_104991,31071,5,2,3
WH_104992,9130,5,1,4
WH_104993,21106,1,3,5
WH_104994,23069,8,0,3
WH_104995,5073,2,3,1
WH_104996,18138,4,0,2
WH_104997,6147,5,3,3
WH_104998,31081,4,0,4
WH_104999,29131,3,4,5
WH_105000,15057,3,1,3
WH_105001,22142,6,3,3
WH_105002,28075,1,2,2
WH_105003,6104,2,0,1
WH_105004,19135,6,0,2
WH_105005,18141,3,2,5
WH_105006,5089,5,0,3
WH_105007,18129,6,0,1
WH_105008,44128,0,0,6
WH_105009,28107,6,2,6
WH_105010,33149,7,2,3
WH_105011,24065,0,1,5
WH_105012,21123,6,3,5
WH_105013,26109,2,0,6
WH_105014,30097,3,0,4
WH_105015,20078,2,0,5
WH_105016,7092,1,2,2
WH_105017,7111,6,1,6
WH_105018,29057,7,0,1
WH_105019,24066,5,0,4
WH_105020,5068,3,0,3
WH_105021,15106,4,0,5
WH_105023,18135,7,5,5
WH_105024,13108,5,3,5
WH_105025,15122,3,0,1
WH_105026,28135,8,1,6
WH_105027,12115,3,0,3
WH_105028,27087,7,2,4
WH_105029,45136,3,0,6
WH_105031,14129,7,0,6
WH_105032,8092,7,1,2
WH_105033,14064,8,1,6
WH_105034,7089,4,0,5
WH_105035,23143,6,0,2
WH_105036,19102,4,4,5
WH_105037,17077,5,0,2
WH_105038,42078,3,1,3
WH_105039,33090,5,3,6
WH_105040,11121,5,0,5
WH_105041,5111,5,0,1
WH_105042,4147,7,0,3
WH_105043,37112,3,0,2
WH_105044,24075,4,0,2
WH_105045,25144,0,0,3
WH_105046,26099,1,2,6
WH_105047,6087,5,1,2
WH_105048,19149,3,1,2
WH_105049,23137,8,0,3
WH_105050,46077,1,1,2
WH_105051,18062,8,0,2
WH_105052,13137,2,2,6
WH_105053,48089,1,0,2
WH_105054,6069,4,0,2
WH_105055,14130,6,1,2
WH_105056,17073,1,0,1
WH_105057,5121,3,0,2
WH_105058,28140,0,1,3
WH_105059,25080,6,0,3
WH_105060,44126,2,1,4
WH_105061,29129,8,3,4
WH_105062,50147,1,0,6
WH_105063,33058,2,0,4
WH_105064,6092,5,0,2
WH_105065,20138,3,2,6
WH_105066,32144,8,1,2
WH_105067,35082,6,0,2
WH_105068,20115,1,0,2
WH_105069,14092,5,0,6
WH_105070,19131,1,2,2
WH_105071,37143,8,0,5
WH_105072,28058,3,0,1
WH_105073,18120,6,1,3
WH_105074,52151,2,0,6
WH_105075,6056,0,3,3
WH_105076,14075,7,1,2
WH_105077,28130,7,2,4
WH_105078,19118,5,3,3
WH_105079,6149,5,0,3
WH_105080,51093,8,1,5
WH_105081,41134,5,0,2
WH_105082,27068,1,0,5
WH_105083,22122,1,0,4
WH_105084,46100,4,0,2
WH_105085,13059,4,0,1
WH_105086,31119,3,0,4
WH_105087,23083,6,0,6
WH_105088,26072,4,2,6
WH_105089,14121,6,0,2
WH_105090,40106,7,0,2
WH_105091,23131,7,2,4
WH_105092,32135,3,0,5
WH_105093,12086,0,3,3
WH_105094,11104,8,0,2
WH_105095,26061,2,0,5
WH_105096,30116,0,0,2
WH_105097,7071,0,3,2
WH_105098,21087,8,1,5
WH_105099,24081,8,1,6
WH_105100,34071,6,0,5
WH_105101,21118,5,2,6
WH_105102,20147,7,0,3
WH_105103,35069,8,0,2
WH_105104,9091,7,2,2
WH_105105,13141,8,1,2
WH_105106,19115,7,0,2
WH_105107,32100,0,0,5
WH_105108,8066,0,0,1
WH_105109,30119,3,0,3
WH_105110,7146,1,0,6
WH_105111,47067,0,0,6
WH_105112,12097,4,4,5
WH_105113,26082,1,1,2
WH_105114,40113,7,0,2
WH_105115,12138,8,1,5
WH_105116,16126,5,0,6
WH_105117,7102,6,1,2
WH_105118,21133,3,5,2
WH_105119,30069,6,0,3
WH_105120,22065,1,1,2
WH_105121,15063,0,0,6
WH_105122,13111,2,0,2
WH_105123,21148,8,0,6
WH_105124,49057,8,0,2
WH_105125,18098,7,0,4
WH_105126,12057,6,2,2
WH_105128,6123,4,2,1
WH_105129,8118,8,3,4
WH_105130,14088,1,1,6
WH_105131,19150,7,3,3
WH_105132,32061,3,0,6
WH_105133,12117,6,0,2
WH_105134,29122,2,0,5
WH_105135,11128,8,1,3
WH_105136,23136,3,1,4
WH_105137,31118,8,0,2
WH_105138,21073,7,2,4
WH_105139,8131,8,2,1
WH_105140,21061,5,5,4
WH_105141,23078,6,0,6
WH_105142,8083,4,0,1
WH_105143,44088,8,0,6
WH_105144,32064,5,0,5
WH_105145,34090,0,2,3
WH_105146,12102,4,2,4
WH_105147,24107,7,3,2
WH_105148,33089,0,0,4
WH_105149,24143,0,0,6
WH_105150,18130,7,0,6
WH_105151,11119,7,0,6
WH_105152,13149,6,0,2
WH_105153,6071,6,0,1
WH_105154,19125,8,0,6
WH_105155,5059,5,2,3
WH_105156,25080,7,1,5
WH_105157,26109,1,2,2
WH_105158,12135,4,0,4
WH_105159,7146,7,3,2
WH_105160,16105,0,0,5
WH_105161,16058,0,2,3
WH_105162,31149,8,1,4
WH_105163,31073,0,0,4
WH_105164,30068,6,0,2
WH_105165,16099,5,0,3
WH_105166,48096,4,0,6
WH_105167,17143,0,0,6
WH_105168,43116,5,0,2
WH_105169,23081,8,0,6
WH_105170,31133,5,1,2
WH_105171,18104,0,5,5
WH_105172,40121,5,1,4
WH_105173,6134,8,0,2
WH_105174,15124,6,1,6
WH_105175,23066,5,0,6
WH_105177,29149,6,0,5
WH_105178,6068,5,2,2
WH_105179,16085,4,0,1
WH_105180,18092,0,0,4
WH_105181,28089,3,0,2
WH_105182,13125,6,0,5
WH_105183,32094,6,0,4
WH_105184,22117,4,1,4
WH_105185,5138,6,0,1
WH_105186,7057,8,0,1
WH_105187,25133,5,4,4
WH_105188,15108,8,0,3
WH_105189,9056,1,0,2
WH_105190,23129,1,0,4
WH_105191,29149,2,0,4
WH_105192,8143,8,1,1
WH_105193,29059,5,0,2
WH_105194,24143,4,0,5
WH_105195,49076,8,1,4
WH_105196,27061,4,1,2
WH_105197,4068,8,3,1
WH_105198,15113,8,1,6
WH_105199,10111,7,3,3
WH_105200,14124,8,1,5
WH_105201,16144,6,3,4
WH_105202,29147,4,0,4
WH_105203,12067,0,1,1
WH_105204,29069,5,0,2
WH_105205,19087,3,0,2
WH_105206,25079,2,3,4
WH_105207,39150,3,0,4
WH_105208,34147,8,0,5
WH_105209,5106,7,0,1
WH_105210,26110,1,0,6
WH_105211,39055,2,0,2
WH_105212,41115,7,0,3
WH_105213,32104,1,3,2
WH_105214,16102,5,0,1
WH_105216,29112,0,0,3
WH_105217,22088,7,4,1
WH_105218,12069,0,0,5
WH_105219,24096,4,0,6
WH_105220,12085,0,0,1
WH_105221,25091,3,0,5
WH_105222,28080,0,0,6
WH_105223,5064,3,1,2
WH_105224,21108,1,1,5
WH_105225,19121,7,0,4
WH_105226,26148,0,2,3
WH_105227,38147,3,0,5
WH_105228,42106,3,0,4
WH_105229,45092,4,1,6
WH_105230,18074,0,0,6
WH_105231,31129,2,0,3
WH_105232,20102,6,2,2
WH_105233,8116,5,3,1
WH_105234,13140,3,0,3
WH_105235,32067,4,0,3
WH_105236,15073,1,0,6
WH_105237,8132,6,3,4
WH_105238,25142,3,0,2
WH_105239,22089,2,1,6
WH_105240,11108,6,3,5
WH_105241,23120,1,5,6
WH_105242,15107,6,0,2
WH_105243,29068,3,0,2
WH_105244,52093,1,0,3
WH_105245,11067,7,2,2
WH_105246,19062,3,1,4
WH_105247,7133,7,1,2
WH_105248,28134,0,2,2
WH_105249,9059,7,0,1
WH_105250,31121,3,3,2
WH_105251,17102,4,3,5
WH_105252,8057,7,2,6
WH_105253,46136,1,0,3
WH_105254,40127,2,0,2
WH_105255,32144,8,0,6
WH_105256,49104,4,0,5
WH_105257,16090,0,0,6
WH_105258,10078,4,0,2
WH_105259,24089,4,0,1
WH_105260,40083,3,0,6
WH_105261,24128,3,3,5
WH_105262,53085,3,0,4
WH_105263,23061,5,0,5
WH_105264,28065,0,2,3
WH_105265,23056,4,0,6
WH_105266,5119,8,2,6
WH_105267,36134,1,1,3
WH_105268,22063,0,0,6
WH_105269,23133,0,2,2
WH_105270,36073,0,1,4
WH_105271,32120,3,0,2
WH_105272,18065,5,0,5
WH_105273,40147,4,0,4
WH_105274,6148,1,0,2
WH_105275,20100,3,0,4
WH_105276,34077,1,2,4
WH_105277,22142,8,0,6
WH_105278,28113,0,1,5
WH_105279,23082,4,1,6
WH_105280,18071,5,0,6
WH_105281,26060,0,0,6
WH_105282,30077,0,0,5
WH_105283,23105,4,1,6
WH_105284,14079,8,0,6
WH_105285,23106,7,0,2
WH_105286,5057,7,0,2
WH_105287,28069,4,0,3
WH_105288,49140,3,0,4
WH_105289,31057,7,0,4
WH_105290,38108,7,0,6
WH_105291,37135,1,0,2
WH_105292,35108,6,0,2
WH_105293,27086,4,0,3
WH_105294,18082,8,2,5
WH_105295,17129,1,0,4
WH_105296,5065,6,2,4
WH_105297,29110,4,1,6
WH_105298,26070,1,0,5
WH_105299,23108,0,0,5
WH_105300,15076,5,0,3
WH_105301,21063,1,0,6
WH_105302,27102,8,0,4
WH_105303,35086,3,0,6
WH_105304,31117,1,0,3
WH_105305,20129,3,0,4
WH_105306,25150,4,1,4
WH_105307,14136,8,0,5
WH_105308,48138,3,0,5
WH_105309,32060,8,0,5
WH_105310,40113,6,0,4
WH_105311,21088,8,0,6
WH_105312,6122,8,1,3
WH_105313,24089,5,0,3
WH_105314,20116,8,0,2
WH_105315,24079,1,1,6
WH_105316,30081,3,0,4
WH_105318,16149,7,0,6
WH_105320,49085,1,0,2
WH_105321,20112,1,3,6
WH_105322,32107,0,4,5
WH_105323,11089,1,0,2
WH_105324,6061,4,0,2
WH_105325,39124,3,0,6
WH_105326,41059,5,2,5
WH_105327,36059,6,1,5
WH_105328,36088,3,0,6
WH_105329,7081,4,3,1
WH_105330,18091,7,2,3
WH_105331,25098,1,4,4
WH_105333,22115,0,0,3
WH_105334,20129,8,3,3
WH_105335,18066,8,0,5
WH_105336,30065,8,3,4
WH_105337,23073,3,2,3
WH_105338,11138,5,0,4
WH_105339,20082,0,0,2
WH_105340,10106,1,4,2
WH_105341,24142,7,0,6
WH_105342,23116,4,1,5
WH_105343,39078,1,0,6
WH_105344,35076,1,1,2
WH_105345,21129,8,0,4
WH_105346,31115,1,0,3
WH_105348,31077,7,0,3
WH_105349,7116,4,0,2
WH_105350,27056,4,2,5
WH_105351,7058,8,0,2
WH_105352,27128,7,0,1
WH_105354,46082,1,0,3
WH_105355,32145,2,0,5
WH_105356,30074,5,0,4
WH_105357,5132,8,0,1
WH_105358,12151,7,1,6
WH_105359,21146,5,0,2
WH_105360,34076,7,1,1
WH_105361,18129,3,0,5
WH_105362,28088,4,1,2
WH_105363,38151,6,0,2
WH_105364,14145,0,0,5
WH_105365,13072,1,0,4
WH_105366,27094,0,0,2
WH_105367,14134,4,5,5
WH_105368,6113,7,1,4
WH_105369,9151,1,1,4
WH_105370,19141,4,0,5
WH_105371,33084,4,0,4
WH_105372,20102,7,0,3
WH_105373,7123,6,1,1
WH_105374,40064,8,2,4
WH_105375,25107,4,0,3
WH_105376,25062,1,0,4
WH_105377,20057,6,3,6
WH_105378,40068,5,0,4
WH_105379,12068,0,0,4
WH_105380,17110,0,2,2
WH_105381,26079,3,0,3
WH_105382,16110,4,0,6
WH_105383,8079,5,2,2
WH_105384,21143,7,0,5
WH_105385,26068,3,0,1
WH_105386,40076,0,1,5
WH_105387,27091,3,0,5
WH_105388,9131,5,0,1
WH_105389,25144,0,1,5
WH_105390,20147,0,1,3
WH_105391,25137,7,0,3
WH_105392,53061,8,0,4
WH_105393,17099,1,4,3
WH_105394,26103,5,0,3
WH_105395,31102,5,0,5
WH_105396,28136,3,2,5
WH_105397,8135,7,1,3
WH_105398,31098,0,0,3
WH_105399,8103,5,3,1
WH_105400,24060,0,0,2
WH_105401,42121,4,0,4
WH_105402,5068,0,0,2
WH_105403,4146,8,0,3
WH_105404,22136,3,0,6
WH_105405,9103,5,0,2
WH_105406,21116,7,1,2
WH_105407,30070,3,0,4
WH_105408,31113,7,2,4
WH_105409,12132,1,1,5
WH_105410,7151,3,0,4
WH_105411,27090,8,0,2
WH_105412,12134,4,0,4
WH_105413,26091,5,0,2
WH_105414,6056,5,0,6
WH_105415,26113,4,1,4
WH_105416,21068,6,0,5
WH_105417,16076,7,0,4
WH_105418,54106,4,0,4
WH_105419,20114,4,3,5
WH_105420,12136,0,1,6
WH_105421,5071,1,0,1
WH_105422,41077,6,0,2
WH_105423,10090,8,1,2
WH_105424,29137,4,0,4
WH_105425,6081,3,0,2
WH_105426,16091,0,0,5
WH_105427,35080,2,0,6
WH_105428,25094,0,0,4
WH_105429,19137,0,0,6
WH_105430,14106,2,0,5
WH_105431,14126,7,0,6
WH_105432,29123,6,2,4
WH_105433,41131,4,1,4
WH_105434,29101,8,0,5
WH_105435,8097,1,1,5
WH_105436,30119,1,0,2
WH_105437,13066,7,0,1
WH_105438,25108,1,0,4
WH_105439,21070,6,2,4
WH_105440,6081,0,1,3
WH_105441,21076,1,0,2
WH_105442,14062,6,0,2
WH_105443,36121,3,0,2
WH_105444,24128,3,0,4
WH_105445,14104,7,0,3
WH_105446,37151,6,1,3
WH_105447,20060,3,0,6
WH_105448,31138,0,0,2
WH_105449,27063,3,0,6
WH_105450,6084,3,0,5
WH_105451,21088,2,0,6
WH_105452,26059,8,3,4
WH_105453,28123,4,0,3
WH_105455,13109,6,1,2
WH_105456,32149,8,0,3
WH_105457,11095,8,3,4
WH_105458,36108,1,0,4
WH_105459,27080,8,1,4
WH_105460,35089,8,3,3
WH_105461,14084,6,0,1
WH_105462,44109,5,0,6
WH_105463,13144,1,0,2
WH_105464,10102,3,1,6
WH_105465,7131,0,0,1
WH_105466,32097,2,0,5
WH_105467,6055,6,4,2
WH_105468,6063,4,1,2
WH_105469,14130,4,3,2
WH_105470,29119,3,0,3
WH_105472,23106,4,4,4
WH_105473,32066,1,0,2
WH_105474,28080,8,1,6
WH_105475,13062,6,2,6
WH_105476,22148,5,4,2
WH_105477,47089,0,0,4
WH_105478,13075,3,0,2
WH_105479,6077,7,0,1
WH_105480,15110,5,3,6
WH_105481,25088,5,0,3
WH_105482,8063,3,1,1
WH_105483,24115,3,3,2
WH_105484,24118,6,0,2
WH_105485,28119,0,3,3
WH_105486,32067,3,0,6
WH_105487,36082,8,0,3
WH_105488,26069,5,0,4
WH_105489,27094,0,1,3
WH_105490,10145,8,3,1
WH_105491,4101,4,0,1
WH_105492,6059,3,0,4
WH_105493,29121,0,0,4
WH_105494,9079,4,0,2
WH_105495,28113,3,0,2
WH_105496,19073,7,0,4
WH_105497,5056,6,3,1
WH_105498,16103,7,0,2
WH_105499,26078,2,0,3
WH_105500,43133,5,0,4
WH_105501,5068,0,2,2
WH_105502,6070,2,2,1
WH_105503,37070,5,0,5
WH_105504,29070,3,0,4
WH_105505,43087,7,1,4
WH_105506,30143,7,0,6
WH_105507,15077,6,2,4
WH_105508,6076,2,0,2
WH_105509,15074,1,1,1
WH_105510,15104,2,1,1
WH_105511,16066,2,1,6
WH_105512,38071,1,0,4
WH_105513,30135,6,2,2
WH_105514,29080,4,1,4
WH_105515,28148,7,0,5
WH_105516,8128,4,1,1
WH_105517,44093,3,0,4
WH_105518,5076,4,3,2
WH_105519,8109,3,0,3
WH_105520,14135,8,0,6
WH_105522,25068,8,2,6
WH_105523,7075,4,1,6
WH_105524,20089,2,0,5
WH_105525,11122,5,0,6
WH_105526,6078,7,2,2
WH_105527,16059,7,0,2
WH_105528,16142,3,0,6
WH_105529,16097,7,2,4
WH_105530,48139,4,0,3
WH_105531,20083,1,0,6
WH_105532,30060,8,0,4
WH_105533,9117,0,0,3
WH_105535,40110,2,0,4
WH_105536,28095,6,0,5
WH_105537,21101,8,0,4
WH_105538,29147,8,0,5
WH_105539,37133,7,0,4
WH_105540,22141,8,0,5
WH_105541,12144,5,0,2
WH_105542,12132,2,1,4
WH_105543,25095,0,0,4
WH_105544,29107,7,0,3
WH_105545,29149,2,0,6
WH_105546,8060,1,0,3
WH_105547,24080,2,1,6
WH_105548,24104,7,3,4
WH_105549,10145,0,2,3
WH_105550,21063,7,0,4
WH_105551,4135,5,3,2
WH_105552,23067,5,0,2
WH_105553,5074,2,0,3
WH_105554,18091,4,0,2
WH_105555,19057,6,1,4
WH_105556,32114,5,4,4
WH_105557,24084,0,0,2
WH_105558,13135,6,0,4
WH_105559,21075,7,0,3
WH_105560,46066,5,0,3
WH_105561,6099,1,0,3
WH_105562,24071,8,1,6
WH_105563,17134,5,3,4
WH_105564,30085,4,0,5
WH_105565,21132,3,3,2
WH_105566,42127,0,0,2
WH_105567,12139,3,0,3
WH_105568,29071,4,1,3
WH_105570,53057,7,0,4
WH_105571,29055,6,0,3
WH_105572,12070,0,0,5
WH_105573,17108,3,1,6
WH_105574,24116,2,0,1
WH_105575,19125,3,5,2
WH_105576,27089,4,3,4
WH_105577,29123,3,0,6
WH_105578,42102,3,0,4
WH_105579,48078,1,0,5
WH_105581,26112,0,0,6
WH_105582,7059,3,0,1
WH_105583,25100,4,0,2
WH_105584,22124,7,0,5
WH_105585,30148,6,1,2
WH_105586,32135,5,0,3
WH_105587,15082,2,0,2
WH_105588,13067,8,3,4
WH_105589,32140,5,1,3
WH_105590,30123,4,0,2
WH_105591,11075,6,1,2
WH_105592,26140,4,0,3
WH_105593,37067,6,2,4
WH_105594,29104,8,1,2
WH_105595,31129,3,4,3
WH_105596,39063,4,0,3
WH_105597,10065,5,1,4
WH_105598,32097,1,0,2
WH_105599,22121,5,2,2
WH_105600,7138,3,3,1
WH_105601,7140,2,1,3
WH_105602,17083,3,1,5
WH_105603,18099,1,0,5
WH_105604,30143,4,0,5
WH_105605,11076,3,1,5
WH_105606,30083,0,0,4
WH_105607,6090,1,0,3
WH_105608,12060,5,0,1
WH_105609,20150,3,1,4
WH_105610,36140,1,1,4
WH_105611,37068,1,0,5
WH_105612,17141,3,1,4
WH_105613,19067,3,0,6
WH_105614,34143,3,0,2
WH_105615,25119,6,0,2
WH_105616,26103,7,0,6
WH_105617,16096,1,0,2
WH_105618,18062,5,1,5
WH_105619,32147,3,0,4
WH_105620,33149,6,0,6
WH_105621,44131,1,0,5
WH_105622,27113,6,1,3
WH_105623,14147,5,0,5
WH_105624,51139,5,0,2
WH_105625,32118,7,0,2
WH_105626,22121,5,1,5
WH_105627,31130,8,1,3
WH_105628,31133,8,0,6
WH_105629,33146,7,1,6
WH_105630,49088,8,0,2
WH_105631,28140,0,0,2
WH_105632,19092,0,3,4
WH_105633,18084,4,1,5
WH_105634,21121,5,0,3
WH_105635,8099,7,0,2
WH_105636,31136,5,0,3
WH_105637,40121,8,0,4
WH_105638,11133,5,0,5
WH_105639,24150,1,0,2
WH_105640,4058,8,1,3
WH_105641,10079,8,0,3
WH_105642,11149,3,2,1
WH_105643,30143,2,0,6
WH_105644,21151,3,0,3
WH_105645,24145,0,0,2
WH_105646,21146,5,0,2
WH_105647,35135,2,0,6
WH_105648,7062,8,0,5
WH_105649,10135,4,0,2
WH_105650,21070,8,0,5
WH_105651,13097,0,0,2
WH_105652,11149,3,0,5
WH_105654,40082,0,1,3
WH_105655,24072,3,0,3
WH_105656,31096,8,2,6
WH_105657,41141,1,0,6
WH_105658,43139,1,0,6
WH_105659,19093,7,3,3
WH_105660,39080,3,0,3
WH_105661,10083,4,0,2
WH_105662,22128,1,1,3
WH_105663,17063,6,1,6
WH_105664,41078,8,0,4
WH_105665,13144,5,0,4
WH_105666,21070,0,0,1
WH_105667,17096,0,2,4
WH_105668,14094,7,3,6
WH_105669,18100,8,0,3
WH_105670,37055,7,2,3
WH_105671,36145,8,0,6
WH_105672,18082,1,1,6
WH_105673,23057,8,4,2
WH_105674,31103,1,0,4
WH_105675,31057,7,0,6
WH_105676,27099,5,0,5
WH_105677,7085,1,0,6
WH_105678,21074,5,0,6
WH_105679,6143,6,3,2
WH_105681,23079,4,2,6
WH_105682,36129,1,0,2
WH_105683,45055,8,0,2
WH_105684,19070,8,2,3
WH_105685,32114,4,0,3
WH_105686,8085,1,2,6
WH_105687,7073,8,2,3
WH_105688,23101,7,0,4
WH_105689,5055,1,0,3
WH_105690,7096,8,1,6
WH_105691,7083,1,0,1
WH_105692,26140,1,0,3
WH_105693,7103,8,0,6
WH_105694,25121,5,0,2
WH_105695,31151,7,0,6
WH_105696,28128,4,0,5
WH_105697,42061,8,0,5
WH_105698,29134,0,0,6
WH_105699,9064,7,1,1
WH_105700,26134,1,3,3
WH_105701,26126,3,3,4
WH_105702,28070,7,0,5
WH_105703,32100,7,0,3
WH_105704,7096,5,0,3
WH_105705,23127,5,1,3
WH_105706,23075,4,0,4
WH_105707,31073,7,0,5
WH_105709,34110,6,0,3
WH_105710,23149,3,0,2
WH_105711,41150,5,1,5
WH_105712,32142,6,0,6
WH_105713,12134,1,0,3
WH_105714,6114,8,0,1
WH_105715,5151,4,2,3
WH_105716,18121,7,4,4
WH_105717,25062,3,0,2
WH_105718,37134,3,0,4
WH_105719,26080,5,2,4
WH_105720,38080,7,0,2
WH_105721,31109,5,0,2
WH_105722,23137,1,0,3
WH_105723,52107,8,0,4
WH_105724,24145,4,5,3
WH_105725,28079,3,0,3
WH_105726,30104,5,2,5
WH_105727,21077,6,0,1
WH_105728,5062,4,0,3
WH_105729,39132,4,0,6
WH_105730,15108,3,0,4
WH_105731,13133,8,1,5
WH_105732,20070,0,4,2
WH_105733,5095,0,0,2
WH_105734,13119,2,0,3
WH_105735,31068,8,0,6
WH_105736,33107,1,0,3
WH_105737,32096,5,1,3
WH_105738,13056,6,0,3
WH_105739,23117,6,0,5
WH_105740,17131,8,4,5
WH_105741,22070,7,0,4
WH_105742,13059,2,1,3
WH_105743,22151,8,0,3
WH_105744,38128,8,1,6
WH_105745,21121,4,0,2
WH_105746,23113,8,0,6
WH_105747,20136,1,0,4
WH_105748,19109,3,0,2
WH_105749,17119,7,0,6
WH_105750,8126,0,5,2
WH_105751,8148,4,2,2
WH_105752,23129,5,0,2
WH_105753,17095,5,3,3
WH_105754,5099,5,3,3
WH_105755,30122,5,0,6
WH_105757,25128,3,0,5
WH_105758,29115,0,0,5
WH_105759,6056,1,0,3
WH_105760,22091,5,0,4
WH_105761,24120,5,3,5
WH_105762,35077,1,1,5
WH_105763,6067,3,1,3
WH_105764,40150,7,0,4
WH_105765,40106,8,0,4
WH_105766,34084,5,1,2
WH_105767,30144,0,0,4
WH_105769,26138,2,0,5
WH_105770,34094,4,0,6
WH_105771,30083,5,3,3
WH_105772,34133,3,0,3
WH_105773,39061,8,1,2
WH_105774,9129,7,2,3
WH_105775,22092,3,2,4
WH_105776,46151,3,0,4
WH_105777,20092,6,0,2
WH_105778,34062,2,0,3
WH_105779,41119,8,0,5
WH_105780,40116,6,0,5
WH_105781,30108,0,0,3
WH_105782,16057,0,0,2
WH_105783,6103,5,0,1
WH_105784,7131,2,1,1
WH_105785,17063,0,1,2
WH_105786,21135,8,0,4
WH_105787,8112,0,0,1
WH_105788,5119,2,0,2
WH_105789,28055,6,0,2
WH_105790,50100,0,0,5
WH_105791,29116,1,1,2
WH_105792,11089,7,0,1
WH_105793,52105,4,0,4
WH_105794,50140,1,0,2
WH_105796,28076,6,0,3
WH_105797,31057,4,0,5
WH_105798,48127,2,0,2
WH_105799,22110,7,0,6
WH_105800,18086,1,1,2
WH_105801,11127,6,0,6
WH_105802,43082,5,0,6
WH_105803,19110,4,0,1
WH_105804,51126,6,0,4
WH_105805,26101,1,0,3
WH_105806,13097,7,0,1
WH_105807,24089,1,0,6
WH_105808,6080,6,0,5
WH_105809,13111,8,5,5
WH_105810,42116,6,0,5
WH_105811,17072,1,0,2
WH_105812,30064,8,1,4
WH_105813,5113,1,0,2
WH_105814,23102,0,0,2
WH_105815,5103,4,2,3
WH_105816,7140,8,3,1
WH_105817,7075,7,0,3
WH_105818,8135,2,0,1
WH_105819,6079,3,0,1
WH_105820,23090,0,1,6
WH_105821,27067,4,3,2
WH_105822,21121,8,3,6
WH_105823,25099,6,0,4
WH_105825,23107,1,0,6
WH_105826,26134,6,0,4
WH_105827,5131,4,0,1
WH_105828,16064,1,0,1
WH_105830,51088,7,0,2
WH_105831,13129,3,2,2
WH_105832,18127,3,1,6
WH_105833,28056,4,1,3
WH_105834,25091,5,0,4
WH_105835,23135,7,4,5
WH_105836,25145,8,0,6
WH_105837,34079,0,2,3
WH_105838,28095,5,0,6
WH_105839,27135,5,0,1
WH_105840,34066,5,0,6
WH_105841,30060,6,0,2
WH_105842,33074,3,0,2
WH_105843,34113,7,1,4
WH_105844,12143,5,2,5
WH_105845,6057,8,0,1
WH_105846,14096,8,0,2
WH_105847,8131,3,0,6
WH_105848,31069,8,0,4
WH_105849,10138,3,0,2
WH_105850,30096,0,0,5
WH_105851,21142,6,0,4
WH_105852,26079,5,0,2
WH_105853,21095,4,0,6
WH_105854,12121,0,0,2
WH_105855,38088,4,1,4
WH_105856,12065,3,0,1
WH_105857,42090,4,0,2
WH_105858,14131,5,3,3
WH_105859,33121,2,0,2
WH_105860,32084,7,0,5
WH_105862,16106,1,3,1
WH_105863,30127,8,1,2
WH_105864,23118,0,3,4
WH_105865,25149,2,0,6
WH_105866,34120,7,1,2
WH_105867,15123,2,0,3
WH_105868,13089,4,0,3
WH_105869,22128,8,3,5
WH_105870,38065,3,0,3
WH_105871,25120,0,0,2
WH_105872,33097,7,0,5
WH_105873,26063,3,0,3
WH_105874,22072,5,1,1
WH_105875,4079,2,3,2
WH_105876,17138,2,2,6
WH_105877,7144,4,4,5
WH_105879,33067,4,0,4
WH_105880,12114,5,0,6
WH_105881,47113,6,0,2
WH_105882,17141,8,2,3
WH_105883,32068,7,0,2
WH_105884,33081,5,0,2
WH_105885,28107,4,0,4
WH_105886,13080,3,1,3
WH_105887,20093,8,0,5
WH_105888,44094,7,0,6
WH_105889,19061,6,1,5
WH_105890,22131,5,0,4
WH_105891,10117,7,0,3
WH_105892,29142,4,0,5
WH_105893,30066,3,5,2
WH_105894,26133,6,0,4
WH_105895,5125,4,0,3
WH_105896,6097,7,0,1
WH_105897,4142,0,2,2
WH_105898,34065,5,0,3
WH_105899,34100,6,1,2
WH_105900,30063,7,3,4
WH_105901,6140,3,3,2
WH_105902,28134,6,4,4
WH_105903,32117,0,0,3
WH_105904,7096,1,2,3
WH_105905,17061,4,4,2
WH_105906,13082,0,0,2
WH_105907,25071,7,0,4
WH_105908,31119,1,0,3
WH_105910,8056,2,0,3
WH_105911,31085,3,0,2
WH_105912,43145,8,0,6
WH_105913,7148,8,2,2
WH_105914,28141,6,0,3
WH_105915,20145,8,1,6
WH_105916,6129,6,0,2
WH_105917,5115,3,0,3
WH_105918,49141,7,0,6
WH_105919,7125,6,0,2
WH_105920,4111,4,0,3
WH_105921,6108,6,1,2
WH_105922,25102,3,5,6
WH_105923,6133,4,0,1
WH_105924,22146,8,0,6
WH_105925,23085,7,0,1
WH_105926,48141,3,0,3
WH_105927,15134,6,2,4
WH_105928,23121,8,0,2
WH_105929,13097,7,3,2
WH_105930,30059,0,4,4
WH_105931,22059,1,0,3
WH_105932,17064,3,0,6
WH_105933,25113,5,1,5
WH_105934,21107,6,1,4
WH_105935,29088,4,1,5
WH_105936,20148,1,3,2
WH_105937,41119,0,0,4
WH_105938,10139,2,0,1
WH_105939,13083,1,0,6
WH_105940,43082,0,0,3
WH_105941,32151,6,4,6
WH_105942,25150,5,0,2
WH_105943,32121,0,0,4
WH_105944,53123,3,0,5
WH_105945,28111,7,0,3
WH_105946,20111,0,0,3
WH_105947,38123,5,0,5
WH_105948,21126,0,2,4
WH_105949,14071,7,1,5
WH_105950,30127,3,2,6
WH_105951,11086,3,1,1
WH_105952,6072,7,0,2
WH_105953,26113,8,0,3
WH_105954,31144,7,0,2
WH_105955,36057,7,2,3
WH_105956,6079,0,4,1
WH_105957,28125,1,0,1
WH_105958,18109,8,3,5
WH_105959,48117,3,1,2
WH_105960,13117,0,1,5
WH_105961,37095,4,1,2
WH_105962,13114,3,0,6
WH_105963,17113,5,0,5
WH_105964,24074,8,0,5
WH_105965,43147,6,1,6
WH_105966,24091,1,2,3
WH_105967,7136,7,0,2
WH_105968,23117,8,1,3
WH_105969,21096,7,3,4
WH_105971,31142,2,0,5
WH_105972,6094,4,1,5
WH_105973,16147,8,0,5
WH_105974,28149,3,0,4
WH_105975,6109,7,0,6
WH_105976,6122,6,2,2
WH_105977,33141,8,0,3
WH_105978,22111,1,0,2
WH_105979,16115,6,3,5
WH_105980,19133,1,3,3
WH_105981,8122,4,0,2
WH_105982,16074,0,2,4
WH_105983,12057,7,0,2
WH_105984,11086,8,0,3
WH_105985,33118,1,0,3
WH_105986,27068,0,1,5
WH_105987,24082,1,0,2
WH_105988,17134,8,2,4
WH_105989,16056,5,3,3
WH_105990,45143,5,0,5
WH_105991,27077,8,0,5
WH_105992,5104,6,1,1
WH_105993,29151,1,1,2
WH_105994,8126,6,2,2
WH_105995,5095,5,2,3
WH_105996,45144,3,0,6
WH_105997,47131,0,0,2
WH_105998,32090,8,0,4
WH_105999,5101,1,0,1
WH_106000,32070,4,0,4
WH_106001,31100,3,0,2
WH_106002,21087,3,1,4
WH_106003,34134,2,0,4
WH_106004,43129,8,0,2
WH_106005,25081,6,0,2
WH_106006,17100,5,0,5
WH_106007,34146,3,1,2
WH_106008,6071,8,0,3
WH_106009,44096,3,0,4
WH_106011,24078,3,0,2
WH_106012,12128,5,1,1
WH_106013,13099,1,5,2
WH_106014,45127,7,0,4
WH_106015,34129,3,1,2
WH_106016,32105,0,2,6
WH_106017,46107,8,0,3
WH_106019,15095,7,0,4
WH_106020,23146,5,0,2
WH_106021,26067,7,0,4
WH_106022,37136,7,0,4
WH_106023,30109,2,0,5
WH_106024,27122,4,2,4
WH_106025,7062,7,1,2
WH_106026,10060,5,2,2
WH_106027,14081,8,4,6
WH_106028,15083,8,1,5
WH_106029,16094,0,0,6
WH_106030,39084,5,0,4
WH_106031,19100,3,5,5
WH_106032,12063,8,0,1
WH_106033,31127,8,0,3
WH_106034,23076,2,0,3
WH_106035,39104,4,0,5
WH_106036,22143,7,0,4
WH_106037,44092,0,0,3
WH_106038,12151,1,0,3
WH_106039,46146,6,0,2
WH_106040,9144,5,0,2
WH_106041,43061,6,0,5
WH_106042,32094,4,3,3
WH_106043,20060,7,0,3
WH_106044,18077,8,0,3
WH_106045,24085,3,0,5
WH_106046,6122,5,2,2
WH_106047,30114,3,0,6
WH_106048,20107,2,4,2
WH_106049,7072,8,0,2
WH_106050,42124,3,0,3
WH_106051,27073,1,0,4
WH_106052,31128,5,1,6
WH_106053,11067,6,1,3
WH_106054,10082,8,0,6
WH_106055,48116,1,0,5
WH_106056,7088,7,0,5
WH_106057,23131,3,3,4
WH_106058,38121,5,0,5
WH_106059,29081,7,1,5
WH_106060,31136,7,1,5
WH_106061,29131,2,0,4
WH_106063,27138,0,4,5
WH_106064,8076,2,2,2
WH_106065,10136,1,0,6
WH_106066,12079,6,0,2
WH_106067,5115,1,3,2
WH_106068,9109,0,0,3
WH_106069,19114,4,3,5
WH_106070,24128,5,0,3
WH_106071,23088,1,1,2
WH_106072,20090,0,0,3
WH_106073,21068,5,0,3
WH_106074,6097,7,3,3
WH_106075,35140,8,0,3
WH_106076,48097,2,0,3
WH_106077,33151,5,0,3
WH_106078,21119,6,0,3
WH_106079,16105,2,1,4
WH_106080,15098,5,0,3
WH_106081,33070,5,0,6
WH_106082,39089,3,1,3
WH_106083,10149,2,1,1
WH_106084,44087,6,0,2
WH_106085,23124,0,0,4
WH_106086,8128,1,0,2
WH_106087,6075,2,0,3
WH_106088,34142,5,1,3
WH_106089,5114,7,2,1
WH_106090,19113,3,5,5
WH_106091,32137,5,0,5
WH_106092,21110,5,3,2
WH_106093,24136,3,0,3
WH_106094,20062,8,3,6
WH_106095,21075,1,0,1
WH_106096,34093,5,0,4
WH_106097,18070,8,1,5
WH_106098,15148,1,0,2
WH_106099,15099,0,0,5
WH_106100,13135,6,0,2
WH_106101,33116,1,1,6
WH_106102,10095,1,1,1
WH_106103,16098,6,4,2
WH_106104,9148,5,1,2
WH_106105,8130,8,0,1
WH_106106,19146,0,2,6
WH_106107,21094,1,0,1
WH_106108,18064,2,0,5
WH_106109,31091,1,0,4
WH_106110,29147,5,0,3
WH_106111,28108,8,0,2
WH_106112,17147,7,2,6
WH_106113,9133,5,0,3
WH_106114,34085,7,1,4
WH_106115,18101,1,3,6
WH_106116,5114,2,0,2
WH_106117,30064,8,0,3
WH_106118,10072,8,0,1
WH_106119,12110,8,0,1
WH_106121,7129,7,5,3
WH_106122,25104,6,0,2
WH_106123,39144,0,1,3
WH_106124,15126,7,0,2
WH_106125,15130,7,0,3
WH_106126,21143,3,0,2
WH_106127,11066,0,0,5
WH_106128,5057,0,2,3
WH_106130,23137,2,0,2
WH_106131,7144,1,1,2
WH_106132,9143,7,0,3
WH_106133,25124,8,0,5
WH_106134,20063,2,0,2
WH_106136,32124,8,0,2
WH_106137,24133,8,2,2
WH_106138,21080,8,0,1
WH_106139,27099,5,0,6
WH_106140,12146,7,0,4
WH_106141,5116,2,4,1
WH_106142,30084,3,0,3
WH_106143,27098,2,0,3
WH_106144,7124,5,0,2
WH_106145,15141,8,1,2
WH_106146,39097,2,0,2
WH_106147,32086,8,0,2
WH_106148,30090,2,4,6
WH_106149,18129,4,1,3
WH_106150,10134,0,0,4
WH_106151,16099,5,1,2
WH_106152,11125,1,1,1
WH_106153,21075,6,0,2
WH_106154,14114,8,0,2
WH_106155,10085,5,0,2
WH_106156,13090,2,0,4
WH_106157,54061,1,0,4
WH_106158,14103,1,1,6
WH_106159,39056,5,0,3
WH_106160,30086,8,0,6
WH_106161,8149,0,5,4
WH_106162,6064,7,1,1
WH_106163,41085,2,0,6
WH_106164,15135,5,0,6
WH_106165,31144,3,0,5
WH_106166,23108,6,0,4
WH_106167,14068,1,0,6
WH_106168,30103,5,0,5
WH_106169,26131,4,0,2
WH_106170,6060,7,4,2
WH_106171,32088,7,0,6
WH_106172,31131,6,0,6
WH_106173,9066,5,0,3
WH_106174,32137,0,2,2
WH_106175,19100,2,3,4
WH_106176,14134,1,3,5
WH_106177,22146,4,0,3
WH_106179,5126,6,1,5
WH_106180,14128,5,0,2
WH_106181,17061,5,0,2
WH_106182,23081,2,0,5
WH_106183,22086,0,1,3
WH_106184,48132,5,0,6
WH_106185,10110,4,1,4
WH_106186,26125,4,0,2
WH_106187,15122,6,0,6
WH_106188,20091,0,2,6
WH_106189,39058,3,0,2
WH_106190,34141,5,0,6
WH_106191,20057,6,4,4
WH_106192,31070,4,0,4
WH_106193,18078,8,0,4
WH_106194,11075,7,0,4
WH_106195,21067,1,1,3
WH_106196,37132,7,2,2
WH_106197,26116,7,3,4
WH_106198,20144,5,1,5
WH_106199,30122,8,2,6
WH_106200,7103,6,1,1
WH_106201,32089,1,0,3
WH_106202,7105,1,0,5
WH_106203,30093,5,1,5
WH_106204,17119,4,1,4
WH_106205,29131,3,2,4
WH_106206,13138,3,0,5
WH_106207,43113,8,0,3
WH_106208,47115,0,0,3
WH_106209,7133,5,0,6
WH_106210,11055,5,0,4
WH_106211,35104,7,1,5
WH_106212,51150,7,1,3
WH_106213,23151,5,0,6
WH_106214,35100,1,0,3
WH_106215,8107,8,0,3
WH_106216,22103,8,4,4
WH_106217,14146,8,0,4
WH_106218,24075,8,0,3
WH_106219,8087,8,2,3
WH_106220,31058,0,0,4
WH_106221,25121,0,0,3
WH_106222,7069,0,3,3
WH_106223,24139,7,0,4
WH_106224,30151,6,0,2
WH_106225,24055,1,0,2
WH_106226,25107,6,0,5
WH_106227,27123,6,0,2
WH_106228,30079,4,0,4
WH_106229,29137,0,0,5
WH_106230,30144,0,0,1
WH_106232,22150,6,1,2
WH_106233,35124,0,0,5
WH_106234,23132,2,0,2
WH_106235,29130,7,3,3
WH_106236,31056,7,3,2
WH_106237,16074,8,0,5
WH_106238,43057,0,1,6
WH_106239,48097,0,0,5
WH_106240,19058,5,3,3
WH_106241,15144,2,0,3
WH_106242,28128,3,0,3
WH_106243,21093,2,3,3
WH_106244,18114,7,1,4
WH_106245,8145,5,0,3
WH_106246,7113,7,4,1
WH_106247,8081,1,0,1
WH_106248,26148,7,4,6
WH_106249,31148,7,0,4
WH_106250,23104,4,0,6
WH_106251,6120,5,1,3
WH_106252,13131,6,0,4
WH_106253,44083,5,0,5
WH_106254,22140,8,5,3
WH_106255,30095,3,0,5
WH_106256,16068,2,1,6
WH_106257,18103,4,0,4
WH_106258,19078,2,3,4
WH_106259,22067,8,1,3
WH_106260,15111,3,1,6
WH_106261,14082,0,1,3
WH_106262,15148,7,0,5
WH_106263,4133,4,1,2
WH_106264,8096,4,0,2
WH_106265,21077,1,1,3
WH_106266,33064,0,0,6
WH_106267,30058,0,0,2
WH_106268,31065,0,0,4
WH_106269,26089,4,4,6
WH_106270,20071,1,3,6
WH_106271,19094,8,0,4
WH_106272,22099,4,0,5
WH_106274,13073,3,4,2
WH_106275,6099,1,1,2
WH_106276,39078,7,0,3
WH_106277,32147,6,0,2
WH_106278,6077,8,3,1
WH_106279,17143,5,0,1
WH_106280,14074,0,0,1
WH_106281,19139,0,2,3
WH_106282,10059,5,2,4
WH_106283,18057,7,0,6
WH_106284,32139,1,1,2
WH_106285,6117,0,0,1
WH_106286,52104,4,0,4
WH_106287,26108,0,2,3
WH_106288,28057,5,0,6
WH_106289,7107,6,2,3
WH_106290,12068,5,1,4
WH_106291,9150,2,0,1
WH_106292,21148,4,3,6
WH_106293,28096,0,0,6
WH_106294,18080,6,3,6
WH_106296,23111,8,1,3
WH_106297,25142,8,1,5
WH_106298,28148,5,0,5
WH_106299,31112,8,0,6
WH_106300,34078,6,0,3
WH_106301,28133,3,3,6
WH_106302,9150,1,0,2
WH_106303,33105,3,0,3
WH_106304,25090,1,0,5
WH_106305,21114,6,2,6
WH_106306,32120,5,0,2
WH_106307,43134,7,0,3
WH_106308,6087,3,1,3
WH_106309,35062,5,0,2
WH_106310,15065,4,2,6
WH_106311,10074,6,1,3
WH_106312,40135,4,0,5
WH_106313,23148,1,0,3
WH_106314,33120,8,0,5
WH_106316,31104,4,0,5
WH_106317,23138,6,0,5
WH_106318,22065,3,2,2
WH_106319,12144,2,0,2
WH_106320,19106,1,2,5
WH_106321,30074,2,0,3
WH_106322,27063,0,0,5
WH_106323,16077,1,0,1
WH_106324,29129,3,4,3
WH_106326,28113,1,0,2
WH_106327,16119,3,0,4
WH_106328,21068,3,1,4
WH_106329,28091,1,2,4
WH_106330,33146,4,0,6
WH_106331,44087,6,0,5
WH_106332,21116,8,0,6
WH_106333,28100,3,0,3
WH_106334,20070,1,0,2
WH_106335,25138,6,0,3
WH_106336,49113,8,0,2
WH_106337,15138,2,0,5
WH_106338,34138,3,0,3
WH_106339,21085,5,1,4
WH_106340,15144,5,0,4
WH_106341,8128,4,3,2
WH_106342,28129,3,0,6
WH_106343,24068,1,0,5
WH_106344,30097,5,0,6
WH_106345,15078,1,0,3
WH_106346,28072,6,0,6
WH_106347,25059,3,0,2
WH_106348,8103,4,2,3
WH_106349,24119,6,0,3
WH_106350,6124,4,3,2
WH_106351,28145,6,0,4
WH_106352,17070,8,0,2
WH_106353,15107,3,0,2
WH_106354,39070,5,0,4
WH_106355,20116,5,1,6
WH_106356,27119,5,0,1
WH_106357,38115,1,1,3
WH_106358,31081,6,0,3
WH_106359,24102,7,2,2
WH_106360,30108,6,1,6
WH_106361,15137,1,1,3
WH_106362,29121,5,0,6
WH_106363,24085,2,1,4
WH_106364,31091,5,5,2
WH_106365,15107,8,0,4
WH_106366,13095,8,0,1
WH_106367,44098,6,0,3
WH_106368,27055,8,1,6
WH_106369,6100,5,0,2
WH_106370,23128,4,0,6
WH_106371,29105,4,2,3
WH_106372,11114,7,3,6
WH_106373,31056,5,0,5
WH_106374,17073,8,2,6
WH_106375,27135,3,0,2
WH_106376,4144,0,2,1
WH_106377,24078,2,1,4
WH_106378,39133,8,0,2
WH_106379,25120,8,0,5
WH_106380,29079,6,4,2
WH_106381,6112,3,0,3
WH_106382,37117,2,1,2
WH_106383,38144,2,0,6
WH_106384,30149,1,0,4
WH_106385,27060,6,0,5
WH_106386,5129,0,0,1
WH_106387,31087,0,1,6
WH_106388,17131,1,2,5
WH_106389,22126,5,3,2
WH_106390,28106,8,0,6
WH_106391,30096,3,0,4
WH_106392,27066,3,0,5
WH_106393,28072,6,0,5
WH_106395,30078,2,1,5
WH_106396,6124,1,3,1
WH_106397,41136,5,1,5
WH_106398,7060,3,0,3
WH_106399,26100,1,2,2
WH_106400,27144,1,0,5
WH_106401,30126,3,0,2
WH_106402,33100,8,3,5
WH_106403,28129,0,0,5
WH_106404,28148,5,0,3
WH_106405,26150,2,0,3
WH_106406,38131,0,0,5
WH_106407,13100,0,0,2
WH_106408,6132,4,0,2
WH_106409,24149,6,1,2
WH_106410,39131,0,0,2
WH_106411,15126,3,1,2
WH_106412,36067,1,0,5
WH_106413,35140,7,0,2
WH_106414,28148,2,0,4
WH_106415,13113,5,4,5
WH_106416,36110,6,0,2
WH_106417,20123,3,0,4
WH_106418,17099,7,0,1
WH_106419,13113,0,1,5
WH_106420,8063,6,0,2
WH_106421,19107,3,3,4
WH_106422,32124,1,1,5
WH_106423,32060,6,0,5
WH_106424,17071,0,2,5
WH_106425,31149,6,0,2
WH_106426,32092,8,0,2
WH_106427,29110,8,0,6
WH_106428,10125,8,0,5
WH_106429,29071,6,0,4
WH_106430,19114,3,0,3
WH_106431,14151,8,1,5
WH_106432,47120,7,0,3
WH_106433,25122,6,0,3
WH_106434,26078,7,0,2
WH_106435,28075,4,0,2
WH_106436,25147,0,0,3
WH_106437,14056,6,0,3
WH_106438,6062,0,0,1
WH_106439,21106,2,2,3
WH_106440,32147,2,0,4
WH_106441,11110,8,0,3
WH_106442,49140,0,1,5
WH_106443,9090,5,1,2
WH_106444,31148,6,1,5
WH_106445,45067,1,0,5
WH_106446,21066,3,0,4
WH_106447,17111,0,2,5
WH_106448,23111,7,0,3
WH_106449,34074,4,0,6
WH_106450,24113,4,0,2
WH_106452,34098,3,4,5
WH_106453,20124,0,0,6
WH_106454,25124,1,1,6
WH_106455,9075,2,0,3
WH_106456,14096,1,1,3
WH_106457,38064,4,0,3
WH_106458,39113,2,0,4
WH_106459,30140,6,1,2
WH_106460,27112,8,1,6
WH_106461,19095,0,1,5
WH_106462,49133,0,0,5
WH_106463,24057,2,1,5
WH_106464,8118,6,2,6
WH_106465,32138,2,0,4
WH_106466,16114,8,2,1
WH_106467,6074,6,1,1
WH_106468,31082,7,0,3
WH_106469,23136,5,0,6
WH_106470,8071,1,0,2
WH_106471,54092,6,0,4
WH_106472,14058,4,0,5
WH_106473,34100,0,0,5
WH_106474,21072,0,0,6
WH_106475,7105,4,0,1
WH_106476,24105,1,0,3
WH_106477,50055,6,0,4
WH_106478,51119,5,1,4
WH_106479,10132,2,0,3
WH_106480,23128,3,0,2
WH_106481,41131,5,1,4
WH_106483,30121,5,0,5
WH_106484,10080,0,0,2
WH_106485,32135,0,1,6
WH_106486,24150,2,1,2
WH_106487,33137,6,1,6
WH_106488,33071,7,0,4
WH_106489,38124,4,0,4
WH_106490,30097,7,0,6
WH_106491,31096,6,0,3
WH_106492,41087,0,1,5
WH_106493,25141,0,3,4
WH_106494,34103,8,0,2
WH_106496,23083,4,1,4
WH_106497,21094,2,0,2
WH_106498,28070,0,3,4
WH_106499,18146,5,4,4
WH_106500,13129,4,5,3
WH_106501,15086,5,1,6
WH_106502,16107,6,0,4
WH_106503,21077,3,3,4
WH_106504,7069,5,0,1
WH_106505,31057,5,0,2
WH_106506,53101,3,0,6
WH_106507,16132,4,1,6
WH_106508,28102,0,2,6
WH_106509,43133,4,0,6
WH_106510,43074,0,1,3
WH_106511,10059,7,5,6
WH_106512,14136,2,2,6
WH_106513,31055,3,2,6
WH_106514,38081,4,0,4
WH_106515,26125,8,0,4
WH_106516,18077,8,2,5
WH_106517,29073,0,1,4
WH_106518,5097,0,5,1
WH_106520,9062,8,0,3
WH_106521,22067,2,0,5
WH_106522,25139,4,0,4
WH_106523,23125,0,0,4
WH_106524,15139,3,0,6
WH_106525,11077,4,0,5
WH_106526,29126,7,1,5
WH_106527,42079,1,0,5
WH_106528,31102,0,0,3
WH_106529,25078,5,2,4
WH_106530,39092,4,2,2
WH_106531,22143,6,0,2
WH_106532,9097,5,1,1
WH_106534,27078,8,0,5
WH_106535,21091,6,0,5
WH_106536,38064,6,0,4
WH_106537,7149,7,0,1
WH_106538,20076,4,1,4
WH_106539,39100,4,1,5
WH_106541,12097,3,0,1
WH_106542,12143,3,1,2
WH_106543,21125,0,0,6
WH_106544,28103,8,0,5
WH_106545,40068,1,1,5
WH_106546,6104,6,0,2
WH_106547,11087,4,0,5
WH_106548,31127,8,0,4
WH_106549,12085,1,4,6
WH_106550,21080,8,0,6
WH_106551,26131,3,1,4
WH_106552,29056,1,0,5
WH_106553,19058,4,3,6
WH_106554,15070,5,2,5
WH_106555,23079,7,4,4
WH_106556,23081,0,0,2
WH_106557,50137,7,0,2
WH_106558,17150,8,0,6
WH_106559,29118,5,0,4
WH_106560,5061,2,1,2
WH_106561,43096,7,0,2
WH_106562,23136,1,0,4
WH_106563,22055,4,0,2
WH_106564,45095,0,0,5
WH_106565,14148,4,2,6
WH_106566,29105,7,0,3
WH_106567,24117,2,1,6
WH_106568,15066,5,1,6
WH_106569,14114,0,3,3
WH_106570,17117,6,0,5
WH_106571,26099,3,0,4
WH_106572,35151,1,1,4
WH_106573,30146,0,0,4
WH_106574,30143,2,1,3
WH_106575,26129,7,0,6
WH_106576,27146,7,0,2
WH_106577,14151,8,0,2
WH_106578,31107,0,1,4
WH_106579,6129,6,0,3
WH_106580,27068,6,0,1
WH_106581,22111,2,3,6
WH_106582,17112,2,1,3
WH_106583,18117,8,0,6
WH_106584,8112,4,1,3
WH_106585,41130,4,1,3
WH_106586,16094,1,0,3
WH_106587,27059,4,0,4
WH_106588,33149,1,0,3
WH_106589,23087,5,0,6
WH_106591,31055,5,0,3
WH_106592,12126,6,0,1
WH_106593,9104,6,0,5
WH_106594,5146,4,0,3
WH_106595,20090,3,0,6
WH_106596,31069,6,1,3
WH_106597,29130,7,0,5
WH_106598,31131,2,0,4
WH_106599,7128,1,0,3
WH_106600,21122,5,0,4
WH_106601,29116,5,0,5
WH_106602,17100,0,0,3
WH_106603,15120,6,0,5
WH_106604,14064,8,0,2
WH_106605,18082,4,4,5
WH_106606,25107,7,0,6
WH_106607,26067,6,4,4
WH_106608,5069,4,1,4
WH_106609,12079,6,0,3
WH_106610,25086,8,0,2
WH_106611,30139,3,1,2
WH_106613,35113,2,1,2
WH_106614,28136,6,0,6
WH_106615,9138,8,0,1
WH_106616,21143,4,1,5
WH_106617,34066,7,1,3
WH_106618,13123,7,1,2
WH_106619,15058,3,0,6
WH_106620,20093,0,4,3
WH_106621,8064,1,0,2
WH_106622,27117,2,0,4
WH_106623,11127,0,0,5
WH_106624,6093,3,2,1
WH_106625,18103,7,1,6
WH_106626,17142,7,1,6
WH_106627,13091,3,2,3
WH_106628,29094,5,0,5
WH_106629,7149,7,0,2
WH_106630,27125,1,0,6
WH_106631,18060,8,0,6
WH_106632,29090,6,0,3
WH_106633,8080,5,0,3
WH_106634,46144,6,0,3
WH_106635,19060,1,0,3
WH_106636,29126,6,0,5
WH_106637,8133,6,0,6
WH_106638,22093,8,2,2
WH_106639,30127,2,0,5
WH_106640,14104,7,0,3
WH_106641,34084,5,4,6
WH_106642,30106,5,0,6
WH_106643,27066,8,3,5
WH_106644,28058,3,0,2
WH_106645,23079,3,3,6
WH_106646,22143,2,5,4
WH_106647,18106,6,3,2
WH_106648,8098,6,0,4
WH_106649,38075,0,0,6
WH_106650,20072,0,2,4
WH_106651,15112,4,3,2
WH_106652,38094,5,0,2
WH_106653,29076,7,1,6
WH_106654,43111,4,0,5
WH_106655,24145,8,3,5
WH_106656,32084,7,3,3
WH_106658,7103,6,0,1
WH_106659,9091,0,0,2
WH_106660,32076,4,0,3
WH_106661,28082,8,1,6
WH_106662,32081,6,0,3
WH_106663,40059,4,3,5
WH_106664,38117,7,0,2
WH_106666,48118,1,0,4
WH_106667,30141,8,0,6
WH_106668,11110,8,2,4
WH_106669,40084,8,2,3
WH_106670,31145,3,1,2
WH_106671,5065,1,0,3
WH_106672,28067,2,0,2
WH_106673,25065,8,0,2
WH_106674,22111,3,0,6
WH_106675,7123,0,0,3
WH_106676,40120,7,0,3
WH_106677,44076,0,0,5
WH_106678,21138,3,3,4
WH_106679,21100,0,0,6
WH_106680,25133,7,0,5
WH_106681,41130,0,0,3
WH_106682,5065,4,2,1
WH_106683,26056,3,0,1
WH_106684,20115,5,0,5
WH_106686,19099,0,3,4
WH_106687,31084,5,0,2
WH_106688,46063,8,0,5
WH_106689,26125,4,0,2
WH_106690,27146,8,0,6
WH_106691,4112,8,1,1
WH_106692,6086,3,1,3
WH_106693,28076,6,1,6
WH_106694,15121,1,0,4
WH_106695,44111,0,1,2
WH_106697,27142,5,0,5
WH_106698,42125,4,1,4
WH_106699,39070,4,0,2
WH_106700,26142,6,3,2
WH_106701,48085,6,0,4
WH_106702,33081,5,1,5
WH_106703,9120,0,0,2
WH_106705,40099,3,1,6
WH_106706,25148,3,0,5
WH_106707,6148,3,4,4
WH_106708,20108,7,1,3
WH_106709,29129,8,5,3
WH_106710,15061,5,0,6
WH_106711,29056,8,0,2
WH_106712,23130,7,0,2
WH_106714,30087,3,2,5
WH_106715,16072,0,0,5
WH_106716,13125,7,0,2
WH_106718,8140,0,3,1
WH_106719,29080,2,1,6
WH_106720,21055,5,0,4
WH_106721,17126,4,0,6
WH_106722,26113,7,0,6
WH_106723,27083,5,0,6
WH_106724,22118,1,0,4
WH_106725,13103,1,0,1
WH_106726,23151,0,0,1
WH_106727,5074,6,1,2
WH_106728,32149,3,0,2
WH_106729,5104,8,0,3
WH_106730,16102,6,1,5
WH_106731,30120,3,3,6
WH_106732,39139,8,1,5
WH_106733,5091,1,2,1
WH_106735,31080,7,0,4
WH_106736,17087,3,2,2
WH_106738,14147,0,2,6
WH_106739,26076,6,2,3
WH_106740,22139,6,0,3
WH_106741,32116,4,1,4
WH_106742,34110,5,2,6
WH_106743,24099,5,0,2
WH_106744,38092,2,0,5
WH_106745,29144,0,0,3
WH_106746,17122,7,4,2
WH_106747,7146,0,2,2
WH_106748,37147,1,0,2
WH_106749,26133,4,0,4
WH_106750,6113,3,1,2
WH_106751,42146,0,0,6
WH_106752,13079,6,0,3
WH_106753,7139,7,4,2
WH_106754,25066,4,0,3
WH_106755,24102,3,3,6
WH_106756,6100,4,0,1
WH_106757,43099,7,1,6
WH_106758,33078,4,0,3
WH_106759,18065,5,0,4
WH_106760,34101,0,1,5
WH_106761,27110,8,0,6
WH_106762,22098,8,0,3
WH_106763,7130,7,0,3
WH_106764,16136,3,0,5
WH_106765,15063,6,1,3
WH_106766,23098,7,0,6
WH_106767,18119,4,1,3
WH_106768,41105,5,0,3
WH_106769,28119,2,0,6
WH_106770,18080,6,0,6
WH_106771,34149,4,1,6
WH_106772,23100,8,0,5
WH_106773,9067,3,3,3
WH_106774,29104,5,0,2
WH_106775,26107,1,0,3
WH_106776,20100,6,0,4
WH_106777,27111,4,0,6
WH_106778,5097,6,0,2
WH_106779,24078,5,0,5
WH_106780,35058,4,0,5
WH_106781,26099,1,0,5
WH_106782,22114,0,3,4
WH_106783,5067,8,2,1
WH_106784,34122,1,1,5
WH_106785,7103,7,4,3
WH_106786,7105,7,4,3
WH_106787,42121,4,0,5
WH_106788,18094,5,0,2
WH_106789,22134,8,0,2
WH_106790,46137,5,0,3
WH_106791,25131,5,0,2
WH_106792,5066,4,3,2
WH_106793,31107,2,1,4
WH_106794,15066,5,0,3
WH_106795,19148,4,2,6
WH_106796,44151,4,0,5
WH_106797,14108,1,0,5
WH_106798,6086,8,0,4
WH_106799,28069,5,0,4
WH_106800,14065,1,0,2
WH_106801,12111,7,1,6
WH_106802,31073,8,0,2
WH_106803,29106,7,0,6
WH_106804,21136,8,0,5
WH_106805,11085,2,3,3
WH_106806,5132,5,0,3
WH_106807,26074,6,1,6
WH_106808,21092,0,0,4
WH_106809,42090,3,0,5
WH_106810,11055,3,0,1
WH_106811,25123,0,0,4
WH_106812,21063,4,0,3
WH_106813,16056,7,0,3
WH_106814,40149,3,1,2
WH_106815,20142,1,1,2
WH_106816,8110,1,0,2
WH_106817,26077,7,0,5
WH_106818,19138,5,2,4
WH_106819,15121,1,0,4
WH_106820,20149,5,0,5
WH_106821,39104,1,1,3
WH_106822,6107,2,0,2
WH_106823,5069,7,2,3
WH_106824,13114,2,1,4
WH_106825,8110,4,0,2
WH_106826,31093,8,1,5
WH_106827,30060,1,0,6
WH_106828,15133,1,1,5
WH_106829,25057,7,0,4
WH_106830,32146,3,0,4
WH_106831,30143,8,0,3
WH_106832,43067,3,0,5
WH_106833,12145,0,3,1
WH_106834,31142,5,0,5
WH_106835,36088,5,1,6
WH_106836,10081,4,0,2
WH_106837,6072,1,3,3
WH_106838,29099,0,0,3
WH_106839,13126,4,2,5
WH_106840,31111,5,0,2
WH_106841,26147,8,0,5
WH_106842,36101,4,0,5
WH_106843,22114,0,0,3
WH_106844,40071,1,1,6
WH_106845,6114,5,2,5
WH_106846,7132,5,3,6
WH_106847,12107,1,0,3
WH_106848,34100,0,0,3
WH_106849,27079,2,1,6
WH_106851,17056,0,0,2
WH_106852,12109,4,4,2
WH_106853,12145,8,0,1
WH_106854,39131,1,0,3
WH_106855,6093,8,0,2
WH_106856,5108,6,0,3
WH_106857,27130,2,2,5
WH_106858,27073,1,0,4
WH_106859,42118,5,0,4
WH_106860,18064,0,1,4
WH_106861,7139,8,3,3
WH_106862,5138,7,2,6
WH_106863,20143,5,3,3
WH_106864,6115,6,4,3
WH_106865,45121,4,0,6
WH_106866,50108,3,0,3
WH_106867,15129,0,0,1
WH_106868,6058,3,3,3
WH_106869,26065,8,2,2
WH_106870,7084,1,0,2
WH_106871,28059,0,2,4
WH_106872,6116,8,1,1
WH_106873,45144,4,0,6
WH_106875,32116,6,0,2
WH_106876,20142,3,0,6
WH_106877,7085,6,1,4
WH_106878,13056,5,1,4
WH_106879,9114,6,1,1
WH_106880,12137,2,0,1
WH_106881,34072,7,0,5
WH_106882,33129,7,1,4
WH_106883,30064,4,3,4
WH_106884,18064,4,0,4
WH_106885,9110,4,0,1
WH_106886,13095,7,3,4
WH_106887,24144,8,0,4
WH_106889,25142,4,1,3
WH_106890,31114,4,0,5
WH_106891,27069,4,0,6
WH_106892,7095,8,0,1
WH_106893,16099,6,2,5
WH_106894,23106,1,0,3
WH_106895,27103,8,4,1
WH_106896,12108,3,0,6
WH_106898,8105,8,0,1
WH_106899,23055,3,0,5
WH_106900,28101,3,2,3
WH_106901,33114,0,0,4
WH_106902,21088,0,2,5
WH_106903,16059,3,3,6
WH_106904,34137,1,3,6
WH_106905,20138,1,0,5
WH_106906,14133,3,1,4
WH_106907,24082,3,0,5
WH_106908,16062,7,1,6
WH_106909,43113,5,0,4
WH_106910,46133,4,2,3
WH_106911,26148,2,0,4
WH_106912,20137,4,1,5
WH_106914,24067,1,0,4
WH_106915,41102,5,0,5
WH_106916,25058,7,0,2
WH_106917,22080,1,0,2
WH_106918,37119,6,1,5
WH_106919,37146,1,0,6
WH_106920,13085,4,3,2
WH_106921,19144,1,0,5
WH_106922,20103,7,0,6
WH_106923,30123,3,0,4
WH_106924,25120,3,0,6
WH_106925,39072,6,0,3
WH_106926,20058,3,2,5
WH_106927,29143,7,0,3
WH_106928,23114,7,1,5
WH_106929,15150,7,1,5
WH_106930,27146,2,0,3
WH_106931,47140,0,0,4
WH_106932,8144,7,0,2
WH_106933,27095,3,0,6
WH_106934,43113,8,0,3
WH_106935,33097,5,2,4
WH_106936,31151,5,0,3
WH_106937,42138,4,0,6
WH_106938,5059,8,3,1
WH_106939,11062,2,0,6
WH_106940,6105,3,2,2
WH_106941,29150,8,0,4
WH_106942,6067,0,0,2
WH_106943,28129,4,1,3
WH_106944,30151,5,0,5
WH_106945,36116,8,0,2
WH_106946,19115,8,3,6
WH_106947,35113,1,3,3
WH_106948,6128,4,1,2
WH_106949,21098,4,0,2
WH_106950,20130,1,0,4
WH_106951,26128,4,1,6
WH_106952,49118,4,0,4
WH_106953,31109,8,2,6
WH_106954,30124,5,2,2
WH_106955,22134,5,2,2
WH_106956,23095,1,1,6
WH_106957,6151,6,0,1
WH_106958,46150,7,0,3
WH_106959,7078,4,0,4
WH_106960,23089,6,0,5
WH_106961,7060,7,1,1
WH_106962,9102,4,0,3
WH_106963,36067,0,0,4
WH_106964,16067,1,3,4
WH_106965,30093,7,0,6
WH_106966,49069,6,1,6
WH_106967,15100,1,0,2
WH_106968,23073,1,0,3
WH_106969,14083,4,0,5
WH_106970,18108,4,0,5
WH_106971,8142,6,0,6
WH_106972,19126,4,0,2
WH_106973,19106,0,1,5
WH_106974,15105,4,1,6
WH_106975,24125,2,1,2
WH_106976,28089,7,0,2
WH_106977,6126,0,3,1
WH_106978,18081,7,1,3
WH_106979,18118,5,2,2
WH_106980,13140,0,1,1
WH_106981,21149,3,1,4
WH_106982,31110,5,1,5
WH_106983,40147,1,1,6
WH_106984,32068,0,0,2
WH_106985,5087,7,1,6
WH_106986,39099,2,0,2
WH_106987,16091,7,1,3
WH_106988,27111,6,1,4
WH_106989,29058,3,0,1
WH_106990,7140,6,1,1
WH_106991,27106,0,0,4
WH_106992,33097,6,1,3
WH_106993,6136,8,2,4
WH_106994,10103,8,3,6
WH_106995,25074,7,0,6
WH_106996,25060,1,0,2
WH_106997,12150,1,1,2
WH_106998,27131,7,0,2
WH_106999,6060,3,3,1
WH_107000,42083,1,0,5
WH_107001,15136,4,1,3
WH_107002,24115,6,1,5
WH_107003,30129,6,0,4
WH_107004,21064,6,2,5
WH_107005,14097,2,2,5
WH_107006,22092,4,0,1
WH_107007,6110,6,2,2
WH_107008,32065,6,0,6
WH_107009,46108,1,0,4
WH_107010,7095,3,0,4
WH_107011,20106,1,1,5
WH_107012,20093,5,0,4
WH_107013,21101,3,0,1
WH_107014,7148,5,2,3
WH_107015,13133,8,1,4
WH_107016,20134,5,1,5
WH_107017,39113,8,0,5
WH_107018,32066,7,0,4
WH_107019,19057,8,4,5
WH_107020,31092,4,0,5
WH_107021,21110,0,0,5
WH_107022,8113,3,0,3
WH_107023,28139,6,0,5
WH_107024,27069,5,0,6
WH_107025,6133,0,0,1
WH_107026,20125,0,1,2
WH_107027,32091,8,0,4
WH_107028,8069,8,3,1
WH_107029,48077,5,3,4
WH_107030,33135,6,2,2
WH_107031,18127,3,3,4
WH_107032,21147,2,2,3
WH_107033,13121,6,0,3
WH_107034,32074,0,0,3
WH_107035,27063,4,1,3
WH_107036,23063,8,0,4
WH_107038,32090,1,0,2
WH_107039,29126,6,0,2
WH_107040,25143,0,2,2
WH_107041,13095,7,1,4
WH_107042,24133,5,0,3
WH_107043,23081,0,1,5
WH_107044,51087,6,0,6
WH_107045,13117,1,1,2
WH_107046,20073,5,5,4
WH_107047,18080,3,2,2
WH_107048,33058,8,0,6
WH_107049,27086,0,2,2
WH_107050,7100,0,1,6
WH_107051,20068,3,1,4
WH_107052,15137,0,0,4
WH_107053,49063,3,0,3
WH_107054,18098,5,3,6
WH_107055,30085,4,4,4
WH_107056,5079,4,0,1
WH_107057,6131,7,0,3
WH_107058,18087,6,1,5
WH_107059,23065,7,0,2
WH_107060,21060,4,0,2
WH_107061,17074,3,0,3
WH_107062,29117,5,0,1
WH_107063,12093,7,2,6
WH_107064,13144,3,3,6
WH_107065,16093,8,0,4
WH_107066,32091,3,1,4
WH_107067,34078,7,2,3
WH_107068,11092,1,0,4
WH_107069,7129,6,0,2
WH_107070,37056,6,0,5
WH_107071,8080,3,0,3
WH_107072,44151,7,1,6
WH_107073,7146,6,0,1
WH_107075,20067,5,3,6
WH_107076,11104,4,4,6
WH_107078,23107,2,1,3
WH_107079,36076,7,0,3
WH_107080,24063,0,1,6
WH_107081,23147,1,0,1
WH_107082,23121,5,4,1
WH_107083,33096,0,0,5
WH_107084,32104,8,0,5
WH_107085,5107,3,2,1
WH_107086,15082,7,2,4
WH_107087,19083,0,0,3
WH_107088,16124,7,3,5
WH_107089,18119,0,2,2
WH_107090,41057,4,0,5
WH_107091,39146,3,1,3
WH_107092,7151,1,1,2
WH_107093,39099,8,0,6
WH_107094,47143,2,0,6
WH_107095,27118,6,0,6
WH_107096,23111,5,0,4
WH_107097,6055,3,3,3
WH_107098,49118,3,0,4
WH_107099,21137,4,2,3
WH_107100,21058,3,0,4
WH_107101,26084,5,1,2
WH_107102,8063,6,2,3
WH_107103,38147,1,0,6
WH_107104,12082,2,0,6
WH_107105,19100,0,0,2
WH_107106,42056,2,0,3
WH_107107,25128,7,0,4
WH_107108,7117,4,1,3
WH_107110,4092,0,0,2
WH_107111,22128,3,1,2
WH_107112,52094,0,0,4
WH_107113,42131,4,0,2
WH_107114,30058,8,0,2
WH_107115,14087,7,2,5
WH_107116,27087,7,0,1
WH_107117,32103,4,0,4
WH_107118,7097,4,1,4
WH_107119,13148,4,1,1
WH_107120,21099,7,0,4
WH_107121,12145,3,0,6
WH_107122,20146,0,5,4
WH_107123,16099,5,1,4
WH_107124,18103,0,0,5
WH_107125,29058,0,1,3
WH_107126,23068,1,0,2
WH_107127,7074,0,0,2
WH_107128,35142,0,1,5
WH_107129,30142,0,0,5
WH_107130,45146,0,0,4
WH_107131,20084,1,0,5
WH_107132,5118,8,3,3
WH_107133,44101,4,0,2
WH_107134,47115,5,0,6
WH_107135,17056,4,0,4
WH_107136,10125,5,1,1
WH_107137,27133,8,4,6
WH_107138,32149,0,0,5
WH_107139,31084,6,1,3
WH_107140,7059,5,3,4
WH_107141,39098,3,1,3
WH_107142,5148,5,1,3
WH_107143,26106,5,4,3
WH_107144,27106,0,0,4
WH_107145,29061,7,4,3
WH_107147,7148,0,4,2
WH_107148,35055,7,0,4
WH_107149,49089,1,0,4
WH_107150,32065,1,0,6
WH_107151,7056,7,0,4
WH_107152,15116,4,0,3
WH_107153,21146,6,0,3
WH_107154,12133,1,0,2
WH_107155,24094,0,0,6
WH_107156,10127,5,0,1
WH_107157,29065,1,0,2
WH_107158,40134,6,0,2
WH_107159,35112,1,0,6
WH_107161,18133,0,0,5
WH_107162,30095,7,0,2
WH_107163,25126,3,1,6
WH_107164,19143,4,0,2
WH_107165,20060,0,0,4
WH_107166,6060,0,0,2
WH_107167,6131,4,0,1
WH_107168,35104,7,1,2
WH_107169,35060,6,0,3
WH_107170,6061,7,2,3
WH_107171,28069,5,0,2
WH_107172,19116,0,1,2
WH_107173,5148,7,0,3
WH_107174,33098,7,0,6
WH_107176,12124,4,1,5
WH_107177,12087,3,1,1
WH_107178,11074,2,0,1
WH_107179,52138,2,0,3
WH_107180,17068,7,0,5
WH_107181,44148,6,0,6
WH_107182,14115,4,1,2
WH_107183,16086,6,2,5
WH_107184,27138,6,0,2
WH_107185,21106,7,3,2
WH_107186,7076,5,1,6
WH_107187,13081,0,1,4
WH_107188,47127,8,0,2
WH_107189,23095,1,1,5
WH_107190,22116,4,1,5
WH_107191,5128,1,5,1
WH_107192,31145,8,1,6
WH_107193,34125,1,2,3
WH_107194,29087,3,0,5
WH_107195,18100,1,0,4
WH_107196,7055,3,0,2
WH_107197,34111,5,0,2
WH_107198,16070,6,0,4
WH_107199,18087,4,0,4
WH_107200,48076,0,0,5
WH_107201,41082,5,0,3
WH_107202,21120,3,4,2
WH_107203,10140,7,5,5
WH_107204,40063,3,0,4
WH_107205,33109,0,0,4
WH_107206,6097,4,0,3
WH_107207,25140,0,2,6
WH_107208,10120,2,0,3
WH_107209,30094,4,0,4
WH_107210,14079,5,1,2
WH_107211,9119,7,1,3
WH_107212,37143,6,0,3
WH_107213,27151,1,0,3
WH_107214,12079,8,2,4
WH_107215,19056,0,0,4
WH_107216,29078,5,0,3
WH_107217,11077,8,0,1
WH_107218,26133,0,0,4
WH_107219,30108,6,0,6
WH_107220,41115,3,1,4
WH_107221,29055,8,0,3
WH_107222,31111,0,0,4
WH_107223,12124,1,0,3
WH_107224,8069,1,0,1
WH_107225,9076,7,1,5
WH_107226,22124,8,0,4
WH_107227,26079,8,0,5
WH_107229,6105,5,3,1
WH_107230,20148,0,0,2
WH_107231,17109,4,0,1
WH_107232,10141,2,1,1
WH_107233,28124,6,0,3
WH_107234,24106,3,0,3
WH_107236,15113,5,0,4
WH_107237,39110,2,0,6
WH_107238,48137,8,0,6
WH_107239,12121,4,3,1
WH_107240,5111,3,1,2
WH_107241,7148,3,1,4
WH_107242,11105,4,0,3
WH_107243,6115,3,3,3
WH_107244,11056,8,3,3
WH_107245,32060,3,0,6
WH_107246,6065,3,0,1
WH_107247,35103,7,1,5
WH_107248,37137,0,0,5
WH_107249,43059,4,0,2
WH_107250,22116,4,1,1
WH_107251,17148,5,0,2
WH_107252,45132,3,0,6
WH_107253,24142,5,0,5
WH_107254,34140,0,1,2
WH_107255,31119,8,4,2
WH_107256,26097,6,0,2
WH_107257,20118,5,3,1
WH_107258,12085,6,4,6
WH_107259,16115,8,1,5
WH_107260,30117,0,0,3
WH_107261,24062,5,0,6
WH_107262,22146,8,1,6
WH_107263,24085,0,0,3
WH_107264,12116,6,0,3
WH_107265,21134,2,0,1
WH_107266,11144,6,0,3
WH_107267,24071,1,0,6
WH_107268,20066,6,0,4
WH_107269,21088,1,0,2
WH_107270,17095,7,1,6
WH_107271,16151,7,1,5
WH_107272,14058,2,0,2
WH_107273,21128,7,0,6
WH_107274,16102,8,1,3
WH_107275,41098,7,0,2
WH_107276,32079,5,0,6
WH_107277,6065,0,1,3
WH_107278,15109,0,0,6
WH_107279,28109,0,4,5
WH_107280,33089,8,1,5
WH_107281,8086,0,1,5
WH_107282,7078,2,1,1
WH_107283,6095,3,0,1
WH_107284,23063,8,0,5
WH_107285,29094,0,0,4
WH_107287,18125,1,0,4
WH_107288,29141,3,2,3
WH_107289,8134,3,1,1
WH_107290,22092,1,0,4
WH_107291,7140,5,5,4
WH_107292,17075,8,1,4
WH_107293,7067,6,1,5
WH_107294,27125,8,2,2
WH_107295,8125,7,0,5
WH_107296,19120,3,0,5
WH_107297,25097,4,0,6
WH_107298,43114,2,1,4
WH_107299,51110,0,0,3
WH_107300,27101,4,0,4
WH_107301,33072,3,0,2
WH_107302,9064,6,0,1
WH_107303,24090,4,0,5
WH_107304,31066,7,0,5
WH_107305,25087,0,1,4
WH_107306,30108,6,1,6
WH_107307,5105,7,5,6
WH_107308,36057,3,1,6
WH_107309,9120,1,1,5
WH_107310,9059,1,0,1
WH_107311,25064,6,1,6
WH_107312,24109,4,0,3
WH_107313,29139,1,0,4
WH_107314,16099,0,2,6
WH_107315,5133,8,0,1
WH_107316,5063,0,0,2
WH_107317,28088,1,1,4
WH_107319,5063,6,1,1
WH_107320,22120,5,1,4
WH_107321,20127,5,1,2
WH_107322,27057,1,0,2
WH_107323,31092,3,0,2
WH_107324,28117,3,2,5
WH_107325,29109,6,0,3
WH_107326,11146,4,5,2
WH_107327,27145,3,1,3
WH_107328,25151,0,3,5
WH_107329,26092,3,2,5
WH_107330,35123,4,0,6
WH_107331,27129,1,0,2
WH_107332,33072,0,1,2
WH_107333,13076,8,4,3
WH_107334,32105,4,0,3
WH_107335,23085,7,0,4
WH_107336,29070,4,2,2
WH_107337,5077,0,2,3
WH_107338,28143,3,0,3
WH_107339,5130,0,0,3
WH_107340,28150,3,3,3
WH_107341,19092,3,3,5
WH_107342,47063,6,0,4
WH_107343,32075,8,0,2
WH_107344,14090,3,1,5
WH_107345,5121,7,3,1
WH_107346,36104,4,0,3
WH_107347,40149,0,1,6
WH_107348,25123,7,1,5
WH_107349,22079,7,1,3
WH_107350,48103,7,0,5
WH_107351,7149,6,0,3
WH_107352,16132,2,2,1
WH_107353,16134,2,0,5
WH_107354,21066,4,0,4
WH_107355,14149,6,0,6
WH_107356,12121,5,1,5
WH_107357,12090,0,3,3
WH_107358,9115,7,0,4
WH_107359,29066,6,1,5
WH_107360,21058,1,0,5
WH_107361,35111,8,0,3
WH_107362,21151,4,0,4
WH_107363,28082,8,0,2
WH_107364,7061,2,1,2
WH_107365,28097,1,2,6
WH_107366,12099,5,3,4
WH_107367,16139,3,0,1
WH_107368,32139,1,0,4
WH_107369,54141,8,0,4
WH_107370,24060,0,0,6
WH_107371,11074,2,0,3
WH_107372,8095,1,1,3
WH_107374,37143,0,0,5
WH_107375,23055,7,1,5
WH_107376,13064,7,0,1
WH_107377,5102,3,0,1
WH_107378,7140,8,1,1
WH_107379,49073,3,0,4
WH_107380,24074,1,0,6
WH_107381,28114,0,0,3
WH_107382,27147,3,0,4
WH_107383,46067,6,1,2
WH_107384,48118,2,0,5
WH_107385,39128,6,1,2
WH_107386,11096,4,4,1
WH_107387,5086,1,0,2
WH_107388,24106,7,0,4
WH_107389,47056,5,0,4
WH_107390,47086,1,0,6
WH_107391,16085,7,1,6
WH_107392,14099,4,1,5
WH_107393,17070,7,2,3
WH_107394,26138,8,0,3
WH_107395,24068,8,4,3
WH_107396,30066,5,0,4
WH_107397,6103,2,3,4
WH_107399,24074,4,0,3
WH_107400,43138,8,0,6
WH_107401,5143,4,0,3
WH_107402,5104,6,0,3
WH_107404,26130,6,1,6
WH_107405,8145,5,2,1
WH_107407,40133,1,0,2
WH_107408,16087,6,5,6
WH_107409,32087,8,0,2
WH_107410,21089,6,0,2
WH_107411,21091,6,1,5
WH_107412,11090,4,1,2
WH_107413,25063,5,0,6
WH_107414,20074,7,0,3
WH_107415,34080,4,3,2
WH_107416,14095,3,0,5
WH_107417,47134,8,1,5
WH_107418,5084,4,0,2
WH_107419,7132,2,0,1
WH_107420,20124,7,0,3
WH_107421,6125,3,2,2
WH_107422,17088,4,3,4
WH_107423,6086,0,1,3
WH_107424,10129,4,3,3
WH_107425,16071,2,0,3
WH_107426,16104,2,0,1
WH_107427,27150,5,0,3
WH_107428,42130,0,1,5
WH_107429,18075,7,0,1
WH_107430,35129,4,0,6
WH_107432,15114,2,3,6
WH_107433,19091,1,0,4
WH_107434,45075,2,0,4
WH_107435,13109,3,2,6
WH_107436,45082,1,1,5
WH_107437,34071,6,0,2
WH_107438,29121,8,0,5
WH_107440,32133,5,0,3
WH_107441,34074,2,0,6
WH_107442,36103,2,0,5
WH_107443,7081,5,1,2
WH_107444,23081,0,0,2
WH_107445,29109,2,0,5
WH_107446,30125,8,4,5
WH_107447,16127,7,0,6
WH_107448,53081,7,0,6
WH_107449,34085,4,0,4
WH_107450,29138,8,1,4
WH_107451,26117,0,0,3
WH_107452,52125,0,0,2
WH_107453,32130,4,1,2
WH_107454,28075,7,2,6
WH_107455,29125,6,0,5
WH_107456,21139,6,0,6
WH_107457,31073,4,0,5
WH_107458,29060,1,0,5
WH_107459,13078,8,4,4
WH_107460,36067,6,0,5
WH_107461,12131,2,0,1
WH_107462,32122,3,0,4
WH_107463,20111,5,0,2
WH_107464,8119,8,2,3
WH_107465,17089,0,0,2
WH_107466,20103,6,0,2
WH_107467,17139,8,4,2
WH_107468,26103,0,0,6
WH_107469,37091,4,0,5
WH_107470,13112,5,3,4
WH_107471,43132,0,1,3
WH_107472,27135,5,0,4
WH_107473,23076,4,0,3
WH_107474,31082,5,0,6
WH_107475,15074,8,0,6
WH_107476,46120,1,0,3
WH_107477,52061,4,0,4
WH_107479,13057,2,1,4
WH_107480,24114,5,0,2
WH_107481,22083,6,0,2
WH_107482,25101,6,0,5
WH_107483,43112,3,0,5
WH_107484,31105,6,1,3
WH_107486,22086,2,0,2
WH_107487,21091,4,0,4
WH_107488,35104,6,0,2
WH_107489,18094,2,0,3
WH_107490,29144,8,1,3
WH_107491,29107,7,0,6
WH_107492,21106,6,4,5
WH_107493,8150,3,1,6
WH_107494,13072,6,0,3
WH_107495,31125,3,0,6
WH_107496,5143,2,2,2
WH_107497,23143,1,0,5
WH_107498,26144,0,0,4
WH_107499,28094,7,3,3
WH_107500,30075,5,0,6
WH_107501,26092,6,0,5
WH_107502,31133,5,0,2
WH_107503,24082,5,0,5
WH_107504,5126,7,0,2
WH_107505,29106,7,0,2
WH_107506,8086,5,1,2
WH_107507,49106,0,0,2
WH_107508,24125,8,0,3
WH_107509,25084,4,2,3
WH_107510,6089,1,3,3
WH_107511,25068,3,0,6
WH_107512,27120,3,0,4
WH_107513,26068,2,0,3
WH_107514,4109,0,1,2
WH_107515,8130,0,0,3
WH_107516,43131,1,0,5
WH_107517,6109,6,0,3
WH_107518,26074,1,0,4
WH_107519,34093,8,0,2
WH_107520,25079,6,1,6
WH_107521,41137,6,0,4
WH_107522,21107,2,0,5
WH_107523,17145,5,2,5
WH_107524,24111,5,1,5
WH_107525,10119,2,2,6
WH_107526,28089,6,0,3
WH_107527,29086,3,3,4
WH_107528,18060,6,1,3
WH_107530,5139,2,1,2
WH_107532,14099,2,1,2
WH_107533,29142,4,0,3
WH_107534,21083,8,1,6
WH_107535,31105,0,0,4
WH_107536,14072,1,0,4
WH_107537,32121,7,0,5
WH_107538,17129,8,0,1
WH_107539,9136,4,3,2
WH_107540,23087,6,3,3
WH_107541,15073,5,0,5
WH_107543,22059,6,0,4
WH_107544,21062,8,3,3
WH_107545,32096,4,0,3
WH_107546,32084,6,1,4
WH_107547,15145,2,0,6
WH_107548,34142,4,1,6
WH_107549,22087,0,3,6
WH_107551,35107,4,2,3
WH_107552,32089,1,0,3
WH_107553,6107,1,0,3
WH_107554,48138,5,0,6
WH_107555,44129,5,0,4
WH_107556,16071,7,0,2
WH_107557,18119,3,0,3
WH_107558,6122,4,2,3
WH_107559,41060,6,0,3
WH_107560,28097,5,0,3
WH_107562,9098,6,0,3
WH_107563,28139,0,0,5
WH_107564,30140,5,0,3
WH_107565,24100,2,4,1
WH_107566,20098,4,1,5
WH_107567,33056,6,1,5
WH_107568,23092,2,0,4
WH_107569,8131,6,0,1
WH_107570,28140,3,0,6
WH_107571,36097,2,0,2
WH_107572,23100,4,0,4
WH_107573,21141,8,0,5
WH_107574,19062,0,0,3
WH_107575,14075,3,0,6
WH_107576,37079,5,1,4
WH_107577,6084,8,0,1
WH_107578,18079,3,0,3
WH_107579,8128,8,0,3
WH_107580,48129,2,0,4
WH_107581,12069,5,3,3
WH_107582,22106,7,1,3
WH_107583,23151,6,0,6
WH_107584,7067,3,0,5
WH_107585,10080,5,0,1
WH_107586,7151,6,3,4
WH_107587,12120,6,3,3
WH_107588,29085,6,1,6
WH_107589,24122,6,0,2
WH_107590,17064,6,1,3
WH_107591,7080,7,2,4
WH_107592,11055,2,0,3
WH_107593,26148,1,2,5
WH_107594,18064,3,1,6
WH_107595,31057,5,0,3
WH_107596,31074,0,2,6
WH_107597,33097,8,0,3
WH_107598,6075,1,5,6
WH_107599,20075,1,2,6
WH_107600,42138,6,0,6
WH_107601,24109,4,0,2
WH_107603,24103,7,0,4
WH_107604,51127,7,0,2
WH_107605,15095,1,0,5
WH_107606,13071,1,0,2
WH_107607,41096,7,1,4
WH_107608,31113,1,0,4
WH_107609,19127,5,0,4
WH_107610,13128,6,0,3
WH_107611,17068,6,0,2
WH_107613,40101,7,0,2
WH_107614,9088,6,0,1
WH_107615,30060,0,1,6
WH_107616,22115,4,0,6
WH_107617,32063,6,0,2
WH_107618,23073,6,2,4
WH_107619,45103,0,0,6
WH_107620,39084,1,0,6
WH_107621,24108,1,0,2
WH_107622,10082,6,0,6
WH_107623,28141,7,0,2
WH_107624,46064,1,0,2
WH_107625,27084,1,1,5
WH_107626,21128,4,0,5
WH_107627,30087,4,1,4
WH_107628,26106,6,4,2
WH_107629,25082,7,1,2
WH_107630,25062,4,0,1
WH_107631,23065,6,0,5
WH_107632,17069,0,2,3
WH_107633,28098,8,0,6
WH_107634,24115,2,0,6
WH_107635,27058,2,0,6
WH_107636,6113,0,5,3
WH_107637,22131,8,4,5
WH_107638,19084,7,3,2
WH_107639,6130,5,0,5
WH_107640,23132,8,0,2
WH_107642,29063,3,0,5
WH_107643,5096,4,0,1
WH_107645,17109,2,0,5
WH_107646,18075,7,1,4
WH_107648,15087,7,0,3
WH_107649,15146,5,0,2
WH_107650,13094,7,0,1
WH_107651,27110,2,0,2
WH_107652,18108,4,1,3
WH_107653,29069,5,3,6
WH_107654,6151,5,0,1
WH_107655,15079,5,0,5
WH_107656,29071,7,0,2
WH_107657,33145,7,0,4
WH_107658,33112,8,0,6
WH_107659,33128,4,0,2
WH_107660,21095,2,0,4
WH_107661,19066,7,0,4
WH_107662,10115,8,0,1
WH_107663,15139,3,0,6
WH_107664,41146,1,2,3
WH_107665,40095,0,2,3
WH_107666,38120,1,0,3
WH_107667,30069,3,0,6
WH_107668,14064,5,0,6
WH_107670,51089,8,2,2
WH_107671,30141,7,0,3
WH_107672,5066,3,1,3
WH_107673,39072,8,0,2
WH_107674,5133,4,0,2
WH_107675,26096,3,0,2
WH_107676,43146,4,0,4
WH_107677,24139,3,1,3
WH_107678,25133,2,0,5
WH_107679,5098,6,0,3
WH_107680,20130,2,1,6
WH_107681,11108,4,0,1
WH_107682,29105,3,2,5
WH_107683,12101,5,0,2
WH_107684,20072,7,0,4
WH_107685,39107,1,0,6
WH_107686,37107,1,0,3
WH_107687,18113,2,0,1
WH_107688,32066,7,0,4
WH_107689,5081,3,0,1
WH_107690,25107,4,0,2
WH_107691,16083,7,3,3
WH_107692,21081,5,0,3
WH_107693,20141,4,2,4
WH_107694,25131,5,0,2
WH_107695,32095,4,0,2
WH_107696,20138,2,0,2
WH_107697,50058,0,0,6
WH_107698,27055,6,0,6
WH_107699,15091,7,0,5
WH_107701,21127,6,0,2
WH_107702,7081,2,1,1
WH_107703,31135,4,0,5
WH_107704,23091,0,0,5
WH_107705,5061,5,2,3
WH_107706,24118,3,0,5
WH_107707,16109,1,0,6
WH_107708,16127,0,3,5
WH_107709,41084,1,1,4
WH_107710,5122,5,5,2
WH_107711,24092,5,2,6
WH_107712,29141,4,0,2
WH_107713,19085,2,1,3
WH_107714,7060,1,2,3
WH_107715,16139,5,0,3
WH_107716,27082,4,0,3
WH_107717,9121,0,1,2
WH_107718,5126,1,2,2
WH_107719,17136,8,0,6
WH_107720,22063,4,3,4
WH_107721,6102,7,0,1
WH_107722,23102,8,3,3
WH_107723,19094,5,1,6
WH_107724,19127,8,2,3
WH_107725,14110,8,0,5
WH_107726,50066,1,0,2
WH_107727,7096,7,0,2
WH_107728,11082,8,3,5
WH_107729,26106,0,0,3
WH_107730,31074,4,0,4
WH_107731,7056,0,2,2
WH_107732,34076,6,1,5
WH_107733,28093,1,0,5
WH_107734,19066,4,0,5
WH_107735,19059,1,1,6
WH_107736,45097,6,0,6
WH_107737,50104,8,0,5
WH_107738,6065,4,0,1
WH_107739,6069,6,0,3
WH_107740,32104,5,1,2
WH_107741,30143,2,1,3
WH_107742,17141,5,0,1
WH_107743,17085,8,1,1
WH_107744,53065,7,0,4
WH_107745,10058,3,0,1
WH_107746,22146,4,1,4
WH_107747,33126,5,0,5
WH_107748,5077,4,0,2
WH_107749,31132,0,2,2
WH_107750,22116,7,0,4
WH_107751,32103,1,0,5
WH_107752,17084,6,0,4
WH_107753,17065,8,1,4
WH_107754,28110,5,1,5
WH_107755,17140,0,2,4
WH_107756,26112,6,0,1
WH_107757,39133,5,1,4
WH_107758,33076,8,0,5
WH_107759,15136,8,0,1
WH_107760,12131,8,1,2
WH_107761,29115,2,0,2
WH_107762,29103,0,2,2
WH_107763,17099,0,2,6
WH_107764,20110,1,1,5
WH_107765,10136,7,2,3
WH_107766,18129,7,0,3
WH_107767,12082,7,2,3
WH_107768,29113,8,0,3
WH_107769,7101,3,0,3
WH_107770,32063,1,0,3
WH_107771,20134,1,0,2
WH_107772,31083,8,0,4
WH_107773,45133,3,0,5
WH_107774,18106,1,2,2
WH_107775,14058,6,4,1
WH_107776,23061,6,0,3
WH_107777,6094,3,0,1
WH_107778,21147,4,5,6
WH_107779,22097,7,0,3
WH_107780,27108,1,0,2
WH_107782,39068,4,1,6
WH_107783,8113,6,4,1
WH_107785,26113,2,2,3
WH_107786,24073,1,1,2
WH_107787,31062,1,0,2
WH_107789,14104,5,0,4
WH_107790,30064,6,0,3
WH_107791,23060,1,1,4
WH_107792,7088,5,0,1
WH_107793,19090,6,0,6
WH_107794,30069,7,0,2
WH_107795,5089,1,1,1
WH_107796,10081,3,0,1
WH_107797,47121,0,0,6
WH_107798,38094,8,0,5
WH_107799,41080,5,1,6
WH_107800,26079,0,0,3
WH_107801,27117,8,0,3
WH_107802,27139,6,0,6
WH_107803,28096,6,2,5
WH_107804,31067,0,0,3
WH_107805,9108,6,0,1
WH_107806,9090,5,0,3
WH_107807,26087,3,0,6
WH_107808,16147,6,3,4
WH_107809,6147,7,0,2
WH_107810,23089,5,2,4
WH_107811,32119,7,1,6
WH_107812,28114,0,1,5
WH_107813,18067,5,2,6
WH_107814,4098,8,0,2
WH_107815,15090,2,0,5
WH_107816,10139,8,0,3
WH_107817,15132,5,1,2
WH_107818,45138,2,0,5
WH_107819,34087,5,0,2
WH_107820,11141,3,3,3
WH_107821,12129,2,0,1
WH_107822,32136,8,2,3
WH_107823,37117,3,0,4
WH_107824,8087,0,0,1
WH_107825,30079,2,0,4
WH_107826,23109,3,2,4
WH_107827,14072,8,3,1
WH_107828,7068,6,2,1
WH_107829,27091,2,3,2
WH_107830,51113,2,0,6
WH_107831,19107,4,1,5
WH_107832,21138,7,0,3
WH_107833,25063,6,1,5
WH_107834,16114,4,0,2
WH_107835,17113,4,2,2
WH_107836,20113,1,3,4
WH_107837,7137,8,2,1
WH_107838,14061,0,0,2
WH_107839,5093,1,4,2
WH_107840,31084,3,0,2
WH_107841,48065,0,1,4
WH_107842,23140,8,0,2
WH_107843,30094,0,0,5
WH_107844,15070,5,0,2
WH_107845,42134,5,1,6
WH_107846,26139,0,0,2
WH_107847,32112,3,1,3
WH_107848,44125,0,0,2
WH_107849,7120,1,0,1
WH_107850,17118,8,0,3
WH_107851,52065,5,0,5
WH_107852,11075,6,0,3
WH_107853,6091,8,0,1
WH_107854,9134,7,0,2
WH_107855,21135,3,0,5
WH_107856,32127,8,0,6
WH_107857,27061,1,0,3
WH_107858,20130,5,0,2
WH_107859,16133,6,2,2
WH_107861,34079,3,1,2
WH_107862,18070,3,1,5
WH_107864,32082,7,2,3
WH_107865,6109,4,0,2
WH_107866,37081,6,0,3
WH_107867,41131,2,2,6
WH_107868,10083,3,2,3
WH_107869,17117,6,1,4
WH_107870,7108,3,1,1
WH_107871,34073,6,0,6
WH_107872,27088,7,3,3
WH_107873,6125,7,0,3
WH_107874,15131,1,0,3
WH_107875,26101,3,0,6
WH_107876,19136,0,3,3
WH_107877,16065,6,0,2
WH_107878,26066,8,3,6
WH_107879,29068,4,0,3
WH_107880,52118,8,0,4
WH_107883,4096,6,0,2
WH_107884,40102,0,0,5
WH_107885,21137,8,0,1
WH_107886,41133,7,0,4
WH_107887,11087,4,0,2
WH_107888,9076,1,0,3
WH_107889,32064,8,0,5
WH_107890,39128,8,0,4
WH_107891,35071,6,3,2
WH_107892,21114,8,2,4
WH_107893,13143,8,3,4
WH_107894,46077,5,1,6
WH_107895,6132,2,0,2
WH_107896,6060,1,0,3
WH_107897,27113,4,4,4
WH_107898,22104,1,0,2
WH_107899,28140,1,2,6
WH_107900,22055,4,1,3
WH_107901,50107,1,0,2
WH_107902,21110,5,1,6
WH_107903,23075,0,0,3
WH_107904,31118,1,0,5
WH_107905,24108,5,0,2
WH_107906,29097,3,1,4
WH_107907,25101,6,0,6
WH_107908,6060,0,5,6
WH_107909,40129,7,0,4
WH_107910,29121,8,0,4
WH_107911,18112,7,0,5
WH_107912,8132,0,0,2
WH_107913,31057,4,0,4
WH_107914,8148,3,0,2
WH_107915,31089,3,0,6
WH_107916,18133,0,5,6
WH_107917,21057,2,0,5
WH_107918,6103,8,0,1
WH_107919,22100,4,2,2
WH_107920,41097,1,0,2
WH_107921,25130,7,0,2
WH_107922,19138,5,0,4
WH_107923,29099,3,4,4
WH_107925,8151,5,3,5
WH_107926,54113,2,0,3
WH_107927,21149,3,0,5
WH_107928,30120,1,0,3
WH_107929,24078,7,0,4
WH_107930,22096,5,1,4
WH_107931,9099,3,0,1
WH_107932,6086,4,0,2
WH_107933,18132,2,2,2
WH_107934,25063,4,0,2
WH_107935,12109,8,2,4
WH_107936,5068,4,1,3
WH_107938,8109,8,0,2
WH_107939,34068,2,0,2
WH_107940,27072,1,2,6
WH_107941,25088,2,0,6
WH_107942,27066,4,4,5
WH_107943,13077,1,0,5
WH_107944,22062,4,0,2
WH_107945,33115,2,0,6
WH_107946,32119,3,0,3
WH_107947,31060,7,2,4
WH_107948,33101,3,3,6
WH_107950,27150,0,0,3
WH_107952,14070,3,3,6
WH_107953,37062,8,2,5
WH_107954,35064,6,0,4
WH_107955,15121,3,2,1
WH_107956,6125,0,0,1
WH_107957,29055,5,0,5
WH_107958,7063,6,0,3
WH_107959,16071,7,1,6
WH_107960,26063,0,1,5
WH_107961,23094,5,3,2
WH_107962,49078,5,0,3
WH_107963,11148,4,2,1
WH_107964,49076,5,1,2
WH_107965,21116,6,0,2
WH_107966,6097,4,0,3
WH_107967,32059,8,0,4
WH_107968,5075,5,1,6
WH_107969,35119,5,1,4
WH_107970,33138,3,0,5
WH_107971,6114,6,1,3
WH_107972,30061,6,0,2
WH_107973,5135,1,0,1
WH_107975,28112,1,0,5
WH_107976,50079,4,0,4
WH_107977,38097,4,0,5
WH_107978,16118,4,1,3
WH_107979,25083,7,0,5
WH_107980,18147,7,0,2
WH_107981,22095,0,0,2
WH_107982,14065,1,3,2
WH_107983,13066,8,3,3
WH_107984,31075,0,0,3
WH_107985,11103,7,0,3
WH_107986,6115,5,0,2
WH_107987,22093,5,0,1
WH_107988,30114,0,0,5
WH_107990,7134,6,1,2
WH_107991,22148,7,0,2
WH_107992,6055,3,0,2
WH_107994,5144,4,0,2
WH_107995,25148,8,2,2
WH_107996,12127,4,0,3
WH_107997,8065,0,0,2
WH_107998,19084,8,0,5
WH_107999,28059,8,0,2
WH_108000,33130,6,0,4
WH_108001,33068,3,0,6
WH_108002,26073,3,0,3
WH_108003,27056,5,0,4
WH_108004,47091,6,1,5
WH_108006,46126,5,0,4
WH_108007,32147,2,0,5
WH_108008,15061,4,1,2
WH_108009,29124,7,0,5
WH_108010,10093,7,2,4
WH_108011,23117,7,0,2
WH_108012,17129,5,3,3
WH_108013,23130,7,2,5
WH_108014,13130,1,0,3
WH_108015,23107,0,0,6
WH_108016,32103,0,0,4
WH_108017,47109,7,0,6
WH_108018,35110,0,0,6
WH_108019,19071,7,0,5
WH_108020,29070,7,1,6
WH_108021,33076,1,0,2
WH_108022,16112,6,1,2
WH_108023,19127,3,1,5
WH_108024,7090,7,2,3
WH_108025,30148,4,2,4
WH_108026,27087,2,2,5
WH_108027,15099,7,0,5
WH_108028,31130,5,0,4
WH_108029,6064,6,0,3
WH_108030,30091,0,0,2
WH_108032,16126,3,0,4
WH_108033,22061,5,0,2
WH_108034,12093,4,1,3
WH_108035,6103,1,3,2
WH_108036,22118,2,0,6
WH_108037,17085,2,1,6
WH_108038,15087,0,1,1
WH_108039,22095,0,0,5
WH_108040,20123,4,0,1
WH_108041,28084,2,0,3
WH_108042,6103,5,3,6
WH_108043,17117,0,0,5
WH_108044,50056,3,0,4
WH_108045,19089,0,4,6
WH_108046,30129,8,0,5
WH_108047,5136,2,0,1
WH_108048,33087,3,2,6
WH_108049,37101,2,0,6
WH_108050,9106,5,0,2
WH_108051,6123,5,0,2
WH_108052,9062,4,0,4
WH_108053,32126,8,1,2
WH_108054,23143,7,0,2
WH_108055,17068,8,0,4
WH_108056,14121,5,2,6
WH_108057,19063,5,1,5
WH_108058,14076,2,0,4
WH_108059,38132,8,1,3
WH_108060,31063,1,0,3
WH_108061,28140,7,3,3
WH_108062,21074,8,0,4
WH_108063,25070,6,0,6
WH_108064,24117,6,0,1
WH_108065,18109,3,0,5
WH_108066,16070,3,3,2
WH_108067,15098,7,0,6
WH_108068,29108,2,0,3
WH_108069,31126,3,0,4
WH_108070,11082,8,1,1
WH_108071,10145,4,0,2
WH_108072,23120,0,1,1
WH_108073,25119,4,3,4
WH_108074,15064,4,1,5
WH_108075,45090,4,0,6
WH_108076,4128,8,3,2
WH_108077,18116,7,1,5
WH_108078,14065,8,1,2
WH_108079,21149,4,2,6
WH_108080,21140,3,4,1
WH_108081,13095,8,0,6
WH_108082,12145,4,0,3
WH_108083,28095,0,0,2
WH_108084,12116,3,1,2
WH_108085,13077,6,2,5
WH_108086,4088,2,5,3
WH_108087,20115,7,3,3
WH_108088,28110,2,0,2
WH_108089,26075,0,2,6
WH_108090,14099,7,0,5
WH_108091,35117,6,0,3
WH_108092,6112,8,4,3
WH_108093,15076,5,3,3
WH_108094,15131,5,0,2
WH_108095,51093,1,1,2
WH_108096,8075,7,0,3
WH_108097,22105,5,3,5
WH_108098,18145,5,3,6
WH_108100,21116,3,0,3
WH_108101,12140,3,0,3
WH_108102,29149,0,0,3
WH_108103,26067,8,0,3
WH_108104,31132,5,3,2
WH_108105,23133,4,0,3
WH_108106,14056,5,0,2
WH_108107,31141,8,0,3
WH_108108,31128,7,1,2
WH_108109,39086,3,1,3
WH_108110,30123,1,0,4
WH_108111,20135,4,0,5
WH_108112,7146,3,0,3
WH_108113,12130,5,1,2
WH_108114,6106,6,2,2
WH_108115,22071,8,1,4
WH_108116,25135,0,2,6
WH_108117,18102,7,1,5
WH_108118,26083,3,0,3
WH_108119,18070,5,0,2
WH_108120,26093,3,0,3
WH_108121,7118,8,0,2
WH_108122,25120,3,1,2
WH_108123,26096,3,4,3
WH_108124,22142,4,0,3
WH_108125,28114,6,0,3
WH_108126,33127,0,0,4
WH_108127,14102,5,1,3
WH_108128,8126,3,3,1
WH_108129,27114,5,2,4
WH_108130,21106,8,0,3
WH_108131,24073,4,0,5
WH_108132,31120,7,1,4
WH_108133,12099,5,1,4
WH_108134,24062,0,0,6
WH_108135,24073,4,1,2
WH_108136,14133,5,0,3
WH_108137,23128,3,4,3
WH_108138,35086,5,0,5
WH_108139,28103,8,0,3
WH_108140,53092,4,0,3
WH_108141,16074,6,2,1
WH_108142,33138,2,0,2
WH_108143,9096,6,0,3
WH_108144,20093,1,2,6
WH_108145,20079,8,1,4
WH_108146,10062,3,5,6
WH_108147,7135,6,2,3
WH_108148,33129,5,0,2
WH_108149,15144,6,4,6
WH_108150,22093,0,3,4
WH_108151,11056,5,0,4
WH_108152,7113,5,1,6
WH_108153,14104,7,0,4
WH_108154,14078,1,0,2
WH_108155,17118,0,0,5
WH_108156,11089,8,0,1
WH_108157,8118,1,0,3
WH_108158,16106,3,0,2
WH_108159,8099,8,2,3
WH_108160,24144,0,3,3
WH_108161,30066,8,0,6
WH_108162,24073,1,0,3
WH_108163,28105,8,1,4
WH_108164,5114,4,1,1
WH_108165,20087,5,0,3
WH_108166,12055,8,3,1
WH_108167,18133,1,0,2
WH_108168,27136,8,0,6
WH_108169,37137,0,1,3
WH_108170,34068,8,1,5
WH_108171,28093,3,2,4
WH_108172,40149,7,1,5
WH_108173,28112,1,0,5
WH_108174,25133,1,0,5
WH_108175,36092,0,0,6
WH_108176,46070,4,0,6
WH_108177,6101,3,0,3
WH_108178,13112,0,0,6
WH_108179,11070,3,0,6
WH_108180,34096,3,2,2
WH_108181,27117,4,4,3
WH_108182,41137,6,0,4
WH_108184,13062,6,2,2
WH_108185,44069,4,0,4
WH_108186,27116,6,0,5
WH_108187,21083,7,4,2
WH_108188,7092,3,0,2
WH_108189,30145,6,0,6
WH_108190,17086,3,0,2
WH_108191,34130,3,0,2
WH_108192,17075,0,0,5
WH_108193,29066,1,0,2
WH_108194,25096,6,0,5
WH_108195,25073,2,0,5
WH_108196,11149,8,0,2
WH_108197,24093,5,0,6
WH_108198,31126,3,0,6
WH_108199,14137,4,0,5
WH_108200,24127,1,1,2
WH_108201,13088,6,3,2
WH_108202,27119,6,2,4
WH_108203,11089,0,1,2
WH_108204,11106,4,1,3
WH_108205,18071,8,1,4
WH_108206,27088,7,0,4
WH_108207,7128,2,3,4
WH_108208,7081,7,0,3
WH_108209,6095,4,0,3
WH_108210,31123,8,4,4
WH_108211,5107,5,1,3
WH_108213,21076,1,0,4
WH_108214,7065,7,0,6
WH_108216,21136,8,0,3
WH_108217,7111,0,0,2
WH_108218,29144,2,2,4
WH_108219,12123,0,3,2
WH_108220,5137,1,3,1
WH_108221,9084,2,3,1
WH_108222,28086,7,0,6
WH_108223,15105,2,1,2
WH_108225,23062,4,2,3
WH_108226,25113,0,0,5
WH_108227,45143,5,0,6
WH_108228,21064,3,2,4
WH_108229,33076,4,1,3
WH_108230,7071,0,3,5
WH_108232,5110,1,3,2
WH_108233,33146,2,0,5
WH_108234,28099,5,0,2
WH_108235,39068,5,0,3
WH_108236,32134,4,0,5
WH_108237,34141,8,0,5
WH_108239,35129,6,1,5
WH_108240,27060,7,1,5
WH_108241,15138,5,4,4
WH_108242,5151,6,0,3
WH_108243,13146,3,4,3
WH_108244,22119,0,0,2
WH_108245,46092,4,0,3
WH_108246,5133,7,1,2
WH_108248,26090,5,3,3
WH_108249,13056,1,0,3
WH_108250,17147,0,1,2
WH_108251,7088,6,2,1
WH_108252,26055,1,0,3
WH_108253,32057,6,0,4
WH_108254,24141,4,1,4
WH_108255,32057,3,1,4
WH_108256,14146,1,0,5
WH_108257,30128,5,2,3
WH_108258,20135,5,0,3
WH_108259,35121,5,0,4
WH_108260,22120,0,1,3
WH_108261,20072,0,0,6
WH_108262,31093,8,0,4
WH_108263,7062,8,0,6
WH_108264,31102,1,2,5
WH_108265,23080,6,0,4
WH_108266,40060,5,1,2
WH_108267,25088,0,0,3
WH_108268,12055,8,0,2
WH_108269,33145,1,1,5
WH_108270,11057,2,1,1
WH_108271,8145,8,3,1
WH_108273,29137,4,0,6
WH_108274,5146,4,1,3
WH_108275,31147,4,3,3
WH_108276,5101,8,2,3
WH_108277,29109,3,0,5
WH_108278,46055,7,0,4
WH_108280,22072,3,1,5
WH_108281,12130,4,3,1
WH_108282,47124,8,0,5
WH_108283,12084,4,4,2
WH_108284,28119,5,0,2
WH_108285,5065,4,0,3
WH_108286,9091,6,0,1
WH_108287,9143,6,3,6
WH_108288,30059,3,1,3
WH_108289,6107,4,0,1
WH_108290,7088,3,0,5
WH_108291,47087,2,0,5
WH_108292,13128,3,1,2
WH_108293,28141,3,1,2
WH_108294,31107,5,3,2
WH_108295,33088,5,0,5
WH_108296,31066,8,4,5
WH_108297,39109,6,0,6
WH_108298,35151,8,0,3
WH_108299,30132,3,0,3
WH_108300,8111,4,3,6
WH_108301,23133,5,1,4
WH_108302,28123,0,0,4
WH_108303,32110,5,0,5
WH_108304,6080,2,0,1
WH_108305,27149,6,1,2
WH_108306,10121,3,0,3
WH_108307,17092,0,0,1
WH_108308,8084,7,2,2
WH_108309,25067,5,0,5
WH_108310,22135,3,0,2
WH_108311,7081,0,0,2
WH_108312,10092,2,0,4
WH_108313,4131,3,0,3
WH_108314,50138,4,0,6
WH_108315,30104,1,0,3
WH_108316,23111,1,0,4
WH_108317,29090,7,1,5
WH_108318,28122,3,0,5
WH_108319,21150,3,0,5
WH_108320,29068,6,0,6
WH_108321,4089,5,1,2
WH_108322,25091,6,0,4
WH_108323,23104,5,0,4
WH_108324,23148,1,0,3
WH_108325,19084,5,0,4
WH_108326,29128,0,0,2
WH_108327,8066,4,0,3
WH_108328,16122,1,0,1
WH_108329,19091,0,0,2
WH_108330,6123,7,0,2
WH_108331,5136,0,1,1
WH_108332,17080,0,3,3
WH_108333,26076,8,0,4
WH_108334,22123,6,0,4
WH_108335,9083,6,0,3
WH_108336,14150,4,0,5
WH_108337,10119,3,2,4
WH_108338,13058,0,0,3
WH_108339,14121,1,0,2
WH_108340,23064,1,4,4
WH_108341,25105,3,0,5
WH_108342,12118,8,0,2
WH_108344,28104,5,0,2
WH_108345,40091,5,0,2
WH_108346,31090,1,0,6
WH_108347,12149,2,0,4
WH_108349,12074,8,0,6
WH_108350,24130,3,2,2
WH_108351,31068,6,2,5
WH_108352,18082,6,0,4
WH_108353,37070,6,0,5
WH_108354,12090,3,0,6
WH_108355,17083,6,0,6
WH_108356,20089,7,0,5
WH_108357,30099,4,0,2
WH_108358,12135,0,0,6
WH_108359,13114,3,1,3
WH_108360,26113,6,1,2
WH_108361,19130,3,0,2
WH_108362,32131,4,0,3
WH_108363,24075,5,3,2
WH_108364,27101,8,5,2
WH_108365,38127,6,0,5
WH_108366,6079,8,1,1
WH_108367,15071,6,0,2
WH_108368,31102,3,1,5
WH_108369,8060,4,3,5
WH_108370,21066,5,0,6
WH_108371,20145,2,1,5
WH_108372,53078,3,0,2
WH_108373,14091,0,0,3
WH_108374,7138,4,0,3
WH_108376,10095,1,0,3
WH_108377,33055,6,0,6
WH_108378,21127,8,1,5
WH_108379,7090,7,0,1
WH_108380,27073,5,3,6
WH_108381,5095,0,0,2
WH_108382,11068,4,0,3
WH_108383,35102,0,1,6
WH_108384,30068,3,3,4
WH_108385,34101,1,0,4
WH_108386,33096,7,0,3
WH_108387,19064,0,0,5
WH_108388,12145,1,0,1
WH_108389,39093,1,0,6
WH_108390,6068,0,4,1
WH_108392,13126,5,4,2
WH_108393,4059,5,0,2
WH_108394,32127,8,0,5
WH_108395,28145,4,4,3
WH_108396,25063,5,0,5
WH_108397,34100,3,0,5
WH_108398,13055,4,0,5
WH_108399,46069,3,0,3
WH_108400,23069,4,0,4
WH_108401,10141,8,0,1
WH_108402,19103,7,1,4
WH_108403,41080,7,1,2
WH_108404,11086,6,5,3
WH_108405,8098,8,0,3
WH_108406,35100,5,0,6
WH_108407,9088,7,4,2
WH_108408,18147,6,1,6
WH_108409,33092,0,0,3
WH_108411,24138,1,1,6
WH_108413,30119,1,0,2
WH_108414,26069,0,0,3
WH_108415,31064,7,0,3
WH_108416,17081,4,0,2
WH_108417,29116,6,0,5
WH_108418,31142,8,0,4
WH_108419,24102,0,1,6
WH_108420,20114,2,1,5
WH_108421,16093,0,1,2
WH_108422,21105,0,0,6
WH_108423,37112,6,0,5
WH_108424,10092,5,0,4
WH_108425,9079,8,4,5
WH_108426,16139,5,0,1
WH_108427,14097,5,1,1
WH_108428,17070,5,1,1
WH_108429,30117,1,0,5
WH_108430,18082,2,3,6
WH_108432,9129,2,0,2
WH_108433,27101,0,3,2
WH_108434,13119,5,1,3
WH_108435,23094,2,0,1
WH_108436,28122,8,0,2
WH_108438,6070,4,0,2
WH_108439,30056,3,1,6
WH_108440,18130,3,0,4
WH_108441,9119,7,3,5
WH_108442,16109,7,0,3
WH_108443,22078,2,0,3
WH_108444,25144,7,4,2
WH_108445,16083,8,0,2
WH_108446,34107,7,2,4
WH_108447,8063,3,4,2
WH_108448,18127,1,0,5
WH_108449,53136,4,0,4
WH_108450,28086,5,0,2
WH_108451,6111,4,3,1
WH_108452,33099,6,0,3
WH_108453,9076,7,2,6
WH_108454,23061,5,0,2
WH_108455,29089,1,3,6
WH_108456,20122,5,1,5
WH_108457,24136,5,0,4
WH_108459,22072,8,0,4
WH_108460,7104,6,0,3
WH_108461,17069,1,0,6
WH_108462,28106,2,1,5
WH_108463,22135,1,0,5
WH_108464,8094,5,3,6
WH_108466,13144,3,0,6
WH_108467,14094,1,1,2
WH_108468,25118,6,0,6
WH_108469,15101,6,0,2
WH_108470,29123,8,4,4
WH_108471,5150,1,1,1
WH_108472,14120,3,4,5
WH_108473,34079,3,3,5
WH_108474,24139,7,0,5
WH_108475,32082,6,3,4
WH_108476,36057,2,0,3
WH_108477,10077,2,2,6
WH_108478,38136,8,0,5
WH_108479,31139,8,0,2
WH_108480,19149,5,3,2
WH_108481,20063,4,2,4
WH_108482,21110,1,0,3
WH_108483,36095,6,3,5
WH_108484,6060,0,1,1
WH_108485,22078,3,0,2
WH_108486,19107,0,0,3
WH_108487,25071,6,2,6
WH_108488,28130,2,0,5
WH_108489,27058,6,0,3
WH_108490,30119,4,1,2
WH_108491,25082,3,0,2
WH_108492,22114,3,0,6
WH_108493,28089,8,0,5
WH_108494,19103,8,0,4
WH_108495,41118,4,0,5
WH_108496,5068,6,3,2
WH_108497,41122,6,0,6
WH_108498,28072,1,0,5
WH_108499,18093,7,1,5
WH_108500,36064,6,0,4
WH_108501,40128,0,0,3
WH_108502,21061,5,0,4
WH_108503,22066,1,1,3
WH_108504,22085,4,1,5
WH_108505,32061,0,0,2
WH_108506,30095,6,0,5
WH_108507,12064,6,1,5
WH_108509,17077,3,0,6
WH_108510,22149,2,2,2
WH_108511,6137,2,1,2
WH_108513,43097,1,0,6
WH_108514,18139,4,3,2
WH_108515,19096,4,1,3
WH_108516,21059,8,0,5
WH_108517,14058,3,2,2
WH_108518,21142,6,1,5
WH_108519,6081,0,0,2
WH_108520,17111,0,1,1
WH_108521,37059,0,1,4
WH_108522,28126,4,0,6
WH_108523,44073,8,0,6
WH_108524,23134,1,0,4
WH_108525,5084,7,1,2
WH_108526,19067,1,5,2
WH_108527,12130,2,4,6
WH_108528,39123,1,0,6
WH_108529,9098,1,0,1
WH_108530,30062,4,0,6
WH_108531,49099,2,0,5
WH_108532,5067,5,0,4
WH_108533,5064,5,2,6
WH_108534,11106,4,1,6
WH_108535,5124,1,0,3
WH_108536,54144,6,0,3
WH_108537,9095,5,0,2
WH_108538,18092,2,0,5
WH_108539,15147,5,1,4
WH_108540,34059,0,1,5
WH_108541,35091,4,0,5
WH_108543,21134,3,0,3
WH_108544,28150,5,0,2
WH_108545,7146,1,0,3
WH_108546,7114,2,3,3
WH_108547,13112,1,3,4
WH_108548,17058,5,0,2
WH_108549,27118,7,0,2
WH_108550,14076,3,2,6
WH_108551,29103,3,0,6
WH_108552,7079,1,5,2
WH_108553,16100,8,1,5
WH_108554,26075,8,0,5
WH_108555,49117,4,0,4
WH_108556,9116,5,0,1
WH_108557,48140,3,0,2
WH_108558,17106,3,0,5
WH_108559,13083,8,0,6
WH_108560,29125,6,1,3
WH_108561,24097,7,0,3
WH_108562,7109,7,2,3
WH_108563,31112,0,3,2
WH_108564,32111,8,2,2
WH_108565,16106,4,4,3
WH_108566,7081,5,1,3
WH_108567,12065,2,0,2
WH_108568,30116,0,0,5
WH_108569,24099,4,0,4
WH_108570,5085,4,0,2
WH_108571,26142,4,0,5
WH_108572,28095,7,1,2
WH_108573,22068,5,0,5
WH_108574,30129,6,0,6
WH_108575,41085,7,0,6
WH_108576,9081,7,1,3
WH_108577,21056,2,2,6
WH_108578,29097,8,0,3
WH_108579,32141,3,3,3
WH_108580,28100,7,0,4
WH_108581,27120,2,0,4
WH_108582,26114,7,0,4
WH_108583,7073,8,1,3
WH_108584,45096,7,1,4
WH_108585,18131,3,1,6
WH_108586,6085,8,0,3
WH_108587,26134,2,5,5
WH_108588,28114,4,2,5
WH_108589,7087,0,1,1
WH_108590,8122,1,0,3
WH_108591,16149,5,0,1
WH_108592,23076,0,0,6
WH_108593,16130,3,0,1
WH_108594,36103,1,1,6
WH_108595,6074,3,2,6
WH_108596,14092,1,0,3
WH_108597,10106,8,0,6
WH_108598,5091,1,0,3
WH_108599,22148,5,0,6
WH_108600,31071,5,0,3
WH_108601,14072,0,0,5
WH_108603,15065,8,0,3
WH_108604,7090,2,3,1
WH_108605,32134,0,0,2
WH_108606,26084,2,0,3
WH_108607,45071,6,0,2
WH_108608,19087,4,1,3
WH_108609,13102,1,3,5
WH_108610,14120,8,1,6
WH_108611,23109,7,0,3
WH_108612,5072,1,0,3
WH_108613,6088,4,0,1
WH_108614,30094,8,1,4
WH_108615,32143,0,0,5
WH_108616,52136,3,0,3
WH_108617,21080,5,0,2
WH_108618,27064,8,5,6
WH_108619,17078,4,0,4
WH_108620,5099,3,1,2
WH_108621,14124,7,0,1
WH_108622,7135,3,0,3
WH_108623,9089,0,0,6
WH_108624,29059,8,1,4
WH_108625,33114,3,0,6
WH_108626,18080,3,3,4
WH_108627,20076,0,0,3
WH_108628,9123,6,0,1
WH_108629,26101,3,0,3
WH_108630,7066,6,1,1
WH_108631,29074,1,0,2
WH_108632,24083,6,1,4
WH_108633,26136,1,0,3
WH_108634,41128,8,1,3
WH_108635,12123,2,0,3
WH_108636,8074,6,1,1
WH_108637,47119,3,0,2
WH_108638,32130,3,0,3
WH_108639,47076,3,0,2
WH_108640,32097,3,0,6
WH_108641,20071,5,0,5
WH_108642,29070,4,2,5
WH_108643,34120,5,0,3
WH_108644,23100,8,0,4
WH_108645,30090,2,3,2
WH_108646,14073,2,1,4
WH_108647,24146,7,0,5
WH_108648,20100,0,1,6
WH_108649,19141,4,5,2
WH_108650,36066,2,1,6
WH_108651,23095,3,0,3
WH_108652,11100,5,1,6
WH_108653,6133,4,0,2
WH_108654,8148,4,0,3
WH_108655,26076,2,5,2
WH_108656,42127,1,0,2
WH_108657,30087,1,2,5
WH_108658,22068,4,0,6
WH_108659,18148,1,3,3
WH_108660,21137,5,0,3
WH_108661,29081,2,4,3
WH_108662,44119,1,0,2
WH_108663,16144,8,0,2
WH_108664,8058,5,0,2
WH_108665,28151,6,0,5
WH_108666,7076,2,0,1
WH_108667,6056,1,2,4
WH_108668,11097,8,0,1
WH_108669,29109,5,0,6
WH_108670,12065,2,4,3
WH_108671,31093,5,0,5
WH_108672,8099,4,0,3
WH_108673,28107,0,0,5
WH_108674,16118,6,4,2
WH_108676,11064,5,0,5
WH_108678,25125,8,0,6
WH_108679,32080,6,0,3
WH_108680,38106,7,1,6
WH_108681,22115,6,2,2
WH_108682,32060,4,0,2
WH_108683,18115,8,0,6
WH_108684,20099,3,0,3
WH_108685,14100,7,4,2
WH_108686,5094,0,3,3
WH_108687,12150,0,1,6
WH_108688,34097,7,0,5
WH_108689,32150,7,1,4
WH_108690,41127,5,0,6
WH_108691,20068,5,0,3
WH_108692,38115,5,0,5
WH_108693,7114,6,1,1
WH_108694,33135,2,0,4
WH_108695,46133,3,0,2
WH_108696,14068,0,1,4
WH_108697,20117,6,0,6
WH_108698,15136,5,3,3
WH_108699,18084,1,0,2
WH_108700,18085,5,0,2
WH_108701,11129,3,0,5
WH_108702,6124,1,1,2
WH_108703,28146,1,1,5
WH_108704,23140,1,1,6
WH_108706,48057,1,0,6
WH_108707,33099,7,0,3
WH_108708,35068,2,5,5
WH_108709,14142,8,2,3
WH_108710,23135,6,0,3
WH_108711,31132,6,0,3
WH_108712,19111,4,0,2
WH_108713,5143,0,1,2
WH_108714,24071,1,0,3
WH_108715,16107,3,0,5
WH_108716,40071,8,0,4
WH_108717,37085,3,1,3
WH_108718,9061,5,0,3
WH_108719,4064,5,5,2
WH_108720,9120,2,4,2
WH_108721,23056,8,0,1
WH_108722,52145,0,0,2
WH_108723,31088,7,0,3
WH_108724,27055,0,0,2
WH_108725,32077,8,0,6
WH_108726,24137,7,0,1
WH_108727,23098,4,4,6
WH_108728,44123,8,0,4
WH_108729,20097,6,1,3
WH_108730,22124,3,0,3
WH_108731,13130,8,1,6
WH_108732,15116,6,2,5
WH_108733,24144,7,0,3
WH_108734,30136,5,0,3
WH_108735,21081,8,0,4
WH_108736,13092,3,3,2
WH_108737,16077,4,0,2
WH_108738,30130,0,0,4
WH_108739,33130,1,1,2
WH_108740,12074,0,0,6
WH_108741,28139,0,1,4
WH_108742,7093,7,2,1
WH_108743,10081,0,0,3
WH_108744,24056,3,1,4
WH_108745,32123,0,0,3
WH_108746,15087,4,0,1
WH_108747,6125,6,0,2
WH_108748,14080,1,0,3
WH_108749,28060,4,2,3
WH_108750,5108,3,1,2
WH_108751,26069,4,0,6
WH_108752,23061,8,0,2
WH_108753,14089,4,3,4
WH_108754,28135,8,0,6
WH_108755,49060,1,0,3
WH_108756,22116,1,0,1
WH_108757,31111,3,0,2
WH_108758,47075,1,0,5
WH_108759,25096,3,1,2
WH_108760,7119,6,0,2
WH_108761,14116,4,2,5
WH_108763,28120,1,0,6
WH_108764,25083,4,3,6
WH_108765,15150,0,0,1
WH_108766,51056,5,0,5
WH_108767,31056,0,0,2
WH_108768,9131,8,1,2
WH_108769,13135,5,0,6
WH_108770,30074,1,0,5
WH_108771,7059,7,0,2
WH_108772,37118,8,0,2
WH_108773,10137,4,0,1
WH_108774,52087,5,1,4
WH_108775,10141,3,1,3
WH_108776,6104,3,0,2
WH_108777,28072,4,0,3
WH_108778,25138,0,0,2
WH_108779,9099,2,0,2
WH_108780,33137,8,0,4
WH_108781,16065,6,0,6
WH_108782,5146,0,0,2
WH_108783,8089,1,1,3
WH_108784,8121,3,3,5
WH_108785,46065,0,0,2
WH_108787,8136,4,0,3
WH_108788,24143,8,0,6
WH_108789,21122,7,0,2
WH_108790,24095,7,0,3
WH_108792,6151,0,0,3
WH_108793,10076,0,0,1
WH_108794,29108,7,0,2
WH_108795,15107,7,1,3
WH_108796,12083,1,0,2
WH_108797,14144,7,0,3
WH_108798,8143,2,0,3
WH_108799,23147,1,0,6
WH_108800,24066,5,2,2
WH_108801,41106,8,0,5
WH_108802,9151,7,3,1
WH_108803,18077,7,2,5
WH_108804,21080,4,0,4
WH_108805,32130,2,0,2
WH_108806,33126,4,0,3
WH_108807,34071,7,0,2
WH_108808,31086,5,0,2
WH_108809,44078,6,0,3
WH_108810,20150,0,1,5
WH_108811,32064,0,0,6
WH_108812,36108,1,0,5
WH_108813,18137,2,0,6
WH_108814,10095,5,0,2
WH_108815,5069,5,4,1
WH_108817,31097,6,1,6
WH_108818,25058,7,0,2
WH_108819,45117,6,0,4
WH_108820,13136,2,0,2
WH_108821,32062,2,0,2
WH_108822,5074,1,1,1
WH_108823,19125,8,0,6
WH_108824,18100,0,0,4
WH_108825,19135,1,0,3
WH_108826,18071,8,0,6
WH_108827,29074,1,0,3
WH_108828,29088,3,3,5
WH_108829,7072,2,2,4
WH_108830,28142,6,0,2
WH_108831,6074,1,0,3
WH_108832,13125,7,1,2
WH_108833,17078,7,0,1
WH_108834,31130,4,0,5
WH_108835,44150,5,0,3
WH_108836,31101,0,1,4
WH_108837,35066,8,0,4
WH_108838,35131,2,0,4
WH_108839,21134,5,0,1
WH_108840,37058,1,0,5
WH_108841,6057,0,3,1
WH_108843,7105,6,1,5
WH_108844,6150,7,0,1
WH_108845,38056,3,0,5
WH_108846,8098,5,2,5
WH_108847,18121,7,0,2
WH_108848,7135,6,2,4
WH_108849,34067,1,3,6
WH_108850,30132,0,0,4
WH_108851,8089,6,3,1
WH_108852,7055,3,1,1
WH_108853,9108,3,3,2
WH_108854,17117,5,0,3
WH_108855,20110,8,4,4
WH_108856,30142,4,0,4
WH_108857,47068,0,0,6
WH_108858,32060,7,0,4
WH_108859,55059,4,0,3
WH_108860,48127,3,0,4
WH_108861,49061,4,0,5
WH_108862,30125,3,0,5
WH_108863,22102,1,0,6
WH_108864,21082,7,0,5
WH_108865,31147,0,0,6
WH_108866,26074,3,0,6
WH_108867,18078,8,0,2
WH_108868,50098,3,0,2
WH_108869,39079,0,0,4
WH_108870,5121,8,0,3
WH_108871,23126,5,0,6
WH_108872,25126,4,0,2
WH_108873,29116,5,3,3
WH_108874,18126,5,0,6
WH_108875,21062,1,1,2
WH_108876,25090,8,3,6
WH_108878,30105,4,1,2
WH_108879,13130,1,0,4
WH_108880,34143,1,1,2
WH_108881,31149,0,0,5
WH_108882,7115,8,1,3
WH_108883,18115,8,3,5
WH_108884,14127,1,0,4
WH_108885,31121,5,0,6
WH_108886,20111,1,0,3
WH_108887,12134,7,0,6
WH_108888,6061,2,0,4
WH_108889,11081,5,5,2
WH_108890,25075,1,0,6
WH_108891,24069,3,0,4
WH_108892,24086,0,0,5
WH_108893,19092,6,1,2
WH_108894,6071,5,3,2
WH_108895,30058,0,0,4
WH_108896,30119,2,0,4
WH_108897,35133,3,1,3
WH_108898,6139,3,1,3
WH_108899,15099,7,0,1
WH_108900,30130,0,0,2
WH_108901,11099,5,0,2
WH_108902,15099,2,1,2
WH_108903,6143,0,0,3
WH_108904,31120,0,0,5
WH_108905,4073,3,0,2
WH_108907,16097,5,0,6
WH_108908,15060,2,0,2
WH_108909,24091,6,0,4
WH_108910,42083,4,0,2
WH_108911,20144,4,1,4
WH_108912,20109,0,1,3
WH_108913,8095,5,3,2
WH_108914,21103,0,2,2
WH_108915,22109,6,1,6
WH_108916,29105,2,1,6
WH_108917,29056,0,0,3
WH_108918,36114,5,0,6
WH_108919,30103,4,0,5
WH_108920,17061,6,0,2
WH_108921,14124,7,1,3
WH_108922,20105,8,0,5
WH_108923,24115,3,3,4
WH_108924,28116,3,0,4
WH_108925,23146,4,0,3
WH_108926,38096,3,0,4
WH_108927,5057,5,4,1
WH_108928,16126,5,4,6
WH_108929,26075,6,2,6
WH_108931,5144,4,0,3
WH_108932,23140,7,0,2
WH_108933,13070,3,0,3
WH_108934,35145,7,1,4
WH_108935,26080,2,0,2
WH_108936,27140,8,0,4
WH_108937,31068,3,0,2
WH_108938,9077,6,0,3
WH_108939,7066,4,0,2
WH_108940,26089,5,1,2
WH_108941,26104,3,0,4
WH_108942,7144,3,0,2
WH_108943,14131,3,0,4
WH_108944,30136,1,4,2
WH_108945,20057,6,2,5
WH_108946,21056,4,0,4
WH_108947,41096,2,0,6
WH_108948,18140,5,0,5
WH_108950,26060,4,0,5
WH_108951,36056,6,0,5
WH_108952,19059,3,3,2
WH_108953,16102,0,4,4
WH_108954,24125,3,0,5
WH_108955,34092,7,0,2
WH_108956,7066,5,0,5
WH_108957,17098,3,1,6
WH_108958,24089,3,0,5
WH_108959,21150,5,0,3
WH_108960,7073,2,0,2
WH_108961,12065,1,0,5
WH_108962,32105,7,1,5
WH_108963,31144,7,3,4
WH_108964,25065,2,0,5
WH_108965,20085,7,1,2
WH_108966,15114,2,0,5
WH_108967,22073,7,0,6
WH_108968,23111,0,2,4
WH_108969,46145,7,0,3
WH_108970,21149,5,1,3
WH_108971,20111,4,1,5
WH_108972,15131,0,0,5
WH_108973,9125,3,0,2
WH_108974,30068,1,0,6
WH_108975,22074,5,0,6
WH_108976,24096,6,3,4
WH_108978,31136,4,0,4
WH_108979,11122,3,2,2
WH_108980,30148,8,3,3
WH_108981,15083,4,2,4
WH_108982,6095,3,0,1
WH_108983,6129,8,0,2
WH_108984,17119,3,2,3
WH_108985,15103,1,0,4
WH_108986,32115,8,1,5
WH_108987,46130,3,0,4
WH_108988,5146,0,1,2
WH_108989,16081,3,1,4
WH_108990,31118,4,0,5
WH_108991,33075,3,1,3
WH_108992,36100,4,1,5
WH_108993,9084,8,0,2
WH_108994,48148,7,0,6
WH_108995,22118,3,0,3
WH_108996,20068,0,0,6
WH_108997,30134,4,0,4
WH_108998,15077,5,1,6
WH_108999,16148,5,1,5
WH_109000,16113,5,0,2
WH_109001,18111,1,0,1
WH_109002,29124,3,0,4
WH_109003,40089,3,1,6
WH_109004,50055,8,0,4
WH_109005,19067,1,1,3
WH_109006,8142,0,0,1
WH_109007,21103,8,0,1
WH_109008,48151,0,0,6
WH_109009,8089,8,0,1
WH_109010,26061,5,0,2
WH_109011,7079,5,0,4
WH_109012,32092,7,0,3
WH_109013,26060,2,1,5
WH_109014,32076,4,0,5
WH_109015,14094,6,0,6
WH_109016,15083,0,3,4
WH_109017,33115,4,0,3
WH_109018,17086,1,1,3
WH_109019,31107,3,0,4
WH_109020,39076,3,0,4
WH_109021,40060,1,0,5
WH_109022,27108,8,1,5
WH_109023,17099,4,1,4
WH_109024,17056,4,1,6
WH_109025,32124,8,0,2
WH_109026,24088,1,3,5
WH_109027,37072,3,0,6
WH_109028,8102,5,0,2
WH_109030,38082,7,0,5
WH_109031,8096,7,5,4
WH_109032,48079,4,0,4
WH_109034,27074,8,1,5
WH_109035,12095,3,0,1
WH_109036,9071,1,0,2
WH_109037,17120,0,0,4
WH_109038,49116,7,0,5
WH_109039,28094,1,0,5
WH_109040,19077,8,1,4
WH_109041,5102,2,1,3
WH_109042,44099,8,0,6
WH_109043,20134,3,3,6
WH_109044,25145,2,2,5
WH_109045,4088,1,4,2
WH_109046,6058,5,0,3
WH_109047,17128,0,1,1
WH_109048,12110,1,0,4
WH_109049,21082,7,0,2
WH_109050,22078,5,1,3
WH_109051,29134,4,0,5
WH_109052,26150,0,0,3
WH_109053,17091,4,1,6
WH_109054,18150,7,0,1
WH_109055,21109,1,0,4
WH_109056,38101,0,1,2
WH_109057,5085,7,2,1
WH_109058,24109,4,0,2
WH_109059,22120,2,1,3
WH_109060,6058,2,0,4
WH_109061,35087,1,0,6
WH_109062,28104,6,0,6
WH_109063,18084,7,4,4
WH_109064,12072,5,0,2
WH_109065,20088,2,0,3
WH_109066,6060,3,1,4
WH_109067,8102,2,0,3
WH_109068,8106,7,2,1
WH_109069,26060,6,3,5
WH_109070,31110,1,0,5
WH_109071,44060,8,0,6
WH_109072,47135,7,1,3
WH_109073,5095,6,0,1
WH_109074,6091,7,0,2
WH_109075,32083,2,0,3
WH_109076,13102,8,0,5
WH_109077,25108,0,0,2
WH_109078,24100,7,0,4
WH_109079,31106,1,4,3
WH_109080,30142,8,2,5
WH_109081,27128,4,0,3
WH_109082,26141,4,0,4
WH_109083,13127,1,1,1
WH_109084,6106,4,1,2
WH_109085,19124,3,2,5
WH_109086,7077,8,0,2
WH_109087,6069,5,0,3
WH_109088,23075,1,2,1
WH_109089,18078,8,0,2
WH_109090,22130,1,1,6
WH_109091,4093,8,1,6
WH_109092,35085,7,2,4
WH_109093,22143,5,3,4
WH_109094,20108,2,0,2
WH_109095,19079,4,0,4
WH_109096,15060,8,0,1
WH_109097,32139,8,0,3
WH_109099,36068,2,0,2
WH_109100,15121,1,0,3
WH_109101,41082,0,0,6
WH_109102,33088,4,0,2
WH_109103,52089,3,0,5
WH_109104,27088,0,0,6
WH_109105,20055,7,2,2
WH_109106,20125,6,0,2
WH_109107,31126,4,0,3
WH_109108,21098,4,0,5
WH_109109,11088,3,0,2
WH_109110,29142,0,3,2
WH_109111,32121,1,1,2
WH_109112,40102,2,0,4
WH_109113,13108,6,0,1
WH_109114,20110,5,2,3
WH_109115,19117,1,1,3
WH_109116,41143,8,1,6
WH_109117,14072,4,0,4
WH_109118,25070,1,1,3
WH_109119,8086,7,4,4
WH_109120,22102,5,1,3
WH_109121,16064,0,0,1
WH_109122,9105,6,2,4
WH_109123,37150,6,1,2
WH_109124,31122,8,1,2
WH_109125,13080,6,0,2
WH_109126,30150,0,0,5
WH_109127,7076,4,2,1
WH_109128,21092,1,1,3
WH_109129,23124,3,0,6
WH_109130,29148,5,1,6
WH_109131,14106,7,3,6
WH_109132,23085,6,1,6
WH_109133,7096,7,3,1
WH_109134,23061,0,0,2
WH_109135,21085,7,0,6
WH_109136,29075,7,0,4
WH_109137,17091,1,0,3
WH_109139,37101,4,2,2
WH_109140,28102,7,4,3
WH_109141,18100,3,0,6
WH_109142,6126,7,3,2
WH_109143,5129,5,0,3
WH_109144,7130,0,2,3
WH_109145,9103,2,5,6
WH_109146,19066,6,0,4
WH_109147,22142,1,0,6
WH_109148,21086,4,0,3
WH_109149,8104,3,2,2
WH_109150,31061,4,1,2
WH_109151,17109,3,5,4
WH_109152,27071,6,0,4
WH_109153,12109,5,0,3
WH_109154,26079,2,0,4
WH_109155,7098,0,2,1
WH_109156,27116,6,1,4
WH_109157,14075,7,0,3
WH_109158,52096,0,0,6
WH_109159,26064,6,0,4
WH_109160,36082,5,1,6
WH_109161,16129,5,4,5
WH_109162,23145,3,1,4
WH_109163,44068,4,0,3
WH_109164,7073,6,1,3
WH_109165,19104,4,2,3
WH_109166,30138,0,1,3
WH_109167,5128,4,1,2
WH_109168,22135,5,0,4
WH_109169,26121,1,1,3
WH_109170,16114,8,0,2
WH_109171,13065,1,4,2
WH_109172,30114,4,0,5
WH_109173,24121,8,0,2
WH_109174,29125,8,0,2
WH_109175,30104,0,0,5
WH_109176,14088,6,1,6
WH_109177,36126,8,0,5
WH_109178,6107,8,0,2
WH_109179,32126,7,0,5
WH_109180,26141,5,0,4
WH_109181,28094,6,0,5
WH_109182,22115,8,0,5
WH_109183,36079,3,0,4
WH_109184,11127,8,0,4
WH_109185,44129,6,0,6
WH_109186,29146,7,1,6
WH_109187,6093,0,0,3
WH_109188,41066,3,0,5
WH_109189,31058,8,0,2
WH_109190,29150,4,0,2
WH_109191,21103,0,1,6
WH_109192,31076,6,0,5
WH_109193,30105,4,0,3
WH_109194,14107,5,3,2
WH_109195,21122,2,2,5
WH_109196,6104,1,1,2
WH_109197,6081,0,0,2
WH_109198,25090,2,0,2
WH_109199,5108,1,0,3
WH_109200,32068,5,0,3
WH_109201,19143,7,0,2
WH_109202,27138,2,0,6
WH_109203,31148,4,0,2
WH_109204,48133,3,0,5
WH_109205,21111,7,1,5
WH_109206,13075,1,0,4
WH_109207,25079,0,0,4
WH_109208,18102,2,1,5
WH_109209,38087,6,0,5
WH_109210,30148,4,0,4
WH_109211,7101,3,2,6
WH_109212,25113,1,0,6
WH_109213,40122,5,0,5
WH_109214,20056,2,1,6
WH_109216,23082,2,3,6
WH_109217,22135,6,0,4
WH_109218,37083,1,0,5
WH_109219,39102,3,1,5
WH_109220,8082,1,1,1
WH_109221,44143,4,0,5
WH_109222,30083,3,0,6
WH_109223,31064,8,0,3
WH_109224,26072,1,1,6
WH_109225,12094,3,2,1
WH_109226,42124,4,0,4
WH_109227,8061,3,0,2
WH_109228,45085,2,0,3
WH_109229,6127,5,1,2
WH_109230,14074,8,0,5
WH_109231,35116,2,0,5
WH_109232,26129,6,2,3
WH_109233,38085,5,0,6
WH_109234,27071,0,4,6
WH_109235,32120,5,0,4
WH_109236,27105,7,0,2
WH_109237,6088,3,0,1
WH_109238,28065,1,0,2
WH_109239,10069,3,0,6
WH_109240,6088,8,1,1
WH_109241,37077,6,1,4
WH_109242,14089,3,1,5
WH_109243,31081,1,0,2
WH_109244,29063,5,0,6
WH_109245,33060,7,0,5
WH_109246,31072,5,0,4
WH_109247,19057,3,0,4
WH_109248,17124,7,0,6
WH_109249,26060,8,2,5
WH_109250,32102,5,0,6
WH_109251,24114,0,1,1
WH_109252,29105,4,0,2
WH_109253,10057,2,0,3
WH_109254,25108,4,0,2
WH_109255,31078,0,0,6
WH_109256,12068,3,0,3
WH_109258,30131,3,0,3
WH_109259,28101,8,4,3
WH_109260,30066,6,0,3
WH_109261,28149,3,2,3
WH_109262,21094,7,0,4
WH_109263,18130,3,3,6
WH_109264,22149,0,0,5
WH_109265,6057,3,0,2
WH_109266,31097,6,0,2
WH_109267,6130,7,2,1
WH_109268,28096,6,0,2
WH_109269,23104,4,0,2
WH_109270,6098,1,2,2
WH_109271,6068,5,0,1
WH_109272,43064,3,0,2
WH_109273,13131,5,0,6
WH_109274,14140,8,0,3
WH_109275,7060,0,0,2
WH_109276,12118,2,2,3
WH_109277,28093,8,0,3
WH_109278,21132,5,0,2
WH_109279,23131,7,0,6
WH_109280,21082,3,2,4
WH_109281,17098,8,0,2
WH_109282,6142,8,1,2
WH_109283,27088,0,3,4
WH_109285,26099,8,0,5
WH_109286,45075,0,0,5
WH_109287,42125,8,1,5
WH_109288,29125,2,0,2
WH_109289,23103,3,3,2
WH_109290,44110,5,0,6
WH_109291,40078,4,2,5
WH_109292,19060,7,0,3
WH_109293,28059,7,0,6
WH_109294,40102,7,1,6
WH_109295,13129,7,0,4
WH_109296,51110,2,0,6
WH_109297,8134,7,0,2
WH_109298,5099,8,0,2
WH_109299,6121,2,3,3
WH_109300,15057,3,2,4
WH_109301,9143,4,0,3
WH_109302,49089,1,0,6
WH_109303,38062,0,0,5
WH_109304,17119,6,0,6
WH_109305,10061,8,1,4
WH_109306,16119,0,3,2
WH_109307,5057,6,4,1
WH_109308,20141,7,4,5
WH_109309,25119,6,2,4
WH_109310,31126,3,0,5
WH_109311,36109,1,0,2
WH_109312,20087,8,0,6
WH_109313,44059,7,0,3
WH_109314,5105,5,0,1
WH_109315,25061,4,0,6
WH_109316,28059,5,3,2
WH_109317,29081,8,0,6
WH_109318,31083,2,2,5
WH_109319,7106,7,3,1
WH_109320,20126,5,0,3
WH_109321,26075,7,3,5
WH_109322,29106,6,0,6
WH_109323,14146,1,3,6
WH_109324,6130,3,0,2
WH_109326,23112,4,0,5
WH_109327,15093,1,0,3
WH_109328,34068,2,1,2
WH_109329,28117,3,0,4
WH_109330,38072,8,1,6
WH_109331,15055,3,0,3
WH_109332,19144,7,0,3
WH_109333,37109,4,0,6
WH_109334,10145,3,0,2
WH_109335,18090,5,3,2
WH_109336,37093,8,0,3
WH_109337,14086,0,0,2
WH_109338,31100,8,0,3
WH_109339,6066,7,0,2
WH_109340,23068,5,0,5
WH_109341,4139,8,2,2
WH_109342,15137,4,0,1
WH_109343,30096,0,0,3
WH_109344,9147,4,0,1
WH_109345,25086,4,0,4
WH_109346,12101,8,0,4
WH_109347,14055,2,1,4
WH_109348,35092,6,0,6
WH_109349,16102,7,2,2
WH_109350,39103,3,0,2
WH_109351,36141,5,0,5
WH_109352,5127,5,0,3
WH_109353,22087,6,3,6
WH_109354,7068,4,0,3
WH_109355,16071,1,0,6
WH_109356,20116,1,1,2
WH_109357,31099,1,0,5
WH_109358,18119,1,0,5
WH_109359,19083,2,1,3
WH_109360,30058,4,3,6
WH_109361,19073,6,0,3
WH_109362,5091,2,0,2
WH_109363,29128,6,1,2
WH_109364,31097,3,2,3
WH_109365,32099,7,0,3
WH_109366,28151,8,0,6
WH_109367,13057,5,0,1
WH_109368,29119,0,0,3
WH_109369,9064,6,0,2
WH_109370,6134,5,1,2
WH_109371,39110,6,2,2
WH_109372,22058,4,2,3
WH_109373,13119,4,1,3
WH_109374,8147,0,0,3
WH_109375,20069,7,1,5
WH_109376,7144,2,0,2
WH_109377,31103,4,0,4
WH_109378,19064,7,1,5
WH_109379,28139,1,0,3
WH_109380,31073,7,0,3
WH_109381,14112,3,4,5
WH_109382,12135,0,3,5
WH_109383,12084,3,2,5
WH_109384,6106,4,2,2
WH_109385,5085,4,2,2
WH_109386,6140,0,1,1
WH_109387,17134,1,1,6
WH_109388,16085,8,0,3
WH_109389,6142,3,3,6
WH_109390,36082,4,0,2
WH_109391,43147,6,0,4
WH_109392,8062,6,3,5
WH_109393,9061,5,0,1
WH_109394,49099,3,0,4
WH_109395,19073,5,0,6
WH_109396,25113,8,0,6
WH_109397,20124,4,1,5
WH_109398,6134,1,0,3
WH_109399,12093,6,1,6
WH_109400,9148,7,0,1
WH_109401,34117,3,1,5
WH_109402,5111,3,0,2
WH_109403,17078,3,1,5
WH_109404,15082,2,3,5
WH_109405,37074,2,1,4
WH_109406,30147,4,0,4
WH_109407,49147,5,0,6
WH_109408,17079,1,3,6
WH_109409,29079,0,0,5
WH_109410,25100,0,0,5
WH_109411,6081,0,0,3
WH_109412,32081,7,0,6
WH_109413,45144,0,1,6
WH_109414,30149,7,1,5
WH_109415,48071,8,0,3
WH_109416,45123,7,0,5
WH_109417,8075,4,1,2
WH_109418,49087,1,0,2
WH_109420,22104,0,0,6
WH_109421,40077,7,0,3
WH_109422,32058,8,0,3
WH_109423,25061,5,0,6
WH_109424,19149,7,4,1
WH_109425,31064,5,0,4
WH_109426,55151,2,0,3
WH_109427,8070,8,1,2
WH_109428,38132,3,0,5
WH_109429,14086,8,0,5
WH_109430,29136,6,3,5
WH_109431,6055,1,0,6
WH_109432,6071,5,0,2
WH_109434,39102,1,0,2
WH_109435,25111,7,0,3
WH_109436,19060,2,2,5
WH_109437,39083,5,0,3
WH_109438,14139,5,0,2
WH_109439,5146,3,0,1
WH_109440,30106,7,0,3
WH_109441,13126,3,1,2
WH_109442,43079,0,0,2
WH_109443,34093,4,0,5
WH_109444,42132,8,0,2
WH_109445,30103,8,0,6
WH_109446,26061,5,3,6
WH_109447,23089,7,0,5
WH_109448,31129,5,1,4
WH_109449,31091,8,0,4
WH_109450,36092,6,0,4
WH_109451,32064,0,4,3
WH_109452,35119,3,0,5
WH_109453,30125,0,4,3
WH_109454,30116,1,0,6
WH_109455,27113,1,0,6
WH_109456,6131,2,0,2
WH_109457,27133,1,0,3
WH_109458,16113,0,1,1
WH_109459,8144,8,2,3
WH_109461,6124,8,0,1
WH_109462,9063,5,0,2
WH_109463,25070,1,0,4
WH_109464,23146,8,1,2
WH_109465,53136,8,0,2
WH_109466,8150,8,5,5
WH_109467,7068,2,0,5
WH_109468,42062,2,0,3
WH_109469,13086,2,0,1
WH_109470,20101,0,1,4
WH_109471,9116,8,2,5
WH_109472,25070,8,0,2
WH_109473,20090,5,1,2
WH_109475,44061,3,0,6
WH_109476,6107,6,1,3
WH_109477,41057,6,1,5
WH_109478,31078,1,1,2
WH_109479,29060,5,0,3
WH_109480,12128,5,3,3
WH_109481,36119,7,1,4
WH_109482,18055,1,2,4
WH_109483,37075,3,0,6
WH_109484,28087,1,1,5
WH_109485,9101,4,0,3
WH_109486,31077,0,1,4
WH_109487,14111,3,0,4
WH_109488,5072,1,1,1
WH_109489,42136,3,0,3
WH_109490,24127,3,0,5
WH_109491,30151,0,0,2
WH_109492,25069,6,2,3
WH_109493,22095,1,0,2
WH_109494,11151,0,5,4
WH_109495,54072,7,0,5
WH_109496,15143,1,1,4
WH_109497,23108,7,2,6
WH_109498,16106,4,0,1
WH_109499,24151,0,0,3
WH_109500,5063,7,0,2
WH_109501,41056,5,0,6
WH_109502,13096,7,2,3
WH_109503,26109,2,0,2
WH_109505,6057,8,0,1
WH_109506,7062,0,0,3
WH_109507,29056,4,0,4
WH_109508,13134,5,0,6
WH_109509,46136,5,1,5
WH_109510,9068,3,1,5
WH_109511,42119,4,1,3
WH_109512,21090,3,0,2
WH_109513,29133,0,0,2
WH_109514,28062,2,2,3
WH_109515,29061,0,0,4
WH_109516,41138,8,0,3
WH_109517,38064,1,1,2
WH_109518,10103,7,0,2
WH_109519,27077,0,2,5
WH_109520,47073,3,0,4
WH_109521,31135,4,2,3
WH_109522,20086,1,0,6
WH_109523,44079,1,0,2
WH_109524,14090,7,0,3
WH_109525,23059,1,0,4
WH_109526,29061,3,0,4
WH_109527,6069,5,0,4
WH_109528,18122,1,4,3
WH_109529,7109,5,4,3
WH_109530,28109,8,2,2
WH_109531,27120,3,4,2
WH_109532,6081,1,0,1
WH_109533,31124,4,0,5
WH_109534,24094,2,2,4
WH_109535,41085,0,0,2
WH_109536,13097,2,0,1
WH_109537,19058,0,0,2
WH_109538,42078,3,0,2
WH_109539,18139,8,0,6
WH_109540,27150,8,3,4
WH_109541,30091,4,1,2
WH_109542,21146,5,0,4
WH_109543,5102,3,0,3
WH_109544,12132,2,3,1
WH_109545,9130,7,0,3
WH_109546,18136,3,2,3
WH_109547,38119,7,0,3
WH_109548,42065,2,2,5
WH_109549,22074,1,0,3
WH_109550,42116,4,0,5
WH_109551,35097,2,0,4
WH_109552,31115,8,0,5
WH_109553,21056,7,0,1
WH_109554,19123,2,0,5
WH_109555,28114,2,0,2
WH_109556,9141,0,0,2
WH_109557,20102,7,2,5
WH_109558,14125,4,0,4
WH_109559,15105,8,0,1
WH_109560,19125,3,0,5
WH_109561,27059,2,0,4
WH_109562,10098,2,1,3
WH_109563,9105,8,0,2
WH_109564,41078,4,0,5
WH_109565,30110,4,0,6
WH_109566,24088,4,0,2
WH_109567,15148,3,0,6
WH_109568,7061,3,0,2
WH_109569,43087,0,0,4
WH_109570,23112,1,2,5
WH_109571,30093,0,4,2
WH_109572,18090,5,0,5
WH_109573,31076,3,1,3
WH_109574,36114,3,0,3
WH_109575,18120,7,0,6
WH_109576,13088,0,0,3
WH_109577,24131,1,0,5
WH_109578,18095,3,1,6
WH_109579,13093,0,0,3
WH_109580,18083,2,0,3
WH_109581,30078,3,0,3
WH_109582,27102,8,0,2
WH_109583,20069,5,3,3
WH_109584,10126,7,0,6
WH_109585,27113,1,0,5
WH_109586,6079,6,1,2
WH_109587,20097,4,3,2
WH_109588,20148,3,2,6
WH_109590,29099,2,0,3
WH_109591,30148,8,0,6
WH_109592,24083,5,0,2
WH_109593,6151,5,0,3
WH_109594,43057,7,0,4
WH_109595,21121,1,1,3
WH_109597,18129,8,0,5
WH_109598,33104,2,0,6
WH_109599,17104,0,2,2
WH_109600,35124,0,0,4
WH_109601,32093,1,3,2
WH_109602,23110,2,0,4
WH_109603,31108,8,0,4
WH_109604,22127,2,1,1
WH_109605,21103,4,0,2
WH_109606,5084,4,0,2
WH_109607,6065,8,0,1
WH_109608,23059,1,0,4
WH_109609,16136,3,3,4
WH_109610,4114,0,0,3
WH_109611,16098,2,0,5
WH_109612,23144,3,5,4
WH_109613,25088,1,0,2
WH_109614,40124,4,2,2
WH_109615,10109,0,1,5
WH_109616,37119,6,1,3
WH_109617,16094,1,2,1
WH_109618,21098,7,0,6
WH_109619,26057,3,2,2
WH_109620,42065,5,0,6
WH_109621,26136,6,0,3
WH_109622,32094,1,0,2
WH_109623,22135,6,0,4
WH_109624,25122,2,1,5
WH_109625,48136,6,0,2
WH_109626,19128,7,0,2
WH_109627,8100,4,0,3
WH_109628,16123,7,1,5
WH_109629,20057,6,0,5
WH_109630,7108,8,0,5
WH_109631,31086,7,0,5
WH_109632,18069,8,0,5
WH_109633,35088,4,1,2
WH_109634,23060,0,0,5
WH_109635,47131,6,0,2
WH_109636,25064,0,1,4
WH_109637,32136,7,1,4
WH_109638,24088,5,0,6
WH_109639,26143,3,0,4
WH_109641,32065,8,4,5
WH_109642,28087,0,0,5
WH_109643,19094,5,2,4
WH_109644,29060,2,0,3
WH_109645,31056,2,0,6
WH_109646,29084,3,1,5
WH_109647,22078,0,2,2
WH_109648,31075,0,1,5
WH_109649,24065,4,0,5
WH_109650,31145,3,3,4
WH_109651,31149,3,0,4
WH_109652,16074,7,0,3
WH_109653,16140,6,0,5
WH_109654,26094,4,0,6
WH_109655,28076,5,0,6
WH_109656,19097,3,0,3
WH_109657,19101,2,4,2
WH_109658,31055,6,0,6
WH_109659,6081,8,2,1
WH_109660,16123,6,0,5
WH_109661,25100,2,2,3
WH_109662,47081,2,0,5
WH_109663,14070,1,0,5
WH_109664,23086,8,0,2
WH_109665,13114,2,3,6
WH_109666,17111,7,0,4
WH_109667,19105,4,0,5
WH_109668,11101,3,2,4
WH_109669,20149,0,0,6
WH_109670,35113,7,3,5
WH_109671,25115,3,0,6
WH_109672,33150,1,0,3
WH_109673,20105,2,2,3
WH_109674,25121,0,0,6
WH_109675,51118,0,0,5
WH_109676,5145,8,0,2
WH_109677,29096,5,2,5
WH_109678,17069,8,1,2
WH_109679,17110,1,0,2
WH_109680,17122,0,2,3
WH_109681,28124,6,0,2
WH_109682,27099,0,2,3
WH_109683,38136,1,0,6
WH_109684,37143,8,0,4
WH_109685,21070,4,0,4
WH_109686,30060,2,0,4
WH_109687,14101,3,3,5
WH_109688,17112,6,0,4
WH_109689,15129,4,0,1
WH_109690,18107,1,0,5
WH_109691,29087,6,0,1
WH_109692,24110,3,0,4
WH_109693,28107,0,0,2
WH_109694,6121,8,0,1
WH_109695,24055,8,0,6
WH_109696,33136,8,0,4
WH_109697,5135,8,1,3
WH_109698,4087,0,0,2
WH_109699,21128,5,0,4
WH_109700,17069,6,1,2
WH_109701,20145,6,3,4
WH_109702,28109,4,0,5
WH_109703,17080,7,0,1
WH_109704,7151,5,4,3
WH_109705,39131,6,0,3
WH_109706,8101,3,0,3
WH_109707,12146,0,1,5
WH_109708,7061,8,4,1
WH_109709,22123,3,0,6
WH_109710,43081,4,0,4
WH_109712,30082,8,0,6
WH_109713,15060,6,0,5
WH_109714,19121,8,1,3
WH_109715,20139,4,1,4
WH_109716,27136,7,0,2
WH_109718,6086,6,0,2
WH_109719,27133,3,0,2
WH_109720,5072,3,0,1
WH_109721,30110,0,1,6
WH_109722,26069,2,0,2
WH_109724,23108,3,0,2
WH_109725,27147,2,0,5
WH_109726,6149,4,0,3
WH_109727,19109,8,4,4
WH_109728,25062,4,0,3
WH_109729,40139,6,0,4
WH_109730,7101,0,4,4
WH_109731,37078,0,0,4
WH_109732,25146,3,3,4
WH_109733,9127,5,4,2
WH_109734,5146,5,2,3
WH_109735,44079,6,1,6
WH_109736,6079,8,5,3
WH_109737,22122,0,0,5
WH_109738,6143,1,0,5
WH_109739,29123,5,3,4
WH_109741,28115,8,0,3
WH_109742,36133,8,0,4
WH_109743,20117,6,0,6
WH_109744,28141,5,0,6
WH_109745,6075,8,4,2
WH_109746,13084,3,0,6
WH_109747,31148,5,2,4
WH_109748,13150,6,0,1
WH_109749,32114,8,0,6
WH_109750,17095,6,1,6
WH_109751,28103,5,0,2
WH_109752,15125,1,0,3
WH_109753,26115,0,0,4
WH_109754,22079,8,0,4
WH_109755,7069,1,0,2
WH_109756,36075,3,0,2
WH_109757,33088,4,5,4
WH_109758,45073,1,0,4
WH_109759,9084,3,0,3
WH_109760,28125,4,0,6
WH_109761,26055,0,0,2
WH_109762,12133,7,0,4
WH_109763,14066,8,0,2
WH_109764,6081,4,3,1
WH_109765,25067,7,0,3
WH_109766,23139,5,0,2
WH_109767,48082,5,0,3
WH_109768,28102,4,3,2
WH_109769,14057,7,0,5
WH_109770,26074,3,3,5
WH_109771,15148,0,0,2
WH_109772,23096,8,1,3
WH_109773,42096,8,1,3
WH_109774,38104,1,0,4
WH_109775,21076,5,0,2
WH_109776,40139,6,2,4
WH_109777,23064,3,0,4
WH_109778,47062,0,0,4
WH_109779,32123,0,2,3
WH_109780,44104,7,0,3
WH_109781,16099,2,0,4
WH_109782,30149,4,0,2
WH_109783,24147,8,0,1
WH_109784,33086,6,0,2
WH_109785,8108,5,2,1
WH_109786,26078,4,0,2
WH_109787,23088,3,1,6
WH_109788,30151,4,1,4
WH_109789,8057,5,0,4
WH_109790,24140,7,4,4
WH_109791,26091,8,1,4
WH_109793,33108,0,3,6
WH_109794,20069,7,0,5
WH_109795,22094,1,0,5
WH_109797,11064,4,0,5
WH_109798,25128,0,0,4
WH_109799,26059,4,0,5
WH_109800,27094,5,4,3
WH_109801,23086,4,0,4
WH_109802,31124,6,0,6
WH_109803,29128,7,4,4
WH_109804,13145,2,2,4
WH_109805,27142,3,0,2
WH_109806,10102,1,0,2
WH_109807,18123,1,0,5
WH_109808,15141,6,0,4
WH_109809,23124,8,0,6
WH_109810,22078,2,0,6
WH_109811,20060,5,0,5
WH_109812,30146,4,0,4
WH_109813,29061,2,0,2
WH_109814,31135,8,0,3
WH_109815,15123,0,5,4
WH_109816,9113,3,3,6
WH_109817,20121,3,3,4
WH_109818,39135,7,0,5
WH_109819,12055,0,0,6
WH_109820,18117,3,0,4
WH_109821,8115,1,1,5
WH_109823,19144,5,3,5
WH_109824,34065,6,0,3
WH_109825,7134,5,3,2
WH_109826,13104,2,1,1
WH_109827,26069,8,1,1
WH_109828,15119,5,2,4
WH_109829,8080,1,3,2
WH_109830,23059,3,2,5
WH_109831,30115,5,0,3
WH_109832,29130,0,3,6
WH_109833,27114,1,0,6
WH_109834,20081,3,0,6
WH_109835,30135,6,0,3
WH_109837,26058,3,0,4
WH_109838,19146,5,1,3
WH_109839,30055,5,0,4
WH_109840,20097,3,0,6
WH_109841,33125,1,0,3
WH_109842,7118,5,2,3
WH_109843,17094,5,0,2
WH_109844,43107,6,1,3
WH_109845,21135,1,1,2
WH_109846,10112,4,1,3
WH_109847,43144,6,0,6
WH_109848,6065,8,0,3
WH_109849,29107,1,0,4
WH_109850,34111,6,0,5
WH_109851,23060,1,1,3
WH_109852,16096,0,0,4
WH_109853,10129,1,0,3
WH_109854,23111,3,0,4
WH_109855,25146,0,0,2
WH_109856,25058,4,1,5
WH_109857,26068,8,0,5
WH_109858,6099,2,0,1
WH_109859,17123,7,3,5
WH_109860,16119,0,0,5
WH_109861,37116,3,0,6
WH_109862,6147,7,0,3
WH_109863,17139,2,3,2
WH_109864,30136,3,0,6
WH_109865,30093,1,0,2
WH_109866,6139,1,3,5
WH_109867,29069,6,0,2
WH_109868,28076,6,3,6
WH_109869,44112,1,1,5
WH_109870,18099,0,0,6
WH_109872,16130,6,0,1
WH_109873,15136,0,3,3
WH_109874,41101,3,3,2
WH_109875,20138,8,5,4
WH_109876,34106,7,0,4
WH_109877,8127,8,4,5
WH_109878,24105,8,0,2
WH_109879,11120,0,0,3
WH_109880,5143,6,3,1
WH_109881,44065,3,1,4
WH_109882,29128,6,0,5
WH_109883,16078,2,0,2
WH_109884,9124,2,1,2
WH_109885,9130,3,0,2
WH_109886,31135,4,0,6
WH_109887,29103,0,0,2
WH_109888,29060,2,2,6
WH_109889,53082,2,0,4
WH_109890,23081,1,0,3
WH_109891,8136,8,1,3
WH_109892,40099,4,0,2
WH_109893,31133,6,0,6
WH_109894,53076,8,0,4
WH_109895,32133,7,0,5
WH_109896,21118,1,1,6
WH_109897,19075,3,0,4
WH_109898,10127,3,0,3
WH_109899,9096,6,0,3
WH_109900,25076,1,0,5
WH_109901,11124,3,0,2
WH_109902,42151,1,0,4
WH_109903,30133,0,2,4
WH_109904,27070,4,0,3
WH_109905,7063,7,0,4
WH_109906,20087,0,2,4
WH_109907,19147,2,1,2
WH_109908,39114,4,0,4
WH_109909,21092,1,1,4
WH_109910,6061,5,3,3
WH_109911,19111,8,0,3
WH_109912,18084,1,5,4
WH_109913,6136,3,0,2
WH_109914,12129,2,0,1
WH_109915,7058,4,0,1
WH_109916,26143,1,0,3
WH_109917,8112,1,1,4
WH_109918,28136,5,0,6
WH_109919,19147,2,3,2
WH_109920,21081,5,0,6
WH_109921,12148,7,1,3
WH_109922,26109,4,0,6
WH_109923,27108,4,0,5
WH_109924,16067,1,2,3
WH_109925,25086,2,0,2
WH_109926,30129,3,0,5
WH_109927,23137,5,0,6
WH_109928,6147,8,1,1
WH_109929,21095,0,0,4
WH_109930,12073,1,0,6
WH_109931,18075,1,3,2
WH_109932,16102,0,0,3
WH_109933,9089,8,4,1
WH_109934,29147,5,0,4
WH_109935,16089,7,3,2
WH_109936,38146,4,0,2
WH_109937,5147,4,4,2
WH_109938,17073,2,0,6
WH_109939,13065,6,2,4
WH_109940,6090,5,0,5
WH_109941,16125,0,1,6
WH_109942,29107,1,2,4
WH_109943,29068,2,0,3
WH_109944,29086,6,0,2
WH_109945,18057,8,0,1
WH_109946,42116,6,0,2
WH_109947,31127,7,3,5
WH_109948,20060,7,0,6
WH_109949,31104,4,1,3
WH_109950,23063,4,0,2
WH_109952,33117,8,0,2
WH_109953,29138,1,1,6
WH_109954,30060,1,0,3
WH_109955,12063,2,0,3
WH_109956,13090,6,0,1
WH_109957,29069,0,1,5
WH_109958,48148,1,0,5
WH_109959,46114,8,0,3
WH_109960,23065,0,0,3
WH_109961,33056,8,1,3
WH_109962,12136,0,0,1
WH_109963,10109,4,1,6
WH_109964,27099,4,0,4
WH_109965,29138,3,0,5
WH_109966,7147,8,2,2
WH_109967,6097,3,0,1
WH_109968,30133,6,1,2
WH_109969,21139,1,0,5
WH_109970,40101,8,0,2
WH_109971,33130,8,0,4
WH_109972,45121,6,1,6
WH_109973,20140,4,0,6
WH_109974,33120,3,0,3
WH_109975,20142,5,0,5
WH_109976,29132,5,1,6
WH_109977,20142,3,0,1
WH_109978,16084,5,3,2
WH_109979,28070,1,3,6
WH_109980,22142,5,2,5
WH_109981,30136,3,2,3
WH_109982,19120,6,1,2
WH_109983,37074,8,0,2
WH_109984,13119,4,0,3
WH_109985,6066,0,3,2
WH_109986,24148,4,0,6
WH_109987,33101,1,0,5
WH_109988,24081,4,0,6
WH_109989,19082,8,0,3
WH_109990,8111,5,1,3
WH_109991,35114,4,0,6
WH_109992,29121,2,1,2
WH_109993,25150,0,0,2
WH_109994,30069,1,2,6
WH_109995,20127,7,0,3
WH_109996,27082,3,0,5
WH_109997,44080,6,1,2
WH_109998,6066,5,0,1
WH_109999,26129,5,0,2
WH_110000,24123,0,0,3
WH_110001,26143,4,0,5
WH_110002,33063,0,1,6
WH_110003,12111,1,2,1
WH_110004,30135,7,0,5
WH_110005,18131,6,2,3
WH_110006,36124,3,1,2
WH_110007,6085,4,3,1
WH_110008,11145,1,0,1
WH_110009,11057,7,1,2
WH_110010,38071,6,0,6
WH_110011,11095,6,5,4
WH_110013,24146,8,0,3
WH_110014,5109,5,0,1
WH_110015,47113,5,0,2
WH_110016,40095,5,1,3
WH_110017,21139,1,0,4
WH_110018,25085,2,0,6
WH_110019,6092,6,3,3
WH_110020,15086,8,0,4
WH_110021,40085,6,0,6
WH_110022,37092,4,0,4
WH_110023,30150,7,0,3
WH_110024,30076,1,1,5
WH_110025,4150,4,0,2
WH_110026,15140,0,1,4
WH_110027,10100,1,3,1
WH_110028,26096,8,3,3
WH_110029,6107,5,5,3
WH_110030,35104,6,1,3
WH_110031,7134,0,1,2
WH_110032,13065,6,1,3
WH_110033,20064,8,2,5
WH_110034,17090,0,1,6
WH_110035,7134,4,1,3
WH_110036,32066,3,0,6
WH_110037,8134,4,2,2
WH_110038,20120,7,0,3
WH_110039,13090,4,0,5
WH_110040,15118,2,0,4
WH_110041,13082,0,1,5
WH_110042,33071,4,0,2
WH_110043,7149,4,1,2
WH_110044,18090,7,0,1
WH_110045,8098,4,0,2
WH_110046,19136,4,1,4
WH_110047,4068,8,2,1
WH_110048,34066,5,1,3
WH_110049,32119,8,1,3
WH_110050,21139,2,0,5
WH_110051,6092,7,0,5
WH_110052,7069,0,3,6
WH_110053,18075,7,0,2
WH_110054,22074,6,0,3
WH_110055,31103,4,0,3
WH_110056,19110,7,1,5
WH_110057,30107,2,0,3
WH_110058,7073,7,0,2
WH_110059,16136,4,0,1
WH_110060,40143,3,0,5
WH_110061,8122,7,0,3
WH_110062,32136,0,0,3
WH_110063,24123,1,0,6
WH_110064,52132,6,0,3
WH_110065,26060,0,0,1
WH_110066,16103,4,2,3
WH_110067,31132,5,0,3
WH_110068,44068,4,0,4
WH_110069,32107,1,0,6
WH_110070,32090,4,3,6
WH_110071,12097,1,0,3
WH_110072,22120,0,0,6
WH_110073,13060,4,0,3
WH_110075,39138,4,0,4
WH_110076,7147,4,0,1
WH_110077,5105,8,2,3
WH_110078,19145,7,0,3
WH_110079,29055,2,0,6
WH_110080,27060,3,0,2
WH_110081,14095,3,0,3
WH_110082,11124,3,1,1
WH_110083,7147,6,0,1
WH_110084,18091,8,3,3
WH_110085,6057,5,0,3
WH_110086,23104,5,0,5
WH_110088,37115,6,1,5
WH_110089,7084,4,3,5
WH_110090,5107,1,1,5
WH_110091,23091,2,0,5
WH_110092,19058,5,0,5
WH_110093,35134,6,0,2
WH_110094,32055,1,0,2
WH_110095,32125,6,2,5
WH_110096,44058,2,0,4
WH_110097,50134,3,0,4
WH_110098,6119,8,0,1
WH_110099,24112,6,0,6
WH_110100,6116,1,0,2
WH_110101,6085,4,0,3
WH_110102,33099,7,0,4
WH_110103,28071,1,0,2
WH_110104,16144,5,2,2
WH_110105,27094,3,0,2
WH_110106,5127,0,0,2
WH_110107,6106,3,0,3
WH_110108,38093,6,0,3
WH_110109,13067,3,0,1
WH_110110,30088,7,0,1
WH_110111,15133,1,4,4
WH_110112,15064,8,0,6
WH_110113,34066,0,0,3
WH_110114,44147,0,0,4
WH_110115,7071,5,0,2
WH_110116,19120,6,0,4
WH_110117,34107,2,2,2
WH_110118,32061,6,0,3
WH_110119,25127,5,0,3
WH_110120,18069,8,3,3
WH_110121,7079,8,0,1
WH_110122,19097,2,2,4
WH_110123,19059,2,0,3
WH_110124,27117,3,0,6
WH_110125,38101,5,0,5
WH_110126,24116,7,0,2
WH_110127,26128,8,0,5
WH_110128,6133,2,0,3
WH_110129,44130,4,0,3
WH_110130,14082,6,0,4
WH_110131,21061,7,0,1
WH_110132,18090,5,0,3
WH_110133,42119,8,0,2
WH_110135,15116,4,2,4
WH_110136,31060,1,0,6
WH_110138,9071,1,0,1
WH_110139,12100,1,1,3
WH_110140,28069,6,1,4
WH_110141,5065,5,2,3
WH_110142,33083,1,1,5
WH_110143,5094,2,1,2
WH_110144,12060,0,1,2
WH_110145,37069,6,0,3
WH_110146,28062,2,0,3
WH_110147,32119,8,4,4
WH_110148,6120,3,0,1
WH_110149,38124,6,0,6
WH_110150,20112,6,0,5
WH_110151,24147,3,3,3
WH_110152,5083,4,3,2
WH_110153,6088,4,0,3
WH_110154,25107,3,1,2
WH_110155,36085,4,0,3
WH_110156,16103,8,2,5
WH_110157,32098,7,1,6
WH_110158,18088,4,2,3
WH_110159,29068,1,3,3
WH_110161,12068,0,0,1
WH_110162,49103,8,0,3
WH_110164,25093,5,0,6
WH_110165,25111,6,3,5
WH_110166,8144,8,0,5
WH_110167,5132,5,0,3
WH_110168,8069,8,0,2
WH_110169,29059,6,0,4
WH_110170,9079,0,0,1
WH_110171,47118,5,0,3
WH_110172,48072,5,0,5
WH_110173,29139,3,0,6
WH_110174,11150,3,0,3
WH_110175,5108,0,0,3
WH_110176,9149,5,1,3
WH_110177,23134,2,2,3
WH_110178,25068,5,1,5
WH_110179,26118,7,0,6
WH_110180,43074,2,0,6
WH_110181,32118,0,2,3
WH_110182,33112,7,0,2
WH_110183,13057,0,2,3
WH_110184,26133,3,0,3
WH_110185,15128,6,0,4
WH_110186,33089,5,0,6
WH_110187,30111,6,0,2
WH_110188,13100,4,0,2
WH_110189,20108,2,0,3
WH_110190,13151,0,0,5
WH_110191,32064,4,0,5
WH_110192,25109,7,1,3
WH_110193,38078,7,0,5
WH_110194,20112,2,1,6
WH_110195,11146,7,0,1
WH_110196,7106,5,1,2
WH_110197,33127,4,0,6
WH_110198,17072,3,4,2
WH_110199,48115,5,0,5
WH_110200,33087,0,0,6
WH_110201,16142,8,2,4
WH_110202,41080,3,1,6
WH_110203,31102,1,0,3
WH_110204,41104,6,1,3
WH_110205,8066,8,1,6
WH_110206,21113,5,0,3
WH_110207,13113,5,0,1
WH_110208,27110,7,0,1
WH_110209,7111,7,2,4
WH_110210,33085,3,0,6
WH_110211,20090,1,0,6
WH_110212,31080,2,1,4
WH_110213,7123,8,2,1
WH_110214,26102,8,1,4
WH_110215,6094,0,1,1
WH_110216,7077,7,0,2
WH_110217,17063,7,1,2
WH_110218,15077,0,2,4
WH_110219,44070,7,0,2
WH_110220,33095,7,0,6
WH_110222,26140,7,0,3
WH_110223,15057,3,0,6
WH_110224,9090,1,4,5
WH_110225,25063,6,0,5
WH_110226,5145,4,0,1
WH_110227,24140,3,0,6
WH_110228,17120,6,3,6
WH_110229,31073,7,0,4
WH_110230,21144,1,0,6
WH_110231,33076,1,0,2
WH_110232,47066,3,0,6
WH_110233,24074,3,0,2
WH_110234,13069,2,0,2
WH_110235,44105,1,0,6
WH_110236,12099,2,0,4
WH_110237,16064,6,0,1
WH_110238,19105,0,3,6
WH_110239,25140,5,0,2
WH_110240,30056,2,0,2
WH_110241,30079,1,0,4
WH_110242,26145,1,1,5
WH_110243,15127,4,0,5
WH_110244,4065,8,0,4
WH_110245,38123,6,0,2
WH_110246,50055,0,0,6
WH_110247,16143,1,0,3
WH_110248,39083,6,0,4
WH_110249,17099,3,0,6
WH_110250,9099,1,0,3
WH_110251,16118,3,1,5
WH_110252,11111,8,0,5
WH_110253,7151,5,0,2
WH_110254,28098,4,3,5
WH_110255,27116,6,0,6
WH_110256,22111,1,2,2
WH_110257,25066,1,5,6
WH_110258,39096,1,0,3
WH_110259,25084,3,3,5
WH_110260,31101,0,2,4
WH_110261,9129,5,1,1
WH_110262,16134,5,0,3
WH_110263,21114,5,1,5
WH_110264,25143,3,3,4
WH_110265,29090,1,0,4
WH_110266,17106,4,3,5
WH_110267,23071,8,0,2
WH_110268,25063,0,1,6
WH_110270,5128,7,0,3
WH_110272,29070,6,0,2
WH_110273,47055,3,0,2
WH_110274,6073,5,1,2
WH_110275,17150,3,0,5
WH_110276,11062,5,0,2
WH_110277,21113,8,0,2
WH_110278,31059,0,0,3
WH_110279,17090,7,0,1
WH_110280,7075,0,1,2
WH_110281,25098,3,0,6
WH_110282,33145,2,0,2
WH_110283,38081,6,1,6
WH_110284,7077,7,3,6
WH_110285,12099,0,0,5
WH_110286,27127,7,0,4
WH_110287,12092,8,2,2
WH_110288,32150,4,0,3
WH_110289,18148,7,2,5
WH_110291,28146,2,0,6
WH_110292,6103,1,1,3
WH_110293,23069,8,0,5
WH_110294,6109,4,3,6
WH_110295,22117,3,3,5
WH_110296,6134,2,0,3
WH_110297,31105,3,0,4
WH_110298,27072,1,0,5
WH_110299,13059,0,0,5
WH_110300,51137,4,0,3
WH_110301,12148,8,0,2
WH_110302,5064,0,0,2
WH_110303,30091,7,0,4
WH_110304,24149,7,0,4
WH_110305,25108,1,0,1
WH_110306,51097,2,0,6
WH_110307,9090,1,1,2
WH_110308,40139,6,0,4
WH_110309,25134,0,0,5
WH_110310,34090,0,0,5
WH_110311,5072,3,2,1
WH_110313,23100,2,0,6
WH_110314,35123,2,1,5
WH_110315,28142,0,0,3
WH_110316,14056,3,0,4
WH_110317,23109,8,0,3
WH_110318,6118,6,1,3
WH_110319,4106,2,0,3
WH_110320,48135,3,0,3
WH_110321,12059,7,1,1
WH_110322,22150,3,1,6
WH_110323,34114,2,0,5
WH_110324,25109,6,0,6
WH_110325,18100,7,4,5
WH_110326,38129,8,1,4
WH_110327,25132,8,0,6
WH_110328,30133,7,1,3
WH_110329,38099,5,0,5
WH_110330,21108,6,1,3
WH_110331,27076,0,0,6
WH_110332,27149,1,0,3
WH_110333,34123,2,2,2
WH_110334,11104,1,2,6
WH_110335,21129,1,0,5
WH_110336,13099,5,0,4
WH_110337,19055,6,0,6
WH_110338,7064,5,4,3
WH_110339,23071,5,0,3
WH_110340,31125,5,4,3
WH_110341,13143,8,4,4
WH_110342,10065,5,1,5
WH_110343,22085,3,0,3
WH_110344,38133,8,0,2
WH_110345,27060,8,1,5
WH_110346,24116,7,0,2
WH_110347,53115,7,0,4
WH_110348,13095,5,0,4
WH_110349,20126,0,1,3
WH_110350,27109,7,1,2
WH_110351,24127,2,0,6
WH_110352,9129,0,0,2
WH_110353,7086,0,0,3
WH_110354,30057,8,3,3
WH_110355,29145,6,0,4
WH_110356,15145,8,1,2
WH_110357,24119,4,0,3
WH_110359,40127,3,0,4
WH_110360,26150,2,0,4
WH_110361,44113,4,1,3
WH_110362,19088,6,3,2
WH_110363,30122,6,0,4
WH_110364,28088,4,2,2
WH_110365,27088,7,0,6
WH_110366,36058,1,0,6
WH_110369,30137,4,0,5
WH_110370,34118,3,1,5
WH_110371,27137,1,0,4
WH_110372,18092,8,0,2
WH_110373,6081,1,0,3
WH_110374,23150,0,0,6
WH_110375,7126,2,0,6
WH_110376,38104,0,1,4
WH_110377,6082,1,0,3
WH_110379,8073,6,1,3
WH_110380,17109,3,0,3
WH_110381,14089,1,0,5
WH_110382,23111,4,0,3
WH_110383,23114,4,2,3
WH_110384,16059,8,0,6
WH_110385,22101,4,0,2
WH_110386,16098,7,4,6
WH_110387,16087,8,1,3
WH_110389,5125,7,0,1
WH_110390,14070,2,3,1
WH_110391,14141,0,5,4
WH_110392,45100,0,1,4
WH_110393,27148,3,0,5
WH_110394,28121,2,0,6
WH_110396,6145,2,1,2
WH_110397,24119,6,0,4
WH_110398,17109,0,1,2
WH_110399,30114,5,0,4
WH_110401,12058,0,0,1
WH_110402,8062,5,0,5
WH_110403,8059,1,1,1
WH_110404,32121,8,0,5
WH_110405,7059,8,0,4
WH_110406,40150,3,1,5
WH_110407,32145,3,0,4
WH_110408,14123,1,2,2
WH_110409,28060,0,0,3
WH_110411,23097,8,1,3
WH_110412,26119,1,0,6
WH_110413,28148,8,0,2
WH_110414,14109,7,0,3
WH_110415,15062,6,1,4
WH_110416,25148,8,0,2
WH_110417,14144,4,0,4
WH_110418,21062,0,0,4
WH_110419,34118,0,0,5
WH_110420,39137,7,0,3
WH_110421,29059,2,0,2
WH_110422,21096,5,0,3
WH_110423,13074,4,0,1
WH_110424,36084,0,0,3
WH_110425,29120,8,0,6
WH_110426,5141,3,4,4
WH_110427,5077,1,2,2
WH_110428,28111,7,0,1
WH_110429,28133,2,4,3
WH_110430,22112,8,1,6
WH_110431,24055,4,4,2
WH_110432,11084,5,0,6
WH_110433,6120,0,0,4
WH_110434,18085,0,1,4
WH_110435,23066,0,0,2
WH_110436,49112,3,0,4
WH_110437,15145,5,1,5
WH_110438,12116,0,1,6
WH_110440,17091,5,0,2
WH_110441,16074,5,2,6
WH_110442,43110,0,0,5
WH_110443,18065,6,3,2
WH_110444,28061,6,0,2
WH_110445,22128,8,0,3
WH_110446,24148,2,0,5
WH_110447,18080,4,3,2
WH_110448,12098,7,1,4
WH_110449,15062,4,1,6
WH_110450,12128,8,4,3
WH_110451,7139,0,0,3
WH_110452,4072,2,2,3
WH_110453,10063,1,2,4
WH_110454,35068,1,0,3
WH_110455,8089,6,0,2
WH_110456,27061,0,0,3
WH_110457,40149,4,0,2
WH_110458,4076,0,0,1
WH_110459,43082,8,1,5
WH_110460,19094,0,1,3
WH_110461,25124,6,0,6
WH_110462,25088,7,3,2
WH_110463,31113,4,0,4
WH_110464,24102,3,1,5
WH_110465,10084,6,1,1
WH_110466,32078,3,0,6
WH_110467,32062,2,0,4
WH_110468,28074,4,0,5
WH_110469,24145,7,0,4
WH_110470,6151,0,1,2
WH_110472,8102,1,2,1
WH_110473,14130,4,0,5
WH_110474,33098,5,0,3
WH_110475,21110,4,4,5
WH_110476,31103,7,0,2
WH_110477,21079,1,0,1
WH_110478,31151,2,0,4
WH_110479,21111,3,0,3
WH_110480,29070,4,0,4
WH_110481,14079,0,0,4
WH_110482,34095,7,0,4
WH_110483,34079,3,0,3
WH_110484,29133,2,0,6
WH_110485,13102,8,0,6
WH_110486,5064,3,1,2
WH_110487,37127,3,0,2
WH_110488,9093,5,0,2
WH_110489,6094,0,3,4
WH_110490,24077,3,0,5
WH_110491,12055,8,0,6
WH_110492,18070,2,3,2
WH_110493,17096,8,0,6
WH_110494,40113,2,0,6
WH_110495,12093,8,0,2
WH_110496,32110,0,0,6
WH_110497,9113,4,1,2
WH_110498,31079,4,0,6
WH_110499,36060,6,0,4
WH_110500,49082,0,0,6
WH_110501,33146,6,0,5
WH_110502,23114,8,0,5
WH_110503,24096,7,0,5
WH_110504,48105,0,0,4
WH_110505,25079,5,3,6
WH_110507,19133,4,1,3
WH_110509,33103,1,0,5
WH_110510,15068,7,0,5
WH_110511,31148,8,0,5
WH_110512,12101,1,0,2
WH_110513,30095,3,0,5
WH_110514,24117,0,1,3
WH_110515,6104,0,0,5
WH_110516,16067,2,5,4
WH_110517,26086,8,2,2
WH_110518,14147,5,0,4
WH_110519,10134,0,1,5
WH_110520,28124,0,0,5
WH_110521,29150,5,0,4
WH_110522,30133,1,0,5
WH_110523,6105,0,0,4
WH_110524,19065,7,1,6
WH_110525,24059,0,0,2
WH_110526,23066,7,3,5
WH_110527,32124,6,3,6
WH_110528,12125,3,0,3
WH_110529,32138,8,1,4
WH_110530,7138,8,1,2
WH_110531,23098,5,1,3
WH_110532,33071,7,0,3
WH_110533,25068,1,0,3
WH_110534,6090,0,1,3
WH_110535,12092,5,1,4
WH_110536,26089,5,0,4
WH_110537,24143,3,0,3
WH_110538,8139,7,0,4
WH_110539,29145,0,0,5
WH_110540,29076,2,1,5
WH_110541,21105,4,0,5
WH_110542,23061,3,0,2
WH_110543,16084,5,1,5
WH_110544,11129,2,0,4
WH_110545,28134,8,0,2
WH_110546,20097,0,1,4
WH_110547,15106,8,0,3
WH_110548,23119,6,0,5
WH_110549,35090,7,1,6
WH_110550,19110,8,5,3
WH_110551,31134,6,0,3
WH_110552,34086,5,0,3
WH_110554,23119,0,0,2
WH_110555,19114,0,0,3
WH_110556,19125,8,0,5
WH_110557,5065,4,1,3
WH_110558,28072,7,2,4
WH_110559,14069,4,0,5
WH_110561,29077,6,1,6
WH_110562,5072,8,0,2
WH_110563,7073,5,0,2
WH_110564,25098,8,0,5
WH_110565,29110,7,4,4
WH_110566,13078,7,0,3
WH_110567,18106,3,1,5
WH_110568,29140,2,0,3
WH_110569,49087,5,0,6
WH_110570,6064,6,1,1
WH_110571,26092,8,0,2
WH_110572,28136,3,0,5
WH_110574,6062,1,0,2
WH_110575,37086,8,1,6
WH_110576,26079,1,0,6
WH_110577,20068,8,0,4
WH_110578,30150,7,3,6
WH_110579,14120,1,2,3
WH_110580,14083,5,0,5
WH_110581,31085,2,0,5
WH_110582,14139,5,4,4
WH_110583,36078,1,1,2
WH_110585,17093,8,1,2
WH_110586,5068,5,3,5
WH_110587,32060,5,0,6
WH_110588,21102,0,0,3
WH_110589,28127,6,0,2
WH_110590,16144,7,0,5
WH_110592,7095,3,3,3
WH_110593,27056,3,0,6
WH_110594,23124,8,4,5
WH_110595,21103,2,1,4
WH_110596,14099,1,0,4
WH_110597,30143,6,0,4
WH_110598,7136,5,1,3
WH_110599,30150,7,0,2
WH_110600,19121,5,0,2
WH_110602,35062,8,0,4
WH_110603,16110,6,0,2
WH_110604,46146,0,0,6
WH_110605,13141,0,0,4
WH_110606,16116,5,2,5
WH_110607,48087,7,0,2
WH_110608,5125,5,0,2
WH_110609,19102,3,2,2
WH_110610,42136,7,1,2
WH_110611,14120,4,0,5
WH_110612,12080,1,0,6
WH_110613,12095,0,3,1
WH_110614,37093,8,0,6
WH_110615,9069,1,4,6
WH_110616,29140,8,0,2
WH_110617,11075,1,0,4
WH_110619,21082,3,1,4
WH_110620,25101,7,0,3
WH_110621,12109,0,1,2
WH_110622,45132,3,0,5
WH_110623,31060,3,4,6
WH_110624,5060,3,0,2
WH_110625,42093,2,0,3
WH_110626,6151,7,0,3
WH_110627,7060,2,2,2
WH_110628,7112,4,2,2
WH_110629,24090,8,0,4
WH_110630,6115,1,0,3
WH_110631,38121,2,0,6
WH_110632,31064,7,1,2
WH_110633,38135,1,1,3
WH_110634,28062,3,4,4
WH_110635,22084,1,1,5
WH_110636,7123,3,4,1
WH_110637,5103,3,0,3
WH_110638,17085,8,1,3
WH_110639,20124,7,2,6
WH_110640,9107,1,2,3
WH_110641,28151,7,1,6
WH_110642,17125,5,1,2
WH_110643,31140,3,0,4
WH_110644,35115,0,0,2
WH_110645,34132,5,0,6
WH_110646,9055,6,1,1
WH_110647,5106,1,0,1
WH_110648,17144,2,1,5
WH_110649,35090,5,0,5
WH_110650,30111,0,3,4
WH_110651,7081,3,4,1
WH_110652,5060,5,0,3
WH_110653,28135,4,0,4
WH_110654,8149,1,3,4
WH_110655,31080,4,3,6
WH_110656,7112,4,0,3
WH_110657,5099,2,3,1
WH_110658,17079,6,2,4
WH_110659,27092,6,1,4
WH_110660,32080,3,0,3
WH_110661,38058,1,0,3
WH_110662,11135,7,1,5
WH_110663,20122,4,2,5
WH_110664,28069,7,0,5
WH_110665,26107,3,0,2
WH_110666,24113,5,0,6
WH_110667,32091,4,0,4
WH_110668,20151,4,0,2
WH_110669,25117,5,1,5
WH_110670,19092,7,1,6
WH_110671,54078,3,0,4
WH_110672,5110,7,1,2
WH_110673,50078,0,0,4
WH_110674,31075,4,0,3
WH_110675,8109,1,3,2
WH_110676,29077,6,0,4
WH_110677,23107,5,1,2
WH_110678,49137,1,0,3
WH_110679,27101,1,2,3
WH_110680,37077,4,0,6
WH_110681,29134,5,0,4
WH_110682,24137,0,2,2
WH_110683,5148,1,2,4
WH_110684,16137,7,3,1
WH_110685,21092,5,0,3
WH_110686,12114,6,1,3
WH_110687,30127,7,0,6
WH_110688,14083,8,2,5
WH_110689,41111,0,0,6
WH_110691,23086,3,1,3
WH_110692,24061,8,0,3
WH_110693,8132,7,0,1
WH_110694,21111,1,2,4
WH_110695,19145,4,0,4
WH_110696,21119,6,0,1
WH_110697,26142,4,0,3
WH_110698,30095,0,0,5
WH_110699,9149,8,2,1
WH_110700,24146,6,2,6
WH_110701,32074,2,0,2
WH_110702,30141,5,5,3
WH_110703,45104,5,1,4
WH_110704,29062,0,0,4
WH_110705,8145,3,1,3
WH_110706,38075,0,0,6
WH_110707,52082,1,0,6
WH_110708,27120,0,0,2
WH_110709,17077,8,0,5
WH_110710,9128,4,1,3
WH_110711,21115,2,0,5
WH_110712,31120,1,0,6
WH_110713,24101,4,1,3
WH_110714,30145,5,0,4
WH_110715,27147,2,0,4
WH_110716,6080,5,0,3
WH_110717,18094,4,0,5
WH_110718,13076,8,0,2
WH_110719,10090,2,1,2
WH_110720,14102,0,2,5
WH_110721,17139,0,0,6
WH_110722,43081,5,0,3
WH_110723,6083,7,4,2
WH_110724,29114,7,0,3
WH_110725,24065,1,0,3
WH_110726,19116,3,0,3
WH_110727,36097,7,1,3
WH_110728,17148,8,0,2
WH_110729,27143,0,1,4
WH_110730,7081,2,0,2
WH_110732,24094,8,0,6
WH_110733,31125,0,1,6
WH_110734,51093,7,1,6
WH_110735,24080,0,0,6
WH_110736,8102,4,1,3
WH_110737,14134,6,3,6
WH_110738,28071,0,0,4
WH_110739,27141,8,0,2
WH_110740,18146,2,2,5
WH_110741,21118,6,1,3
WH_110742,5085,8,0,1
WH_110743,21120,5,0,6
WH_110744,5099,3,0,3
WH_110745,14109,4,3,4
WH_110746,15094,6,0,1
WH_110747,6110,7,0,1
WH_110748,8126,1,1,4
WH_110749,19099,0,1,5
WH_110750,19078,3,0,1
WH_110751,14073,5,0,5
WH_110752,31106,6,0,5
WH_110753,28077,6,4,5
WH_110754,33068,2,0,5
WH_110755,15148,3,1,2
WH_110756,42067,4,0,5
WH_110757,26132,4,0,6
WH_110758,7110,4,3,5
WH_110759,11113,1,0,4
WH_110760,10097,6,4,3
WH_110761,23075,5,4,2
WH_110762,28068,8,0,4
WH_110764,12144,1,0,2
WH_110765,31074,3,0,3
WH_110766,36140,4,0,3
WH_110767,44123,5,0,4
WH_110768,30063,7,0,3
WH_110769,30076,7,0,2
WH_110770,13066,6,0,2
WH_110771,29080,4,1,2
WH_110772,46127,2,0,4
WH_110773,44145,5,0,4
WH_110774,6104,0,0,2
WH_110775,47080,1,0,6
WH_110776,36057,1,1,4
WH_110777,15073,5,0,3
WH_110778,30151,0,0,6
WH_110779,24082,6,1,4
WH_110780,40119,1,1,3
WH_110781,25112,7,0,4
WH_110782,9083,3,0,1
WH_110783,8072,5,1,3
WH_110784,28091,8,0,5
WH_110785,26147,3,2,5
WH_110787,23077,7,0,5
WH_110788,17061,0,1,3
WH_110790,8139,6,1,3
WH_110791,40096,3,0,3
WH_110792,14104,6,0,1
WH_110793,33133,0,0,6
WH_110794,11127,6,3,3
WH_110795,10064,6,0,2
WH_110796,21068,2,0,5
WH_110797,33072,1,0,3
WH_110798,17081,6,0,4
WH_110799,7148,4,1,1
WH_110800,53111,1,0,2
WH_110801,33102,3,0,6
WH_110802,19130,6,2,2
WH_110803,32142,1,0,4
WH_110804,11102,8,2,1
WH_110805,27082,8,0,5
WH_110806,25130,8,2,4
WH_110807,23102,4,0,5
WH_110808,30077,1,0,5
WH_110809,45082,6,0,4
WH_110810,18071,2,3,3
WH_110811,14101,1,0,3
WH_110812,27077,7,0,2
WH_110813,26108,1,0,5
WH_110814,29091,5,0,3
WH_110815,28075,1,0,4
WH_110816,25122,1,0,3
WH_110817,27086,4,2,6
WH_110818,23088,1,1,2
WH_110819,41140,0,0,4
WH_110820,6132,6,1,1
WH_110821,28123,8,0,6
WH_110822,30080,3,4,5
WH_110823,5068,5,0,3
WH_110824,24128,5,0,5
WH_110825,16109,8,4,5
WH_110827,29101,0,0,6
WH_110828,28078,1,3,6
WH_110829,44138,7,0,4
WH_110830,27078,5,0,3
WH_110831,14110,7,3,6
WH_110832,15067,2,2,4
WH_110833,30119,4,0,3
WH_110834,25074,3,1,3
WH_110835,8064,4,0,1
WH_110836,41146,5,0,5
WH_110837,26130,3,0,5
WH_110838,16114,6,3,3
WH_110839,21076,4,3,2
WH_110840,14089,5,2,2
WH_110841,17057,7,2,2
WH_110842,39058,5,0,3
WH_110843,31105,2,1,3
WH_110844,6098,7,0,1
WH_110845,26081,4,0,5
WH_110846,39128,8,0,3
WH_110847,7089,4,3,2
WH_110848,41113,1,1,4
WH_110849,36101,3,0,4
WH_110850,35077,1,0,2
WH_110851,27144,8,0,6
WH_110852,32117,5,0,6
WH_110853,29108,0,0,5
WH_110854,19113,2,2,4
WH_110855,7082,2,1,2
WH_110857,5140,2,0,3
WH_110858,7129,8,1,3
WH_110859,12151,0,1,5
WH_110860,12149,8,0,2
WH_110861,5073,0,1,3
WH_110862,9078,4,1,3
WH_110863,20108,0,0,1
WH_110864,9148,3,0,2
WH_110865,31139,0,2,3
WH_110866,23132,6,0,6
WH_110867,8124,5,0,1
WH_110868,21151,3,2,3
WH_110869,20136,7,0,4
WH_110870,8104,3,0,4
WH_110871,8098,2,2,3
WH_110872,26150,5,0,3
WH_110873,18114,3,0,1
WH_110874,7083,3,1,1
WH_110875,33082,2,1,4
WH_110876,28110,2,0,6
WH_110877,8140,5,0,3
WH_110878,17086,6,0,2
WH_110879,31131,5,0,4
WH_110880,30128,8,0,6
WH_110881,15138,8,0,6
WH_110882,29056,8,0,2
WH_110883,30059,1,0,5
WH_110884,34072,1,0,6
WH_110885,18106,8,5,6
WH_110886,29093,8,0,5
WH_110887,16131,7,0,6
WH_110888,30108,4,0,5
WH_110889,6109,4,0,2
WH_110890,28147,1,0,5
WH_110891,28098,1,0,3
WH_110892,11137,4,1,1
WH_110893,20066,4,0,5
WH_110894,51142,6,0,4
WH_110895,30123,0,0,6
WH_110896,24110,2,0,1
WH_110897,39077,8,1,5
WH_110898,11059,7,1,2
WH_110899,29109,3,0,2
WH_110900,9083,2,3,5
WH_110901,30096,7,0,4
WH_110902,5057,7,2,1
WH_110903,29138,8,0,2
WH_110904,33072,7,0,5
WH_110905,26148,4,2,5
WH_110906,34080,5,0,5
WH_110907,31080,0,0,4
WH_110908,23112,8,0,2
WH_110909,6084,6,0,3
WH_110910,23129,5,0,5
WH_110911,26147,8,1,5
WH_110912,36105,3,0,2
WH_110913,32075,2,4,2
WH_110914,20110,6,0,6
WH_110915,20081,1,3,6
WH_110916,15082,1,3,5
WH_110917,9082,0,0,3
WH_110918,27142,8,0,6
WH_110919,5130,3,1,3
WH_110921,29144,5,0,4
WH_110922,27100,3,4,6
WH_110923,30145,6,2,2
WH_110924,43103,0,0,2
WH_110925,29062,7,1,3
WH_110926,48104,8,0,2
WH_110927,30096,0,3,4
WH_110928,7065,7,0,2
WH_110929,23078,5,2,4
WH_110930,30093,3,0,5
WH_110931,24097,7,0,3
WH_110932,21071,1,2,5
WH_110933,22086,2,1,3
WH_110934,43078,0,0,6
WH_110935,14056,1,3,2
WH_110936,5074,6,0,3
WH_110937,18059,5,0,4
WH_110939,31128,5,0,5
WH_110940,17082,5,0,1
WH_110941,24149,5,2,4
WH_110942,28109,0,0,3
WH_110944,15103,4,2,6
WH_110945,25073,0,4,5
WH_110946,26060,1,0,3
WH_110947,17078,5,1,1
WH_110948,17120,2,0,2
WH_110950,18085,8,0,1
WH_110951,31088,8,0,3
WH_110952,36094,7,0,4
WH_110953,29101,8,0,2
WH_110954,5126,7,1,3
WH_110955,15132,0,0,3
WH_110956,31102,5,0,4
WH_110957,55083,3,0,5
WH_110958,26093,0,0,3
WH_110959,11056,8,1,6
WH_110960,45099,7,0,2
WH_110961,51066,3,2,4
WH_110962,21071,6,3,4
WH_110963,6099,3,1,2
WH_110964,38091,7,2,4
WH_110965,29075,3,0,6
WH_110966,35144,1,1,4
WH_110967,40149,4,1,5
WH_110968,22056,3,0,3
WH_110969,27086,3,0,4
WH_110970,19110,1,5,4
WH_110971,7065,5,0,3
WH_110972,31112,4,4,5
WH_110973,21125,8,1,4
WH_110974,7086,6,0,1
WH_110975,30127,0,0,6
WH_110976,55132,8,0,3
WH_110978,31061,6,0,3
WH_110979,5136,8,2,2
WH_110980,16148,5,0,5
WH_110981,26112,8,2,2
WH_110982,23060,6,0,2
WH_110983,18148,1,3,3
WH_110984,16096,8,1,5
WH_110985,51137,7,0,4
WH_110986,6086,8,1,2
WH_110987,17130,7,1,5
WH_110988,11114,3,2,1
WH_110989,39117,3,0,6
WH_110990,34151,0,1,3
WH_110992,23080,6,1,4
WH_110993,53086,1,0,3
WH_110994,22065,0,2,2
WH_110995,12093,4,1,3
WH_110996,9058,0,2,1
WH_110997,12124,8,0,6
WH_110998,5144,1,2,2
WH_110999,27133,7,0,5
WH_111000,9101,3,1,4
WH_111001,22136,1,3,3
WH_111002,26135,3,0,2
WH_111003,18140,6,3,4
WH_111004,22077,5,4,4
WH_111005,32149,4,0,3
WH_111006,8146,4,0,6
WH_111007,9083,0,0,2
WH_111008,41144,1,2,2
WH_111009,39133,7,0,6
WH_111010,31122,4,0,2
WH_111011,49076,4,0,4
WH_111012,10098,6,0,3
WH_111013,21121,5,3,4
WH_111014,9079,8,0,3
WH_111015,23123,3,0,5
WH_111016,38078,3,1,2
WH_111017,31101,2,0,6
WH_111018,7063,8,0,6
WH_111019,13136,1,1,2
WH_111020,17128,5,0,2
WH_111021,28105,5,0,3
WH_111022,6145,0,0,1
WH_111023,29064,5,1,4
WH_111024,49120,3,0,6
WH_111025,13075,1,5,2
WH_111026,27127,2,1,2
WH_111027,32082,8,0,6
WH_111028,21087,6,0,2
WH_111029,38064,1,2,5
WH_111030,27115,1,0,4
WH_111031,20095,8,3,3
WH_111033,35085,6,0,6
WH_111034,25094,5,2,5
WH_111035,17082,0,0,5
WH_111036,24132,8,1,5
WH_111037,32134,4,0,6
WH_111038,21075,2,0,6
WH_111039,24074,4,3,2
WH_111040,28111,8,5,4
WH_111041,43112,8,0,4
WH_111042,21108,1,0,6
WH_111044,22069,1,0,2
WH_111045,34085,3,0,2
WH_111046,32101,8,0,2
WH_111047,31126,6,0,2
WH_111048,23137,5,0,3
WH_111049,4074,0,4,1
WH_111050,8099,4,0,6
WH_111051,20131,0,1,3
WH_111052,50130,5,0,2
WH_111053,5078,0,3,1
WH_111054,14102,6,0,6
WH_111055,14107,8,3,6
WH_111056,8085,8,0,2
WH_111057,17118,4,3,4
WH_111058,32133,5,0,6
WH_111059,6146,1,3,4
WH_111060,28076,8,3,2
WH_111061,29108,0,4,5
WH_111062,23084,0,0,3
WH_111063,13093,1,2,2
WH_111064,27131,2,0,3
WH_111065,30150,8,0,4
WH_111066,9145,3,0,3
WH_111067,8085,5,0,1
WH_111068,8127,7,1,5
WH_111069,4069,1,1,1
WH_111070,10093,6,0,4
WH_111071,30067,8,3,6
WH_111072,30129,6,1,6
WH_111073,18127,6,1,2
WH_111074,27096,8,1,4
WH_111075,6058,1,0,2
WH_111076,14064,0,0,4
WH_111077,22099,8,0,2
WH_111078,12112,8,0,3
WH_111079,27086,1,1,2
WH_111080,24133,6,0,1
WH_111081,12103,6,3,6
WH_111082,12126,3,0,1
WH_111083,33134,0,0,5
WH_111084,18060,0,0,1
WH_111085,25102,8,0,5
WH_111087,25117,2,3,3
WH_111088,49129,5,0,5
WH_111089,21120,7,0,3
WH_111090,30060,0,1,3
WH_111093,27079,4,0,5
WH_111094,27087,5,1,6
WH_111095,28097,7,4,3
WH_111096,30107,5,0,5
WH_111097,33127,6,3,2
WH_111098,33134,0,1,4
WH_111099,32079,8,0,3
WH_111100,22080,4,0,2
WH_111101,20056,3,0,3
WH_111102,48087,5,0,4
WH_111103,28083,0,0,6
WH_111104,20110,1,3,2
WH_111105,43141,3,0,5
WH_111106,26130,1,4,4
WH_111107,35079,6,3,5
WH_111108,23136,8,2,2
WH_111109,12069,0,0,2
WH_111110,25151,3,0,1
WH_111111,21088,5,0,3
WH_111112,33137,8,0,2
WH_111113,6149,8,4,3
WH_111114,12135,4,0,5
WH_111115,30060,6,0,6
WH_111116,8100,4,3,3
WH_111117,30151,8,0,6
WH_111118,8137,4,0,3
WH_111119,40109,3,0,5
WH_111120,8058,6,3,2
WH_111121,22133,3,0,6
WH_111122,24098,5,4,2
WH_111123,33149,1,0,2
WH_111124,31149,7,2,4
WH_111125,33102,1,3,4
WH_111126,8126,3,2,4
WH_111127,8062,3,2,1
WH_111128,23080,6,0,6
WH_111129,43092,5,0,5
WH_111130,43135,3,0,2
WH_111131,18078,4,0,3
WH_111132,14071,5,2,3
WH_111133,21089,3,0,5
WH_111134,14118,6,0,6
WH_111135,23097,7,2,5
WH_111136,28061,4,0,3
WH_111137,24147,4,0,3
WH_111138,6082,4,3,1
WH_111139,25106,8,0,4
WH_111140,28076,6,0,2
WH_111141,34117,5,0,3
WH_111142,21125,6,1,3
WH_111143,25118,7,0,4
WH_111144,21078,6,0,2
WH_111145,6119,5,3,3
WH_111146,7131,2,0,2
WH_111147,6137,0,1,5
WH_111148,16136,0,0,6
WH_111149,9119,3,0,1
WH_111150,23094,8,0,5
WH_111151,29081,7,1,6
WH_111152,19094,6,0,1
WH_111153,6109,3,0,3
WH_111154,7133,7,4,4
WH_111155,5141,0,0,1
WH_111157,21129,0,0,2
WH_111158,15125,5,3,5
WH_111159,5094,7,4,2
WH_111160,22122,8,0,2
WH_111162,27055,2,0,5
WH_111163,6139,1,4,1
WH_111164,19128,7,0,4
WH_111165,19080,0,0,3
WH_111166,30095,2,0,2
WH_111167,27083,0,1,4
WH_111168,21064,3,3,2
WH_111169,7131,6,1,3
WH_111170,51135,7,0,6
WH_111171,9134,8,3,6
WH_111172,39100,5,0,3
WH_111173,26066,6,0,3
WH_111174,35057,1,0,2
WH_111175,42082,3,0,2
WH_111176,23121,1,0,6
WH_111177,29130,8,0,3
WH_111178,8123,3,0,2
WH_111179,13112,6,1,2
WH_111180,20098,7,1,5
WH_111181,35063,4,2,5
WH_111182,32123,7,1,3
WH_111183,19149,6,0,3
WH_111184,19076,7,1,5
WH_111185,28147,7,0,6
WH_111186,8088,3,1,2
WH_111187,31063,3,1,3
WH_111188,6074,4,3,3
WH_111189,39145,7,1,6
WH_111191,44097,3,0,6
WH_111192,6128,7,3,2
WH_111193,38116,8,1,3
WH_111194,13145,3,1,4
WH_111195,7073,3,0,2
WH_111196,30129,6,2,4
WH_111197,25141,7,1,4
WH_111198,30115,1,1,6
WH_111199,15101,6,1,5
WH_111200,20085,4,0,5
WH_111201,26061,7,0,3
WH_111202,52113,0,0,2
WH_111204,26108,1,0,5
WH_111205,19141,4,0,5
WH_111206,21091,4,0,6
WH_111207,30139,6,0,3
WH_111208,9077,3,2,5
WH_111209,7056,0,0,5
WH_111210,10080,3,4,5
WH_111211,33072,6,0,3
WH_111212,33123,6,1,6
WH_111213,14097,6,3,2
WH_111214,29122,0,0,4
WH_111215,20102,7,1,3
WH_111216,30124,4,2,5
WH_111217,7089,4,0,2
WH_111218,26102,0,0,6
WH_111219,6086,8,2,1
WH_111220,48064,4,0,3
WH_111221,42063,8,0,2
WH_111222,31107,6,0,4
WH_111223,5145,7,3,3
WH_111224,23080,3,0,5
WH_111225,5064,4,0,2
WH_111226,48121,3,0,4
WH_111227,28091,6,1,6
WH_111228,10086,5,0,1
WH_111229,29112,6,0,3
WH_111230,17132,1,1,4
WH_111231,14141,5,0,2
WH_111232,24083,0,0,4
WH_111234,22126,3,1,6
WH_111235,7072,6,2,4
WH_111236,7146,8,0,1
WH_111237,25107,0,0,3
WH_111238,33088,7,0,5
WH_111239,27141,4,0,5
WH_111240,24106,6,3,2
WH_111241,21108,7,1,3
WH_111242,28075,2,0,5
WH_111243,21131,3,2,5
WH_111244,47094,1,0,4
WH_111248,16068,1,0,5
WH_111249,11078,1,0,2
WH_111250,26143,8,0,2
WH_111251,20070,4,0,6
WH_111252,5090,0,0,6
WH_111253,18093,0,3,2
WH_111254,28123,6,1,2
WH_111255,33097,7,1,5
WH_111256,38101,0,0,4
WH_111258,7108,0,1,3
WH_111259,10121,0,0,2
WH_111260,5091,0,1,2
WH_111261,5110,6,5,1
WH_111262,29068,7,1,4
WH_111263,29104,7,1,6
WH_111264,17151,0,0,6
WH_111265,5064,3,1,2
WH_111266,23108,4,0,6
WH_111267,22132,0,0,2
WH_111268,40129,5,0,4
WH_111269,16149,1,3,4
WH_111270,29111,8,0,3
WH_111271,31147,5,0,3
WH_111273,31143,0,2,3
WH_111274,18100,4,3,2
WH_111275,26143,8,0,1
WH_111276,6121,1,0,3
WH_111277,5091,1,0,1
WH_111278,31108,7,0,5
WH_111279,12108,5,0,6
WH_111280,7088,4,0,1
WH_111281,32111,2,0,2
WH_111282,19070,2,0,4
WH_111283,5129,6,3,6
WH_111284,26087,3,0,5
WH_111285,33118,6,2,6
WH_111286,11116,7,2,6
WH_111287,23111,3,2,4
WH_111288,30140,0,4,5
WH_111289,51131,1,0,4
WH_111290,7120,3,4,1
WH_111291,24076,3,4,4
WH_111292,30101,0,0,3
WH_111293,44142,1,0,3
WH_111294,29055,5,0,6
WH_111295,44069,0,0,3
WH_111296,22143,0,3,5
WH_111297,41083,4,0,6
WH_111299,14126,5,0,1
WH_111300,12144,5,0,2
WH_111301,34106,3,0,2
WH_111302,22084,1,0,3
WH_111303,22123,3,0,3
WH_111304,5069,3,3,2
WH_111305,28133,0,0,6
WH_111306,39076,0,1,4
WH_111307,45125,4,0,3
WH_111308,10147,1,1,5
WH_111309,39120,8,0,2
WH_111310,40076,1,1,5
WH_111311,5077,0,0,1
WH_111312,16148,7,5,3
WH_111313,9140,4,0,1
WH_111314,13123,7,0,4
WH_111315,14116,6,0,2
WH_111316,30138,8,1,3
WH_111317,20085,8,1,2
WH_111318,21131,7,5,4
WH_111319,5145,8,0,1
WH_111320,5117,6,4,3
WH_111321,14095,5,1,2
WH_111322,8115,6,0,3
WH_111323,6130,5,2,2
WH_111324,43150,6,1,5
WH_111325,37066,2,0,6
WH_111326,5137,5,2,6
WH_111327,28108,7,0,4
WH_111328,8133,4,0,5
WH_111329,37126,7,0,4
WH_111331,7080,0,0,3
WH_111332,34074,1,0,2
WH_111333,31139,5,0,2
WH_111334,17062,1,1,3
WH_111335,7084,2,2,4
WH_111336,11075,1,1,6
WH_111337,6071,8,1,3
WH_111338,33084,4,5,3
WH_111339,17106,1,2,4
WH_111341,28095,7,1,6
WH_111342,33103,3,1,2
WH_111343,7105,1,0,1
WH_111344,25090,6,0,3
WH_111345,30086,1,4,2
WH_111346,22087,1,0,1
WH_111347,5116,8,3,2
WH_111348,6103,8,0,6
WH_111349,30067,5,0,5
WH_111350,21089,0,0,4
WH_111351,20134,7,0,1
WH_111352,6132,8,1,1
WH_111353,52117,4,0,5
WH_111354,6107,7,2,2
WH_111355,16105,7,1,4
WH_111356,28118,2,0,5
WH_111357,17068,8,1,4
WH_111358,52088,5,0,6
WH_111359,30056,7,0,3
WH_111360,32060,6,1,3
WH_111361,25099,6,0,3
WH_111362,7063,7,0,4
WH_111363,35118,0,0,3
WH_111364,14062,7,3,6
WH_111366,54129,7,0,3
WH_111367,19080,2,3,2
WH_111368,7130,3,4,4
WH_111369,10081,6,0,5
WH_111370,6097,2,1,1
WH_111371,43116,6,0,5
WH_111372,26060,1,1,1
WH_111373,9095,4,0,1
WH_111374,12122,8,0,2
WH_111375,16064,8,3,6
WH_111376,32062,4,0,4
WH_111377,17107,4,2,6
WH_111378,37083,8,0,3
WH_111379,7077,5,0,3
WH_111380,28142,5,0,1
WH_111381,10122,3,1,6
WH_111382,5077,7,1,1
WH_111383,27111,1,0,5
WH_111384,8067,1,1,1
WH_111385,8112,0,3,2
WH_111386,14112,1,3,6
WH_111387,16149,3,1,3
WH_111388,37147,4,4,4
WH_111389,23131,8,0,1
WH_111390,33143,1,0,4
WH_111391,5063,1,3,2
WH_111392,18134,6,2,6
WH_111393,6127,4,0,1
WH_111394,6059,0,0,5
WH_111395,24130,2,0,2
WH_111396,20100,8,3,5
WH_111397,7128,8,4,2
WH_111398,31055,3,1,5
WH_111400,25075,4,2,3
WH_111401,37088,4,0,3
WH_111402,9056,3,0,3
WH_111403,27115,7,4,6
WH_111404,18083,6,3,4
WH_111405,44106,3,0,4
WH_111406,7145,5,0,1
WH_111407,9070,3,3,3
WH_111408,5135,2,2,1
WH_111409,16114,0,1,3
WH_111410,38107,2,0,4
WH_111411,20117,1,3,3
WH_111412,13147,4,1,6
WH_111413,20100,4,4,2
WH_111414,16111,0,0,2
WH_111415,23101,6,0,1
WH_111416,10150,1,0,1
WH_111417,6119,5,1,3
WH_111418,24095,3,0,5
WH_111419,43094,4,0,2
WH_111420,26148,4,0,5
WH_111421,31120,3,0,3
WH_111422,34097,0,0,6
WH_111423,6141,0,0,2
WH_111424,8079,6,1,3
WH_111425,48100,5,0,2
WH_111426,22079,7,2,4
WH_111427,38063,6,1,6
WH_111428,17138,6,4,5
WH_111429,22148,2,0,4
WH_111430,7083,6,1,1
WH_111431,14130,5,0,5
WH_111432,33123,8,0,5
WH_111433,44081,3,0,5
WH_111434,32140,1,0,3
WH_111435,23083,5,0,4
WH_111437,25127,3,0,4
WH_111438,31061,0,0,5
WH_111439,27084,8,2,5
WH_111440,6083,1,3,2
WH_111441,4091,2,1,2
WH_111442,33133,6,0,3
WH_111443,29081,3,0,2
WH_111444,7105,1,0,6
WH_111445,6055,4,0,2
WH_111446,21087,8,2,6
WH_111447,40081,6,1,3
WH_111448,6127,8,0,2
WH_111449,26134,4,0,5
WH_111451,7098,2,0,6
WH_111452,27071,7,3,2
WH_111453,12115,3,1,6
WH_111454,7064,1,5,3
WH_111455,20105,1,0,6
WH_111456,49057,3,0,4
WH_111457,23122,7,4,4
WH_111458,37097,7,0,2
WH_111459,22147,2,3,4
WH_111460,31102,0,0,6
WH_111461,25115,4,1,2
WH_111462,55058,7,0,6
WH_111463,29072,2,0,5
WH_111464,21056,1,0,1
WH_111465,23080,2,0,2
WH_111466,30092,8,0,2
WH_111467,48140,1,2,5
WH_111468,17146,8,2,6
WH_111469,22145,5,0,2
WH_111470,25106,3,0,3
WH_111471,31116,1,0,3
WH_111472,16135,7,4,1
WH_111473,27069,3,4,6
WH_111474,10136,6,0,5
WH_111475,18110,8,1,6
WH_111476,5064,7,2,2
WH_111477,9066,4,0,3
WH_111478,45063,8,0,4
WH_111479,23119,1,2,2
WH_111480,27103,8,0,2
WH_111481,51103,3,0,5
WH_111482,27135,3,0,3
WH_111483,22104,4,2,6
WH_111484,29118,2,2,3
WH_111485,23097,5,1,5
WH_111486,31130,6,0,2
WH_111487,25141,7,0,3
WH_111488,27148,1,0,4
WH_111489,9056,7,0,3
WH_111490,27122,2,2,3
WH_111491,48063,0,0,5
WH_111492,16083,6,2,6
WH_111493,5088,1,1,4
WH_111494,24056,0,0,1
WH_111495,28124,4,0,2
WH_111496,25138,2,1,6
WH_111497,31093,8,2,3
WH_111499,23063,7,0,4
WH_111500,31081,3,0,2
WH_111501,15075,4,0,3
WH_111502,22108,3,1,2
WH_111503,28060,0,0,4
WH_111504,21149,3,0,5
WH_111505,22088,7,3,4
WH_111506,17094,3,0,5
WH_111508,29085,0,0,6
WH_111509,32150,5,0,6
WH_111510,24129,0,0,5
WH_111511,22077,5,0,6
WH_111512,7123,8,0,2
WH_111513,14136,0,0,6
WH_111514,24121,5,0,4
WH_111515,30090,8,1,2
WH_111516,32084,4,1,3
WH_111517,28064,7,1,1
WH_111518,26068,1,0,2
WH_111519,32097,6,0,3
WH_111520,38072,0,0,5
WH_111521,7068,7,1,2
WH_111522,24105,3,0,2
WH_111523,13107,3,1,4
WH_111524,32119,1,0,4
WH_111525,32133,8,1,6
WH_111526,30127,5,0,5
WH_111527,45107,0,0,4
WH_111529,33094,1,0,2
WH_111530,12073,5,0,4
WH_111531,27071,6,0,4
WH_111532,40080,7,0,6
WH_111533,28113,1,0,3
WH_111534,12125,1,0,6
WH_111535,30134,5,4,6
WH_111536,35132,0,0,3
WH_111537,37066,2,0,3
WH_111538,20125,1,0,1
WH_111539,23147,4,1,6
WH_111540,16104,1,3,3
WH_111541,30067,8,0,6
WH_111542,18110,4,2,1
WH_111543,24063,6,1,4
WH_111544,7136,4,0,1
WH_111545,16069,0,1,2
WH_111546,6142,4,3,1
WH_111547,18115,4,0,4
WH_111548,23104,0,0,1
WH_111549,8137,4,0,1
WH_111550,14123,8,1,3
WH_111551,35147,6,0,6
WH_111552,46122,4,0,6
WH_111553,7055,5,0,1
WH_111554,9108,6,0,5
WH_111555,39076,4,0,6
WH_111557,7115,1,0,4
WH_111558,25120,1,0,4
WH_111559,13100,0,1,4
WH_111560,30144,0,0,6
WH_111561,45136,2,0,2
WH_111562,31132,2,0,3
WH_111563,37144,4,0,3
WH_111564,22148,5,3,4
WH_111565,30071,2,2,3
WH_111566,25093,6,0,3
WH_111567,38140,0,0,6
WH_111568,21112,5,0,2
WH_111569,38137,2,0,6
WH_111570,11104,1,0,6
WH_111571,18100,7,2,2
WH_111572,7092,4,0,1
WH_111574,27077,4,0,2
WH_111575,14058,2,1,3
WH_111576,7108,1,4,2
WH_111577,31093,5,0,4
WH_111578,25134,6,3,3
WH_111579,6083,8,0,3
WH_111580,10098,5,0,4
WH_111581,26136,8,0,4
WH_111582,14063,1,0,6
WH_111583,35126,5,0,5
WH_111584,5090,5,0,1
WH_111585,28129,6,5,6
WH_111586,28068,2,0,6
WH_111587,14089,6,3,1
WH_111588,19123,5,5,4
WH_111590,12121,1,1,4
WH_111591,6151,4,0,2
WH_111592,28107,7,0,6
WH_111593,18067,8,0,3
WH_111594,21113,8,1,6
WH_111595,43098,5,0,5
WH_111596,33138,3,0,5
WH_111598,21100,5,3,4
WH_111599,24101,0,0,4
WH_111600,23063,3,3,6
WH_111601,8101,3,2,6
WH_111602,28123,8,0,2
WH_111603,42132,5,0,3
WH_111604,10079,4,4,5
WH_111605,27150,8,0,6
WH_111606,8130,5,1,6
WH_111607,14109,3,1,2
WH_111608,24136,7,0,3
WH_111609,26095,8,0,3
WH_111610,27129,1,0,6
WH_111611,11128,8,0,3
WH_111612,21112,6,0,4
WH_111613,8086,5,0,1
WH_111614,20066,2,1,6
WH_111615,15140,6,3,3
WH_111616,23095,4,0,6
WH_111617,28146,6,0,5
WH_111618,44097,8,0,5
WH_111619,6070,8,0,4
WH_111620,26077,0,0,6
WH_111621,5079,8,3,3
WH_111622,17109,2,1,4
WH_111623,19149,1,2,5
WH_111624,26065,6,0,1
WH_111625,44065,4,0,4
WH_111626,23108,8,0,5
WH_111627,18101,4,1,6
WH_111628,31075,2,0,4
WH_111629,30114,5,1,3
WH_111630,25118,8,0,6
WH_111631,33096,8,0,3
WH_111632,11074,8,2,5
WH_111633,39124,8,1,6
WH_111635,5115,0,3,2
WH_111636,17124,5,0,4
WH_111637,14063,0,1,5
WH_111638,5083,6,1,2
WH_111639,19118,1,0,4
WH_111641,27079,8,0,6
WH_111642,23104,3,0,5
WH_111643,32133,8,0,3
WH_111644,6130,1,0,3
WH_111645,19150,1,1,3
WH_111646,15125,4,0,2
WH_111648,15120,1,0,1
WH_111649,17101,1,0,2
WH_111650,31139,4,0,6
WH_111651,33134,0,1,4
WH_111652,5141,7,0,2
WH_111653,17126,3,4,4
WH_111654,30096,6,2,5
WH_111655,23086,1,5,4
WH_111656,7069,3,0,1
WH_111657,24148,6,0,3
WH_111658,35065,5,0,6
WH_111659,31127,7,0,6
WH_111660,29116,5,0,3
WH_111661,6095,3,0,1
WH_111662,26064,6,1,3
WH_111663,46079,1,0,3
WH_111664,23109,1,0,4
WH_111665,22146,7,0,6
WH_111666,7130,0,0,6
WH_111667,7069,7,2,5
WH_111668,19111,7,5,2
WH_111669,49108,6,0,3
WH_111670,26111,0,0,6
WH_111671,35084,6,0,3
WH_111672,7091,6,3,2
WH_111673,34121,3,0,3
WH_111674,42109,7,0,2
WH_111675,14077,6,0,1
WH_111676,24099,7,1,2
WH_111677,24143,3,0,5
WH_111678,38097,2,0,5
WH_111679,36115,7,0,3
WH_111680,8106,5,0,3
WH_111681,14112,8,0,5
WH_111682,30091,6,1,3
WH_111683,16095,7,0,4
WH_111684,27062,5,0,3
WH_111685,17083,8,0,3
WH_111686,39134,6,2,4
WH_111687,31138,7,0,3
WH_111688,28056,7,0,6
WH_111689,26134,2,0,5
WH_111690,5112,0,1,2
WH_111691,34073,8,0,4
WH_111692,6077,8,3,5
WH_111693,21108,3,0,5
WH_111694,25095,6,0,5
WH_111695,16080,8,0,1
WH_111696,23120,8,0,5
WH_111698,33125,0,3,5
WH_111699,11105,2,0,2
WH_111700,21094,6,1,5
WH_111701,30065,7,3,4
WH_111702,5072,5,0,3
WH_111703,8105,6,0,2
WH_111704,40061,8,0,4
WH_111705,28096,1,0,4
WH_111706,12128,8,1,2
WH_111707,27087,6,0,5
WH_111708,16151,1,1,3
WH_111709,30140,1,0,4
WH_111710,33104,4,0,2
WH_111711,10144,1,1,3
WH_111712,6151,4,0,2
WH_111713,34091,3,0,3
WH_111714,33057,8,1,4
WH_111715,11126,5,4,6
WH_111716,13085,1,0,3
WH_111717,5112,2,0,1
WH_111718,30068,4,2,4
WH_111719,34097,4,1,5
WH_111720,25144,2,0,5
WH_111722,6072,2,3,6
WH_111723,9102,7,1,2
WH_111724,39125,1,2,5
WH_111725,30070,5,0,6
WH_111726,43067,3,0,4
WH_111727,30099,6,0,4
WH_111728,4102,2,2,3
WH_111729,32127,4,4,2
WH_111730,32134,8,0,5
WH_111731,28100,5,0,3
WH_111732,15110,6,1,2
WH_111733,21145,7,0,4
WH_111734,12143,2,0,1
WH_111735,37121,3,0,2
WH_111736,26140,0,1,6
WH_111737,54150,4,0,5
WH_111738,6094,5,0,1
WH_111740,19058,0,0,4
WH_111741,7113,7,0,3
WH_111742,20086,7,0,4
WH_111743,15072,6,0,1
WH_111744,31132,8,3,5
WH_111745,8148,0,0,6
WH_111746,49069,6,1,6
WH_111747,34058,2,0,2
WH_111748,7055,4,3,6
WH_111749,16072,8,0,6
WH_111750,25118,6,0,4
WH_111751,24100,6,3,6
WH_111752,8142,7,2,3
WH_111753,41114,0,0,3
WH_111754,7106,7,1,5
WH_111755,12143,0,0,4
WH_111756,34089,3,0,5
WH_111757,28101,5,1,3
WH_111758,10098,0,0,2
WH_111759,21105,3,0,1
WH_111760,23111,0,0,6
WH_111761,21138,3,0,5
WH_111762,28111,7,0,2
WH_111763,17141,1,3,5
WH_111764,12099,4,0,6
WH_111765,9088,0,0,2
WH_111766,32059,6,0,5
WH_111767,18072,4,1,3
WH_111769,23115,5,0,6
WH_111770,9109,4,0,2
WH_111771,7126,8,4,1
WH_111772,28071,6,1,4
WH_111773,31129,8,3,6
WH_111774,40149,7,0,3
WH_111775,50133,0,0,4
WH_111776,11096,0,0,3
WH_111777,26121,8,0,2
WH_111778,15080,3,0,5
WH_111779,31103,5,0,5
WH_111780,46110,8,0,3
WH_111781,27119,2,2,5
WH_111782,6087,5,0,1
WH_111783,37059,0,0,6
WH_111784,28121,6,0,2
WH_111785,16126,7,0,2
WH_111786,15078,7,3,3
WH_111787,22121,3,0,3
WH_111788,16119,2,2,6
WH_111789,7091,2,0,2
WH_111790,36086,6,0,5
WH_111791,9097,6,1,3
WH_111792,7121,6,1,2
WH_111793,53124,5,0,6
WH_111794,6106,0,1,3
WH_111795,17108,7,0,2
WH_111796,10094,8,0,3
WH_111797,32133,7,0,3
WH_111798,17059,8,1,5
WH_111800,44090,3,0,2
WH_111801,35062,8,0,3
WH_111803,31111,0,0,2
WH_111804,28099,1,0,3
WH_111805,30089,7,1,4
WH_111806,35134,6,0,4
WH_111807,25091,2,0,4
WH_111808,18080,0,0,1
WH_111809,5110,3,1,1
WH_111810,14097,0,0,1
WH_111811,21103,5,1,5
WH_111812,27105,2,0,2
WH_111813,26110,4,1,5
WH_111814,25134,0,1,5
WH_111815,31134,8,0,6
WH_111816,18056,2,3,5
WH_111817,17108,3,0,6
WH_111818,7056,4,0,3
WH_111819,23089,6,0,3
WH_111820,28093,2,0,2
WH_111821,46060,5,0,6
WH_111822,23073,5,0,2
WH_111823,12112,0,0,6
WH_111824,11130,1,0,5
WH_111825,29104,0,0,2
WH_111826,8123,8,3,4
WH_111827,31099,4,0,3
WH_111828,8057,5,2,1
WH_111829,22091,1,0,6
WH_111830,48083,8,0,5
WH_111831,20077,6,3,5
WH_111832,8144,1,0,2
WH_111833,28080,1,1,4
WH_111834,24060,4,0,6
WH_111835,14084,3,1,4
WH_111836,16072,6,1,5
WH_111837,13120,1,0,2
WH_111838,21108,5,0,5
WH_111839,38057,5,0,4
WH_111840,24135,0,2,3
WH_111841,10074,0,0,2
WH_111842,34083,6,0,6
WH_111843,34123,5,2,6
WH_111845,5059,7,3,3
WH_111846,25076,6,0,5
WH_111847,25089,4,0,2
WH_111848,11127,1,1,5
WH_111849,29143,6,4,3
WH_111850,26113,3,1,6
WH_111851,32099,4,0,4
WH_111852,14113,4,0,5
WH_111854,39112,6,0,3
WH_111856,14090,2,0,2
WH_111857,29108,5,4,3
WH_111858,7148,5,1,2
WH_111859,30063,0,0,4
WH_111860,12141,8,2,3
WH_111861,29143,5,0,3
WH_111862,22134,3,2,6
WH_111863,5116,4,3,2
WH_111864,19101,8,1,3
WH_111865,8132,0,1,3
WH_111866,23079,3,0,5
WH_111867,34070,1,3,3
WH_111868,22126,0,4,3
WH_111869,22115,3,1,3
WH_111870,36149,8,0,3
WH_111871,7078,5,1,2
WH_111872,13087,6,0,3
WH_111873,23061,5,0,2
WH_111875,31145,3,0,5
WH_111876,35146,4,0,2
WH_111877,28097,5,0,4
WH_111878,15082,7,1,3
WH_111879,22060,5,2,3
WH_111880,31101,7,0,3
WH_111881,30115,4,0,4
WH_111882,33112,4,0,5
WH_111883,19113,0,0,2
WH_111884,23079,0,0,1
WH_111885,29138,1,0,2
WH_111886,5063,4,5,4
WH_111887,8076,0,1,4
WH_111888,12119,1,3,3
WH_111889,29151,1,0,3
WH_111890,19067,4,3,5
WH_111891,4078,8,1,2
WH_111892,29057,8,0,6
WH_111893,22098,4,0,6
WH_111894,22072,6,1,5
WH_111895,17140,7,1,6
WH_111896,14148,8,0,5
WH_111897,6089,4,1,4
WH_111898,18148,7,3,5
WH_111900,7072,4,0,1
WH_111901,39089,7,0,6
WH_111902,41140,3,1,5
WH_111903,36135,3,0,3
WH_111904,26123,2,0,4
WH_111905,44116,6,1,6
WH_111906,23076,7,5,5
WH_111907,24115,4,0,4
WH_111908,21114,8,0,6
WH_111909,35076,4,1,3
WH_111910,14070,3,0,2
WH_111911,44125,2,0,6
WH_111912,27100,7,1,2
WH_111913,30108,8,4,3
WH_111914,27073,8,0,6
WH_111915,16113,8,1,2
WH_111916,5126,8,3,1
WH_111917,31113,7,0,6
WH_111918,8111,8,1,3
WH_111919,20145,8,0,1
WH_111920,6120,3,0,1
WH_111921,28070,3,0,1
WH_111922,21102,5,0,3
WH_111923,50099,0,0,6
WH_111924,25126,0,5,5
WH_111925,28114,6,1,2
WH_111926,34070,5,2,6
WH_111927,8149,3,0,6
WH_111928,21064,0,0,6
WH_111929,32137,0,0,4
WH_111930,17108,0,0,2
WH_111931,10093,2,1,4
WH_111932,35101,6,4,6
WH_111933,30116,5,1,3
WH_111934,40101,7,0,3
WH_111935,23086,1,0,2
WH_111936,6095,4,0,2
WH_111937,29129,3,2,6
WH_111938,15141,3,3,2
WH_111939,29148,5,0,6
WH_111940,11077,5,0,6
WH_111941,17107,4,0,6
WH_111942,23073,6,1,6
WH_111943,10099,0,0,2
WH_111944,16111,0,0,6
WH_111945,24149,0,0,3
WH_111946,29112,8,0,6
WH_111947,21081,1,1,5
WH_111948,32078,8,3,4
WH_111949,6069,4,3,1
WH_111950,39077,1,1,6
WH_111951,27128,7,0,2
WH_111952,12098,4,0,3
WH_111953,40139,3,1,6
WH_111954,15081,4,0,6
WH_111955,27124,4,0,5
WH_111956,39111,0,0,4
WH_111957,29121,7,0,5
WH_111958,27116,0,2,2
WH_111959,12100,7,2,4
WH_111960,28088,4,2,6
WH_111961,46072,4,0,5
WH_111962,19126,3,0,3
WH_111963,31080,1,0,6
WH_111964,19119,8,0,5
WH_111965,23114,7,0,6
WH_111966,11113,2,0,2
WH_111967,26114,0,0,6
WH_111968,12085,3,1,3
WH_111969,13113,6,3,2
WH_111970,33103,2,1,6
WH_111971,4151,3,0,2
WH_111972,36125,6,0,5
WH_111973,26124,1,0,2
WH_111974,36094,4,1,4
WH_111975,34127,6,0,2
WH_111976,7145,5,2,6
WH_111977,26097,5,0,6
WH_111978,31127,7,0,2
WH_111979,6092,7,0,2
WH_111980,25099,3,1,2
WH_111981,24110,1,0,4
WH_111982,22099,1,2,2
WH_111983,39072,0,0,2
WH_111984,15103,3,0,5
WH_111985,32111,7,3,4
WH_111986,32110,3,0,4
WH_111987,5138,1,1,1
WH_111988,11068,7,0,6
WH_111989,8124,4,3,5
WH_111990,37101,8,0,2
WH_111991,13114,3,2,4
WH_111992,32057,0,0,2
WH_111993,40129,2,0,2
WH_111994,7084,1,3,6
WH_111995,28145,0,0,6
WH_111996,25074,5,0,5
WH_111997,7057,5,0,6
WH_111998,30068,3,1,3
WH_112000,41092,8,0,3
WH_112001,21087,5,0,6
WH_112002,35062,7,1,2
WH_112003,14102,3,0,6
WH_112004,19104,7,2,5
WH_112005,11101,3,0,1
WH_112006,48086,7,0,6
WH_112007,36108,0,0,4
WH_112008,39085,1,1,6
WH_112009,42088,5,1,3
WH_112010,19133,1,1,2
WH_112011,30092,4,0,3
WH_112013,6074,0,0,1
WH_112014,5062,0,0,2
WH_112015,7131,4,0,1
WH_112016,33099,2,1,5
WH_112017,6078,5,0,2
WH_112018,26149,8,0,6
WH_112019,16109,1,0,5
WH_112020,29090,6,0,5
WH_112021,16126,3,2,5
WH_112022,5104,7,3,6
WH_112023,18112,2,1,2
WH_112024,16087,1,0,5
WH_112025,32147,0,0,2
WH_112026,6104,3,0,3
WH_112027,12081,1,1,1
WH_112028,16063,0,0,2
WH_112029,22070,2,0,5
WH_112030,7088,8,1,1
WH_112031,22137,6,0,6
WH_112032,23095,8,0,4
WH_112033,22151,2,0,4
WH_112034,17067,3,1,6
WH_112035,5139,1,2,2
WH_112036,21143,0,0,5
WH_112037,26132,0,0,2
WH_112038,27072,4,1,6
WH_112039,23128,1,0,3
WH_112040,27122,1,0,2
WH_112041,38063,4,0,2
WH_112042,29112,7,0,5
WH_112043,11079,6,0,1
WH_112044,33097,0,1,4
WH_112045,15083,6,0,2
WH_112046,7122,5,1,6
WH_112047,12123,1,0,4
WH_112048,11140,7,1,5
WH_112049,33114,6,0,3
WH_112050,20141,2,0,4
WH_112052,24088,0,0,2
WH_112053,17066,1,0,5
WH_112054,23102,6,0,4
WH_112055,9075,3,1,3
WH_112056,28124,8,0,4
WH_112057,35123,7,1,4
WH_112058,12150,4,0,6
WH_112059,27112,3,0,4
WH_112060,25095,4,0,2
WH_112061,32063,6,1,4
WH_112062,28127,3,0,2
WH_112063,15088,8,2,5
WH_112064,30121,3,0,6
WH_112065,28098,1,0,4
WH_112066,15148,5,2,2
WH_112067,21085,8,0,6
WH_112068,16088,6,0,5
WH_112069,31097,0,0,5
WH_112070,27106,4,0,2
WH_112071,23066,6,0,6
WH_112072,24071,7,0,4
WH_112073,29103,0,0,4
WH_112074,26103,8,0,6
WH_112075,23075,8,0,4
WH_112076,19124,3,0,5
WH_112077,9089,7,1,2
WH_112078,48096,2,0,2
WH_112079,31145,2,1,6
WH_112080,11137,7,1,2
WH_112081,32087,5,0,4
WH_112082,29129,0,0,3
WH_112083,28117,1,0,3
WH_112084,6062,6,2,3
WH_112085,24086,4,4,5
WH_112086,24149,2,0,2
WH_112087,13138,5,1,1
WH_112088,8126,1,2,3
WH_112089,28072,4,0,6
WH_112090,49081,0,0,5
WH_112091,22104,5,0,4
WH_112092,5145,7,3,1
WH_112093,25144,6,0,2
WH_112094,29099,3,2,3
WH_112095,30069,6,0,4
WH_112096,16057,1,1,3
WH_112097,20075,7,4,3
WH_112098,29059,1,0,6
WH_112099,16102,1,0,6
WH_112100,32081,1,0,4
WH_112101,33126,1,0,2
WH_112102,11110,5,0,4
WH_112103,21072,2,0,3
WH_112104,30097,8,2,2
WH_112105,16118,5,0,2
WH_112106,11061,5,2,6
WH_112107,15105,2,2,6
WH_112108,6119,6,3,1
WH_112109,19071,8,1,2
WH_112110,8113,8,4,5
WH_112111,40150,8,0,2
WH_112112,32080,4,0,3
WH_112113,10123,4,0,4
WH_112114,5083,7,0,1
WH_112115,19058,4,2,4
WH_112116,22151,3,0,3
WH_112117,6128,6,0,6
WH_112118,10059,4,1,4
WH_112119,41128,3,0,2
WH_112120,31072,1,3,6
WH_112121,11098,4,2,6
WH_112122,30149,1,0,3
WH_112123,40110,5,1,3
WH_112125,26131,7,0,6
WH_112126,21055,4,0,5
WH_112127,25145,4,0,6
WH_112128,10078,7,0,1
WH_112129,6133,3,4,6
WH_112130,44081,2,1,4
WH_112131,30108,3,0,2
WH_112132,15086,3,1,3
WH_112133,30126,7,0,6
WH_112134,8060,2,1,6
WH_112135,27134,3,0,4
WH_112136,25140,5,0,2
WH_112137,22060,7,2,4
WH_112138,12094,2,0,2
WH_112139,18086,5,0,3
WH_112140,6139,3,2,2
WH_112141,18144,1,0,5
WH_112142,21148,6,0,2
WH_112143,11081,0,0,2
WH_112144,6135,5,0,4
WH_112145,38125,5,0,4
WH_112146,23084,7,1,4
WH_112148,30121,3,0,4
WH_112149,5101,4,3,1
WH_112150,34109,1,0,4
WH_112151,27073,0,0,2
WH_112152,8092,1,1,1
WH_112153,27145,6,0,6
WH_112154,5082,5,0,3
WH_112155,31093,6,1,2
WH_112156,7098,6,0,3
WH_112157,8091,5,0,5
WH_112158,14125,6,3,5
WH_112159,28077,4,0,4
WH_112160,21143,4,0,6
WH_112161,40111,1,1,3
WH_112162,22063,0,5,2
WH_112163,15120,7,1,3
WH_112164,32078,5,0,5
WH_112165,30095,8,0,6
WH_112166,21131,3,1,2
WH_112167,30117,6,1,2
WH_112168,34114,7,1,5
WH_112169,34119,8,0,4
WH_112170,22150,5,3,3
WH_112171,17123,0,1,6
WH_112172,32120,6,0,2
WH_112173,48080,3,0,5
WH_112174,17135,2,3,2
WH_112175,30140,4,0,2
WH_112176,25073,2,1,4
WH_112177,14077,6,2,5
WH_112178,17150,8,3,2
WH_112179,18082,3,0,5
WH_112180,10142,3,3,4
WH_112181,18072,5,3,4
WH_112182,8127,8,0,2
WH_112184,15097,6,2,6
WH_112185,35110,4,0,5
WH_112186,11151,0,4,6
WH_112187,23140,6,0,4
WH_112188,32057,3,3,6
WH_112189,25136,1,0,2
WH_112190,22112,3,0,3
WH_112191,19139,1,4,6
WH_112192,17074,5,2,4
WH_112193,17112,7,0,2
WH_112194,46100,5,0,6
WH_112195,13076,3,0,2
WH_112196,14065,3,0,3
WH_112197,30147,1,0,2
WH_112198,39134,4,0,5
WH_112199,28145,8,0,5
WH_112200,8076,0,0,4
WH_112201,20151,8,0,4
WH_112202,44108,4,0,3
WH_112203,31136,1,0,3
WH_112204,28071,1,2,2
WH_112205,32111,8,1,3
WH_112206,20060,4,1,4
WH_112207,32109,0,0,2
WH_112208,27149,1,0,6
WH_112209,15086,1,1,2
WH_112210,30106,2,1,3
WH_112211,16136,6,2,2
WH_112212,18108,6,0,6
WH_112213,19108,3,3,4
WH_112214,17103,2,4,3
WH_112215,33076,6,1,4
WH_112216,19149,8,3,4
WH_112217,8139,7,2,2
WH_112218,16150,7,4,6
WH_112219,29114,8,0,3
WH_112220,20076,3,0,6
WH_112221,48136,3,0,4
WH_112222,22112,7,2,3
WH_112223,6102,4,1,6
WH_112224,35083,3,0,2
WH_112225,25141,2,0,4
WH_112226,26067,4,1,6
WH_112227,22149,6,0,4
WH_112228,22095,0,4,6
WH_112229,6067,4,2,3
WH_112230,7077,3,2,2
WH_112231,25088,3,0,2
WH_112232,15098,5,1,1
WH_112233,9137,6,1,1
WH_112234,9110,6,1,1
WH_112236,23150,0,0,2
WH_112237,10082,3,2,1
WH_112238,26082,6,0,4
WH_112239,14084,5,4,3
WH_112240,33108,3,0,5
WH_112241,21087,1,0,4
WH_112242,24112,2,0,6
WH_112243,28135,1,0,6
WH_112244,6097,8,3,1
WH_112245,19098,2,0,2
WH_112246,16089,2,3,3
WH_112247,15150,0,0,1
WH_112248,29114,1,0,6
WH_112249,20129,8,1,2
WH_112250,8133,7,1,1
WH_112251,5123,7,0,1
WH_112252,31111,0,0,4
WH_112253,23126,0,0,2
WH_112255,39058,3,0,6
WH_112256,8117,1,0,2
WH_112257,39121,1,0,5
WH_112258,8120,6,0,4
WH_112259,14134,3,0,5
WH_112260,21098,3,0,3
WH_112261,33108,6,2,6
WH_112262,49123,5,0,4
WH_112263,30086,0,1,5
WH_112264,36111,6,0,3
WH_112265,27076,3,0,5
WH_112266,28124,2,0,5
WH_112267,21125,5,1,2
WH_112268,31147,7,0,6
WH_112269,29140,1,0,2
WH_112270,37130,3,1,2
WH_112271,28127,3,1,4
WH_112272,22094,3,0,3
WH_112273,37072,8,1,4
WH_112274,28111,0,0,6
WH_112275,21091,4,0,5
WH_112276,21068,6,0,3
WH_112277,21119,4,2,4
WH_112278,9060,0,0,3
WH_112279,9147,3,0,2
WH_112280,30096,6,0,4
WH_112281,15101,1,0,5
WH_112282,27063,8,0,4
WH_112283,25110,4,0,6
WH_112284,6139,2,0,3
WH_112285,26148,5,0,5
WH_112287,10104,7,0,2
WH_112288,21095,6,3,1
WH_112289,18135,0,1,5
WH_112291,28059,0,0,5
WH_112292,44107,8,0,5
WH_112293,31087,7,3,4
WH_112294,28117,1,0,4
WH_112295,26081,0,1,4
WH_112296,30078,0,0,2
WH_112297,29066,8,1,6
WH_112298,45131,6,0,6
WH_112299,19057,8,2,6
WH_112300,49145,4,0,3
WH_112301,22062,8,0,3
WH_112302,24072,8,0,3
WH_112303,22075,1,2,4
WH_112304,22059,7,0,1
WH_112305,7147,7,2,3
WH_112306,30097,5,0,2
WH_112307,19127,7,2,4
WH_112308,12082,6,1,5
WH_112309,29083,2,1,4
WH_112310,11066,2,1,5
WH_112311,23147,3,1,2
WH_112312,18107,6,0,3
WH_112313,30120,4,0,2
WH_112315,16131,5,0,1
WH_112316,17128,1,0,2
WH_112317,51077,0,1,5
WH_112318,22079,6,0,4
WH_112319,38072,5,0,4
WH_112320,5075,2,1,2
WH_112321,33123,6,1,2
WH_112322,19111,3,0,3
WH_112323,29065,4,0,5
WH_112324,32097,6,0,4
WH_112325,8151,0,2,5
WH_112326,5068,6,3,3
WH_112327,18091,4,2,3
WH_112328,36088,0,0,4
WH_112330,8090,4,3,4
WH_112331,22097,5,0,3
WH_112332,25056,6,0,3
WH_112333,16090,7,2,6
WH_112334,30122,8,0,3
WH_112335,16105,0,0,4
WH_112336,7130,3,0,2
WH_112337,26147,7,0,4
WH_112338,13146,6,0,6
WH_112339,27098,8,1,2
WH_112340,27126,1,2,2
WH_112341,18132,2,2,6
WH_112342,18089,0,1,6
WH_112343,29077,6,0,5
WH_112344,47067,1,1,3
WH_112345,22089,7,3,2
WH_112346,24063,6,1,6
WH_112347,31070,0,2,6
WH_112348,17117,4,1,2
WH_112349,14119,4,1,4
WH_112350,7135,7,0,6
WH_112351,22080,0,0,5
WH_112352,18145,2,3,2
WH_112353,22120,8,0,2
WH_112354,10059,5,1,5
WH_112355,21148,1,0,6
WH_112357,10065,0,0,3
WH_112358,17074,6,4,3
WH_112359,23078,0,0,3
WH_112360,48092,1,0,6
WH_112361,50061,7,0,2
WH_112363,26064,7,3,3
WH_112364,9071,2,0,2
WH_112365,27140,0,0,3
WH_112366,7139,3,0,5
WH_112367,28107,3,0,6
WH_112368,20134,6,3,3
WH_112369,40083,0,1,5
WH_112370,26143,6,0,3
WH_112371,16067,7,0,5
WH_112372,11100,7,0,1
WH_112373,24151,4,0,5
WH_112374,17055,6,2,2
WH_112375,28130,6,0,4
WH_112376,6140,0,0,2
WH_112377,23071,2,0,5
WH_112378,26145,8,1,6
WH_112379,5119,4,0,3
WH_112380,20090,5,2,6
WH_112381,8082,1,4,2
WH_112382,28114,0,3,4
WH_112383,5130,8,3,1
WH_112384,22142,5,0,4
WH_112385,20142,8,0,6
WH_112386,15132,7,0,4
WH_112387,20137,5,4,5
WH_112388,31055,6,3,3
WH_112389,37108,6,0,5
WH_112390,23127,7,0,4
WH_112391,10131,7,0,6
WH_112392,30066,3,0,6
WH_112393,17133,4,1,2
WH_112394,6143,4,3,6
WH_112395,18133,7,2,2
WH_112396,29143,2,0,6
WH_112397,31109,5,1,5
WH_112398,32096,5,0,6
WH_112399,8145,8,0,1
WH_112400,17127,7,1,4
WH_112401,37109,7,0,5
WH_112403,29147,0,0,5
WH_112404,31109,7,0,4
WH_112405,30062,5,1,6
WH_112406,14140,2,4,5
WH_112407,14134,3,0,5
WH_112408,6146,3,3,3
WH_112409,25086,0,2,6
WH_112410,43131,8,0,6
WH_112411,7115,0,0,3
WH_112412,7061,8,1,6
WH_112413,12116,8,2,6
WH_112414,22144,6,0,1
WH_112415,37089,7,0,2
WH_112416,12107,0,1,4
WH_112417,23076,4,4,6
WH_112418,17066,4,2,2
WH_112419,29070,7,0,2
WH_112420,16148,3,0,6
WH_112421,34117,5,0,2
WH_112422,23088,4,1,6
WH_112423,5098,1,0,3
WH_112424,33109,3,2,6
WH_112425,7121,2,0,1
WH_112426,15111,2,2,3
WH_112427,5130,2,1,2
WH_112428,20100,6,1,3
WH_112429,20070,8,0,4
WH_112430,15099,8,0,1
WH_112431,31079,5,0,5
WH_112432,22093,1,0,6
WH_112433,23098,6,2,4
WH_112434,19088,1,0,5
WH_112435,27147,8,0,4
WH_112436,18083,1,0,3
WH_112437,6110,4,0,3
WH_112438,31060,8,1,2
WH_112439,21062,0,0,2
WH_112440,32078,5,3,3
WH_112441,14098,8,0,2
WH_112442,35143,1,3,4
WH_112443,9092,4,2,1
WH_112444,20067,6,0,2
WH_112445,8116,6,1,6
WH_112446,16106,3,0,6
WH_112447,23138,0,3,6
WH_112448,49064,8,0,5
WH_112449,20123,8,0,3
WH_112450,6080,7,0,1
WH_112451,20150,5,0,4
WH_112452,25131,8,0,6
WH_112453,31107,0,3,4
WH_112454,17093,6,3,4
WH_112455,22148,6,0,6
WH_112456,27138,1,0,2
WH_112457,7112,6,0,1
WH_112458,21081,0,1,2
WH_112459,12060,1,0,6
WH_112460,32099,6,0,4
WH_112461,38084,7,0,3
WH_112462,28084,4,1,2
WH_112463,38077,5,0,2
WH_112464,9069,3,3,4
WH_112465,21055,7,1,4
WH_112466,32113,4,1,4
WH_112468,34117,7,2,3
WH_112469,5069,7,1,2
WH_112470,13144,8,0,6
WH_112471,52099,1,0,6
WH_112472,38069,2,0,5
WH_112473,28106,7,1,3
WH_112474,5110,6,0,1
WH_112475,39082,8,1,2
WH_112476,29056,4,0,3
WH_112477,14080,8,2,1
WH_112478,18080,7,0,6
WH_112479,11066,4,0,3
WH_112480,27091,5,4,6
WH_112481,30067,5,0,4
WH_112482,29063,8,0,4
WH_112483,20067,4,0,3
WH_112484,22143,8,1,2
WH_112485,14075,8,0,3
WH_112486,53114,8,0,2
WH_112488,6131,3,3,6
WH_112489,32097,3,0,6
WH_112490,32114,0,0,4
WH_112491,32074,2,0,3
WH_112492,8092,0,0,2
WH_112493,18066,5,2,4
WH_112494,7101,7,0,1
WH_112495,22068,0,0,5
WH_112496,17067,4,2,5
WH_112497,21105,3,0,6
WH_112498,25084,8,0,6
WH_112499,6101,7,1,2
WH_112500,10125,3,1,3
WH_112501,18084,4,1,5
WH_112502,21128,1,0,2
WH_112503,16128,6,1,4
WH_112504,23097,0,2,2
WH_112505,21105,1,0,4
WH_112506,19112,8,1,2
WH_112507,15056,6,0,6
WH_112508,14056,8,1,4
WH_112509,43149,7,0,2
WH_112510,33141,7,0,5
WH_112511,17096,3,1,6
WH_112512,41149,1,0,6
WH_112513,30137,3,1,5
WH_112514,28095,8,0,6
WH_112515,8081,7,0,1
WH_112516,33098,5,0,6
WH_112517,13083,0,0,4
WH_112518,36133,4,1,4
WH_112519,28061,6,0,2
WH_112520,18060,1,5,3
WH_112521,40068,3,0,2
WH_112522,19108,0,0,2
WH_112523,21138,6,0,3
WH_112524,14072,4,0,1
WH_112525,6111,4,4,1
WH_112526,14080,6,3,5
WH_112527,41068,3,0,3
WH_112528,32099,4,1,3
WH_112529,28078,4,0,4
WH_112530,7107,0,0,1
WH_112531,31080,7,2,2
WH_112532,25077,3,1,4
WH_112533,31139,0,3,4
WH_112535,29103,8,0,6
WH_112536,12097,1,0,6
WH_112537,7130,3,0,6
WH_112538,17099,4,0,5
WH_112539,20088,7,0,5
WH_112540,38114,4,1,3
WH_112541,16132,5,1,5
WH_112542,31074,3,0,3
WH_112543,17086,2,1,2
WH_112544,4139,7,1,2
WH_112545,9063,7,0,3
WH_112546,22074,4,0,3
WH_112547,5130,6,1,3
WH_112548,19106,7,0,4
WH_112549,11060,1,0,3
WH_112550,24072,8,1,5
WH_112551,20141,8,0,4
WH_112552,7108,2,3,1
WH_112553,28074,6,0,6
WH_112554,32138,7,0,4
WH_112555,27084,6,0,5
WH_112556,16073,1,0,1
WH_112557,26140,2,1,6
WH_112558,27130,6,0,6
WH_112559,14132,5,4,1
WH_112560,27124,2,0,6
WH_112561,29140,3,0,4
WH_112562,5064,8,1,6
WH_112563,30070,2,2,3
WH_112564,8094,7,2,2
WH_112565,33081,5,2,2
WH_112566,28085,3,0,4
WH_112567,19081,7,0,5
WH_112568,43075,7,0,2
WH_112569,21124,5,3,3
WH_112570,28112,5,0,4
WH_112571,45092,3,0,4
WH_112572,44147,3,0,3
WH_112573,21087,4,0,2
WH_112574,24093,7,0,2
WH_112575,20096,7,0,3
WH_112576,26066,3,1,4
WH_112577,20059,7,1,5
WH_112578,5139,3,0,2
WH_112579,38073,1,0,2
WH_112580,9063,1,1,2
WH_112581,29108,3,1,4
WH_112582,6098,2,0,1
WH_112583,50100,3,0,5
WH_112584,16065,7,1,3
WH_112585,31134,6,1,5
WH_112586,18091,0,1,2
WH_112587,14133,5,0,5
WH_112588,45134,6,0,5
WH_112590,19091,0,1,4
WH_112591,21071,2,1,6
WH_112592,9104,8,1,5
WH_112593,29105,5,0,5
WH_112594,18073,6,0,4
WH_112595,12130,7,4,2
WH_112596,28089,6,1,6
WH_112597,5141,0,0,1
WH_112598,28120,3,0,1
WH_112599,22129,3,0,4
WH_112600,31146,7,0,6
WH_112601,12135,0,0,6
WH_112602,43108,1,0,2
WH_112603,38128,2,0,6
WH_112604,23070,6,3,4
WH_112605,23086,8,0,2
WH_112606,38143,0,1,3
WH_112607,14112,1,1,6
WH_112608,21144,2,1,3
WH_112609,31066,1,1,6
WH_112610,31119,5,1,3
WH_112611,28143,6,0,6
WH_112612,22080,7,1,2
WH_112613,26102,6,2,4
WH_112614,12094,5,0,3
WH_112615,16136,4,1,1
WH_112616,32086,0,2,6
WH_112617,8122,7,1,4
WH_112618,44095,0,1,6
WH_112619,22064,7,0,4
WH_112621,12063,3,4,4
WH_112622,44086,4,0,4
WH_112623,25115,0,0,3
WH_112624,7130,4,2,4
WH_112625,17072,1,4,4
WH_112626,22061,5,4,5
WH_112627,41089,4,0,4
WH_112628,17119,0,1,6
WH_112629,11083,0,0,1
WH_112630,13092,7,1,5
WH_112631,32143,5,1,5
WH_112632,32146,7,3,6
WH_112633,34114,5,4,6
WH_112634,23099,3,0,5
WH_112635,29078,5,1,6
WH_112636,31116,0,0,2
WH_112637,32130,6,0,5
WH_112638,15067,8,5,4
WH_112639,40095,0,0,5
WH_112640,33061,8,0,5
WH_112641,7124,7,1,1
WH_112642,17137,4,3,2
WH_112643,45087,3,0,3
WH_112644,26069,3,0,4
WH_112645,31149,8,1,3
WH_112646,44087,3,0,6
WH_112647,31125,7,4,2
WH_112648,24109,6,0,5
WH_112649,12101,6,0,1
WH_112650,17117,5,4,3
WH_112651,23081,1,3,2
WH_112652,30149,4,0,2
WH_112653,28068,1,0,6
WH_112654,21074,1,0,2
WH_112656,14083,1,1,6
WH_112657,12110,1,0,2
WH_112658,20113,7,0,2
WH_112659,19107,5,2,3
WH_112660,24062,2,0,6
WH_112661,53141,5,0,3
WH_112662,20143,7,1,2
WH_112663,36100,3,0,3
WH_112664,43055,1,0,2
WH_112665,34142,3,0,5
WH_112666,28094,3,0,3
WH_112667,22082,0,0,6
WH_112668,13109,7,3,6
WH_112669,14057,5,0,1
WH_112670,26144,5,4,2
WH_112671,34150,8,0,5
WH_112672,42059,8,0,2
WH_112673,18126,6,2,2
WH_112674,32103,8,0,4
WH_112676,30103,1,0,4
WH_112677,37110,0,0,6
WH_112678,15064,8,0,6
WH_112679,31058,0,0,3
WH_112680,48083,5,0,5
WH_112681,41141,7,0,6
WH_112682,47062,4,0,6
WH_112683,45055,0,0,6
WH_112684,17085,5,1,4
WH_112685,9148,3,1,4
WH_112687,29113,7,0,3
WH_112688,51135,6,0,5
WH_112689,31067,1,0,4
WH_112690,15111,3,2,1
WH_112691,12083,3,3,2
WH_112692,28061,0,0,3
WH_112693,6072,3,0,2
WH_112694,23057,7,0,6
WH_112695,27150,6,0,5
WH_112696,43068,8,1,5
WH_112697,20057,3,1,3
WH_112698,20100,3,2,6
WH_112700,11070,3,2,5
WH_112701,26138,5,0,3
WH_112702,16114,8,0,4
WH_112703,38146,0,2,2
WH_112704,25120,6,0,5
WH_112705,20151,4,3,2
WH_112706,7080,8,3,1
WH_112707,12103,5,1,2
WH_112708,8085,6,0,3
WH_112709,31056,6,0,4
WH_112710,26064,4,1,5
WH_112711,32076,7,0,6
WH_112712,29062,4,0,4
WH_112713,28086,0,2,2
WH_112714,16117,0,0,2
WH_112715,24147,4,1,3
WH_112716,33077,3,0,4
WH_112717,22107,1,0,3
WH_112718,8073,4,1,1
WH_112719,5102,6,1,3
WH_112720,12138,4,1,1
WH_112721,13085,5,0,5
WH_112722,31069,4,2,4
WH_112723,31061,7,0,6
WH_112725,8068,4,1,2
WH_112726,12099,6,1,6
WH_112727,43141,7,0,6
WH_112728,38056,5,0,3
WH_112730,38075,3,0,6
WH_112732,31144,0,0,6
WH_112733,9127,2,1,2
WH_112734,21103,1,0,4
WH_112735,5149,0,0,3
WH_112736,18066,8,1,5
WH_112737,14133,3,1,5
WH_112738,35124,2,0,6
WH_112739,52077,2,0,2
WH_112740,6150,5,0,3
WH_112741,29078,5,4,2
WH_112742,17145,5,0,1
WH_112743,28071,4,0,6
WH_112744,25130,6,0,3
WH_112745,23070,4,0,4
WH_112746,28074,1,4,6
WH_112747,33111,5,0,4
WH_112748,30062,7,1,3
WH_112749,33147,3,0,2
WH_112750,30087,4,2,2
WH_112751,42140,7,0,3
WH_112752,18091,5,0,1
WH_112753,11073,6,3,5
WH_112755,22105,1,0,1
WH_112756,26085,4,0,4
WH_112758,49097,8,0,3
WH_112759,31122,1,0,4
WH_112760,11087,4,0,1
WH_112761,14137,4,0,5
WH_112762,22118,4,0,3
WH_112763,6099,7,2,5
WH_112764,22062,3,1,4
WH_112765,10073,4,2,1
WH_112766,21130,1,0,4
WH_112767,32141,8,0,2
WH_112768,26096,8,1,3
WH_112769,46124,8,0,6
WH_112770,32143,5,1,3
WH_112771,36151,4,0,3
WH_112772,16147,5,3,2
WH_112773,7082,8,0,6
WH_112774,8096,4,1,3
WH_112775,7060,8,1,5
WH_112776,5063,1,2,1
WH_112777,10141,4,1,3
WH_112778,24114,6,0,3
WH_112779,11151,5,0,3
WH_112780,19136,7,0,4
WH_112781,18095,6,1,5
WH_112782,38068,7,1,6
WH_112783,29098,4,0,4
WH_112784,17078,5,1,4
WH_112785,28133,2,0,4
WH_112786,28118,4,0,4
WH_112788,29103,1,0,5
WH_112789,22086,2,2,4
WH_112790,22070,8,0,2
WH_112791,35121,5,1,2
WH_112793,19131,1,1,5
WH_112794,5145,7,1,1
WH_112795,16127,5,0,2
WH_112796,42079,0,0,2
WH_112797,29118,5,0,4
WH_112798,6066,0,0,2
WH_112799,6149,5,0,3
WH_112800,33101,0,1,6
WH_112801,37123,5,0,4
WH_112802,13080,2,3,1
WH_112803,27059,2,0,4
WH_112804,10059,7,0,3
WH_112805,20088,0,0,4
WH_112806,26073,6,1,6
WH_112807,49062,6,0,4
WH_112808,19092,7,1,6
WH_112809,32118,6,1,3
WH_112810,19101,2,0,5
WH_112811,30107,1,0,2
WH_112812,14099,6,0,6
WH_112813,17139,0,2,4
WH_112814,23124,4,0,2
WH_112816,6080,5,0,3
WH_112818,7082,4,1,4
WH_112819,28150,0,0,5
WH_112820,25109,6,0,3
WH_112821,35061,5,1,6
WH_112822,12100,1,0,2
WH_112823,28092,8,3,2
WH_112824,17111,1,0,1
WH_112825,23069,5,3,5
WH_112826,22112,6,3,3
WH_112827,7135,8,0,4
WH_112828,27100,4,0,4
WH_112830,30069,0,1,4
WH_112831,21079,5,1,3
WH_112832,23060,4,0,2
WH_112833,23146,4,0,6
WH_112834,16107,8,0,1
WH_112835,17095,3,0,1
WH_112837,28055,3,4,4
WH_112838,15071,8,0,2
WH_112839,15065,0,0,2
WH_112840,21093,3,5,3
WH_112841,24137,6,0,6
WH_112842,7059,8,0,1
WH_112844,7114,7,0,1
WH_112845,31138,4,1,4
WH_112846,28110,1,0,2
WH_112847,30074,3,0,5
WH_112848,13139,5,0,6
WH_112849,9116,5,0,3
WH_112850,30078,8,0,6
WH_112851,30109,4,0,6
WH_112852,11093,8,0,5
WH_112853,12100,8,1,2
WH_112855,13136,8,0,2
WH_112856,30143,5,0,6
WH_112857,28114,1,0,4
WH_112858,29092,6,0,3
WH_112859,5139,6,0,6
WH_112860,35099,0,1,3
WH_112861,24081,7,0,1
WH_112862,5083,0,2,2
WH_112863,23133,1,0,3
WH_112864,19090,6,5,4
WH_112865,39118,1,0,4
WH_112866,7112,4,0,3
WH_112867,31123,7,0,3
WH_112868,8124,3,0,2
WH_112869,7085,8,0,3
WH_112870,27081,5,0,3
WH_112871,22089,5,0,6
WH_112872,31090,8,1,6
WH_112873,31124,8,0,3
WH_112874,29096,5,0,2
WH_112875,33080,4,0,2
WH_112876,29119,0,1,3
WH_112877,28124,7,2,3
WH_112878,34114,8,1,3
WH_112879,29060,2,0,2
WH_112880,48107,8,0,6
WH_112881,6079,4,1,2
WH_112882,19137,8,0,4
WH_112883,28107,2,0,2
WH_112884,16090,3,1,3
WH_112885,29122,1,2,6
WH_112886,8060,5,0,3
WH_112887,34061,7,0,4
WH_112888,19064,0,1,4
WH_112889,22108,4,1,6
WH_112890,17136,0,2,1
WH_112891,7062,1,0,3
WH_112892,31075,6,0,2
WH_112893,15136,4,0,5
WH_112894,24074,6,2,2
WH_112895,19106,8,0,6
WH_112896,18083,3,0,4
WH_112897,24129,1,0,6
WH_112898,12077,4,0,6
WH_112899,10070,8,1,1
WH_112900,48087,7,0,4
WH_112901,31066,3,0,6
WH_112902,9057,5,3,1
WH_112903,25141,2,0,6
WH_112904,31130,8,0,6
WH_112905,33081,5,0,6
WH_112906,5151,3,2,6
WH_112907,51150,8,1,2
WH_112908,27077,1,0,2
WH_112909,43146,3,0,4
WH_112910,22128,4,0,5
WH_112911,27058,3,3,5
WH_112912,20076,3,0,5
WH_112913,6128,8,2,3
WH_112914,24076,6,3,2
WH_112915,17127,7,0,2
WH_112916,28134,7,0,3
WH_112917,25094,4,0,3
WH_112918,27075,5,0,2
WH_112919,34075,5,2,3
WH_112920,7142,5,3,4
WH_112922,6099,4,0,1
WH_112923,49060,4,0,5
WH_112924,11135,0,1,5
WH_112925,22105,7,0,4
WH_112926,17114,5,0,4
WH_112927,5056,8,0,1
WH_112928,30101,5,0,3
WH_112929,8129,5,0,4
WH_112930,7116,3,0,3
WH_112931,8117,4,1,1
WH_112932,30087,0,1,6
WH_112933,28063,1,1,3
WH_112934,30055,4,0,3
WH_112935,41146,2,0,6
WH_112937,23086,4,1,3
WH_112938,29084,7,1,5
WH_112939,34095,8,0,6
WH_112940,28096,0,0,4
WH_112941,44060,6,0,3
WH_112942,33072,7,0,6
WH_112943,31064,6,0,4
WH_112945,26096,3,2,2
WH_112946,42093,6,1,2
WH_112948,30062,0,0,2
WH_112949,8149,5,2,2
WH_112950,31094,7,1,4
WH_112951,30101,1,0,2
WH_112952,23114,2,1,5
WH_112953,6084,8,1,6
WH_112954,9085,0,1,1
WH_112955,17065,6,1,5
WH_112956,13100,4,0,4
WH_112957,30098,3,0,3
WH_112958,17144,7,1,1
WH_112959,7124,0,1,2
WH_112960,23110,8,3,6
WH_112962,30144,4,1,4
WH_112963,8058,5,0,3
WH_112965,30057,3,0,6
WH_112966,20065,2,0,3
WH_112967,31129,3,0,5
WH_112968,6115,6,0,3
WH_112969,18082,0,2,3
WH_112970,40124,5,1,4
WH_112971,21114,2,1,2
WH_112972,31144,6,0,3
WH_112973,16090,5,1,1
WH_112974,26112,8,0,4
WH_112976,16150,7,0,2
WH_112977,31112,6,0,2
WH_112978,7138,1,1,1
WH_112979,20123,2,1,4
WH_112980,7060,1,0,1
WH_112981,33055,2,0,4
WH_112982,17119,1,1,4
WH_112983,38127,3,0,6
WH_112984,6090,7,2,2
WH_112985,25085,1,0,3
WH_112986,32088,0,0,6
WH_112987,12067,2,5,4
WH_112988,31058,8,0,5
WH_112989,7134,0,1,2
WH_112990,34142,3,1,6
WH_112991,14120,6,0,2
WH_112992,24117,4,0,6
WH_112993,14110,6,0,6
WH_112994,14100,0,1,1
WH_112995,32132,4,2,2
WH_112996,30080,8,0,3
WH_112997,12064,3,0,3
WH_112998,30107,3,0,6
WH_112999,7059,0,0,3
WH_113000,5068,8,1,5
WH_113001,31092,1,0,2
WH_113002,16074,4,2,5
WH_113003,7086,8,0,3
WH_113004,31132,6,1,3
WH_113005,32094,8,0,6
WH_113006,24137,8,1,2
WH_113007,21112,8,3,4
WH_113008,22060,5,0,6
WH_113009,27117,3,1,5
WH_113010,16093,1,2,3
WH_113011,46077,4,0,2
WH_113012,31056,5,0,4
WH_113013,38073,7,0,5
WH_113014,44147,3,0,2
WH_113015,12063,7,0,1
WH_113016,32066,4,0,5
WH_113017,32067,8,0,5
WH_113018,14082,7,0,2
WH_113019,6136,8,0,2
WH_113020,23083,1,0,4
WH_113021,25122,1,0,1
WH_113022,25118,8,0,3
WH_113023,15148,6,0,6
WH_113024,25071,2,1,6
WH_113025,30085,8,0,4
WH_113026,5115,0,0,1
WH_113027,11150,2,0,2
WH_113029,21080,8,1,4
WH_113030,12068,6,4,2
WH_113031,34089,1,0,2
WH_113032,9149,3,0,3
WH_113033,6147,3,0,3
WH_113034,22151,6,2,3
WH_113035,18071,6,0,2
WH_113036,40120,8,0,3
WH_113037,36125,8,0,3
WH_113038,18128,3,0,5
WH_113039,7058,8,0,1
WH_113040,7083,1,0,3
WH_113041,12090,4,1,6
WH_113042,33127,1,2,3
WH_113043,5060,0,1,3
WH_113044,43113,6,1,4
WH_113045,36107,3,0,3
WH_113046,51086,8,0,5
WH_113047,38125,2,0,2
WH_113048,39056,7,1,3
WH_113049,8120,7,2,1
WH_113050,26098,7,3,5
WH_113051,19087,4,0,5
WH_113052,32065,5,0,4
WH_113053,36145,1,1,6
WH_113054,31110,0,2,4
WH_113055,16104,8,0,3
WH_113056,17114,8,0,3
WH_113057,11112,0,0,2
WH_113058,12151,0,1,1
WH_113059,30127,1,0,3
WH_113060,7134,4,0,2
WH_113061,28148,5,0,4
WH_113062,25080,6,1,5
WH_113063,32095,2,0,2
WH_113064,19076,6,2,6
WH_113065,20064,6,3,4
WH_113066,49129,1,0,5
WH_113067,7108,6,1,5
WH_113068,48145,6,0,3
WH_113069,5128,3,3,2
WH_113070,43117,8,0,4
WH_113071,6143,3,1,1
WH_113072,19112,5,0,5
WH_113073,8121,8,0,3
WH_113074,30124,2,0,5
WH_113075,9114,1,0,3
WH_113076,36109,7,0,6
WH_113077,13130,1,1,3
WH_113078,7150,5,0,2
WH_113079,15142,4,0,3
WH_113080,13115,6,0,6
WH_113081,12071,2,3,6
WH_113082,29102,5,0,4
WH_113083,20061,8,0,1
WH_113084,13142,7,1,2
WH_113085,33089,6,0,2
WH_113086,30149,6,0,5
WH_113088,21100,4,3,5
WH_113089,32103,6,2,4
WH_113090,15086,7,0,4
WH_113091,36081,4,0,6
WH_113092,20113,5,4,6
WH_113093,29146,3,0,5
WH_113094,11091,1,2,3
WH_113095,20103,2,4,4
WH_113096,26107,3,0,5
WH_113097,22141,3,2,4
WH_113098,49134,4,0,4
WH_113099,15115,3,0,5
WH_113100,34143,6,0,6
WH_113101,6073,4,3,1
WH_113102,43086,8,1,4
WH_113103,36131,4,0,5
WH_113104,19122,4,1,5
WH_113105,23141,0,0,2
WH_113106,20136,7,5,4
WH_113107,11078,1,1,4
WH_113108,17145,6,2,6
WH_113109,14114,6,0,4
WH_113110,28106,5,0,3
WH_113111,34131,0,0,3
WH_113112,5149,1,1,2
WH_113113,6077,7,3,4
WH_113114,7104,1,0,1
WH_113115,13104,3,1,2
WH_113116,30075,7,0,4
WH_113117,20116,3,0,4
WH_113118,17061,3,3,3
WH_113119,20067,1,3,2
WH_113120,29064,1,0,4
WH_113121,20102,1,0,2
WH_113122,19056,3,0,3
WH_113123,29071,7,0,2
WH_113124,23101,4,0,2
WH_113125,13060,0,0,2
WH_113126,21116,3,0,2
WH_113127,27140,7,1,2
WH_113128,19115,2,0,3
WH_113129,28135,7,0,3
WH_113130,49096,7,0,6
WH_113131,17058,6,4,4
WH_113132,36100,6,0,6
WH_113133,17128,8,3,4
WH_113134,25134,1,0,6
WH_113135,11150,8,1,3
WH_113136,15079,6,0,2
WH_113137,28067,0,0,4
WH_113138,29073,6,0,5
WH_113140,22140,8,1,4
WH_113141,43114,5,2,6
WH_113142,10126,0,0,3
WH_113143,19134,2,0,5
WH_113144,41099,1,2,6
WH_113145,27078,0,0,3
WH_113146,24074,3,0,5
WH_113147,27059,4,0,3
WH_113148,25056,3,0,2
WH_113149,21092,0,0,5
WH_113150,25131,4,1,5
WH_113151,24133,2,3,3
WH_113152,26083,2,0,2
WH_113153,19071,1,1,6
WH_113154,30069,5,0,2
WH_113155,14068,0,0,2
WH_113156,7117,2,1,2
WH_113157,26102,0,0,3
WH_113158,21065,3,0,2
WH_113159,7123,1,0,3
WH_113160,38076,5,0,3
WH_113161,25100,2,3,6
WH_113162,26131,3,0,6
WH_113163,7064,6,0,2
WH_113164,12069,6,0,2
WH_113165,16148,7,1,5
WH_113166,12134,0,3,3
WH_113167,15110,2,1,2
WH_113169,35117,8,0,3
WH_113170,15076,1,0,4
WH_113171,32076,3,1,6
WH_113172,51143,3,0,6
WH_113173,44124,3,0,2
WH_113174,6065,5,1,4
WH_113175,15124,4,1,2
WH_113176,25086,4,0,4
WH_113177,5086,4,1,2
WH_113178,6102,8,0,1
WH_113179,17145,8,4,6
WH_113180,6135,6,0,1
WH_113181,12141,4,0,2
WH_113182,18133,1,0,1
WH_113183,14126,7,3,4
WH_113184,6088,0,0,3
WH_113185,19098,3,2,6
WH_113186,14139,3,0,5
WH_113187,31106,5,0,2
WH_113188,23075,0,0,2
WH_113189,13100,1,0,3
WH_113190,28088,2,0,2
WH_113191,25089,2,0,5
WH_113192,30133,1,2,4
WH_113193,18065,1,1,6
WH_113194,16131,6,5,3
WH_113195,50081,7,0,4
WH_113196,22105,1,0,2
WH_113197,19124,0,0,4
WH_113198,16091,5,0,6
WH_113199,33106,3,0,5
WH_113201,28090,0,1,4
WH_113202,37097,7,0,5
WH_113203,19096,7,0,5
WH_113204,6147,7,3,4
WH_113205,25146,0,2,6
WH_113207,46075,5,1,5
WH_113208,22071,6,1,2
WH_113209,14143,2,0,2
WH_113210,28089,6,0,2
WH_113211,14075,6,1,6
WH_113212,50085,1,0,3
WH_113213,26105,4,0,2
WH_113214,49068,6,1,4
WH_113215,32151,0,3,3
WH_113216,7084,5,1,2
WH_113217,18091,6,3,6
WH_113218,15083,8,0,5
WH_113219,23124,1,0,6
WH_113220,20144,5,0,2
WH_113221,7077,4,0,2
WH_113222,9080,5,1,5
WH_113223,5125,6,0,2
WH_113224,28151,8,1,2
WH_113225,20089,0,4,6
WH_113226,5073,7,2,2
WH_113227,12118,1,0,4
WH_113228,28087,1,1,2
WH_113229,26145,2,0,4
WH_113230,22104,8,0,2
WH_113231,27149,2,1,5
WH_113232,14080,6,0,4
WH_113233,5082,7,1,2
WH_113234,26069,8,1,2
WH_113235,6062,0,0,1
WH_113236,8134,6,0,6
WH_113237,22113,5,3,3
WH_113238,31083,2,0,2
WH_113239,30087,4,0,4
WH_113240,12064,0,1,4
WH_113241,45128,6,0,4
WH_113242,32120,3,0,5
WH_113244,15091,4,0,1
WH_113245,28139,8,0,6
WH_113246,23060,5,0,5
WH_113248,31135,7,2,6
WH_113249,27139,6,0,2
WH_113250,8111,5,0,2
WH_113251,5109,0,0,1
WH_113252,14108,0,0,3
WH_113253,31064,1,2,3
WH_113254,32113,1,0,2
WH_113255,29124,8,1,4
WH_113257,42135,3,0,6
WH_113258,5120,0,3,2
WH_113259,31124,7,0,3
WH_113260,17139,4,0,3
WH_113261,12110,3,0,5
WH_113262,13092,0,0,4
WH_113263,7071,6,2,5
WH_113264,5094,7,2,3
WH_113265,29108,2,0,5
WH_113266,5101,7,3,1
WH_113268,11150,7,0,2
WH_113269,7139,3,4,3
WH_113270,25141,1,0,4
WH_113271,16111,5,1,4
WH_113272,8122,1,0,3
WH_113273,22107,6,3,2
WH_113275,14078,7,1,3
WH_113276,26084,2,3,6
WH_113277,12134,0,1,4
WH_113279,25106,4,3,2
WH_113280,37141,4,0,5
WH_113281,45130,7,0,5
WH_113282,21137,8,0,3
WH_113283,7068,3,0,2
WH_113284,28096,8,0,2
WH_113285,35095,8,0,2
WH_113286,5148,8,0,3
WH_113287,33064,3,1,4
WH_113288,24085,1,1,3
WH_113289,47110,6,0,2
WH_113290,27147,4,1,2
WH_113291,37057,1,0,6
WH_113292,13109,6,0,5
WH_113293,24107,7,0,4
WH_113294,31096,8,3,6
WH_113295,29117,5,1,6
WH_113296,33141,6,1,6
WH_113297,33068,4,0,6
WH_113298,17063,0,3,2
WH_113299,30065,5,2,2
WH_113300,22076,1,1,5
WH_113301,8076,6,3,6
WH_113302,33123,5,0,5
WH_113303,27131,6,0,3
WH_113304,5128,4,4,1
WH_113305,30075,2,0,3
WH_113306,29136,0,0,4
WH_113308,34081,2,0,3
WH_113309,12116,0,0,2
WH_113310,15071,6,0,3
WH_113311,44076,7,1,2
WH_113312,7062,8,1,2
WH_113313,24078,6,0,3
WH_113314,31077,3,0,6
WH_113315,28068,8,0,3
WH_113316,20086,5,0,3
WH_113317,32127,2,2,6
WH_113318,6074,6,2,2
WH_113319,27069,2,0,4
WH_113320,18095,5,0,5
WH_113321,47078,3,0,3
WH_113322,20056,8,2,6
WH_113323,32102,6,0,2
WH_113324,32088,8,0,6
WH_113325,38055,5,1,4
WH_113326,26071,3,1,3
WH_113327,30128,5,0,5
WH_113328,13072,4,5,6
WH_113329,10147,5,1,1
WH_113330,16116,7,2,4
WH_113331,7114,8,2,2
WH_113332,12142,3,0,3
WH_113333,45127,8,0,3
WH_113334,7071,3,0,2
WH_113335,34058,5,4,2
WH_113336,19110,0,1,5
WH_113337,29085,6,0,2
WH_113338,23138,4,1,2
WH_113339,45146,7,0,5
WH_113340,53057,2,0,4
WH_113341,40082,3,1,3
WH_113342,43135,5,1,6
WH_113343,49122,1,0,3
WH_113344,24108,3,4,4
WH_113345,37090,6,1,3
WH_113346,19113,8,3,5
WH_113347,15134,7,0,5
WH_113348,25146,3,0,4
WH_113349,48129,5,0,4
WH_113350,29056,6,0,3
WH_113351,12144,2,0,2
WH_113352,13147,4,0,2
WH_113353,8136,5,0,6
WH_113354,16085,6,1,5
WH_113355,4057,5,3,3
WH_113356,17107,5,3,6
WH_113357,29090,5,1,2
WH_113358,5083,3,1,3
WH_113359,18119,3,1,3
WH_113360,6071,0,0,2
WH_113361,22117,5,0,4
WH_113362,28132,7,0,4
WH_113363,44080,3,0,6
WH_113364,29089,3,0,4
WH_113365,30148,3,3,5
WH_113366,21105,7,0,2
WH_113367,21091,7,1,5
WH_113368,20120,7,0,2
WH_113369,44061,6,0,5
WH_113370,28120,0,0,4
WH_113371,44124,4,1,5
WH_113372,37139,8,0,6
WH_113373,48072,4,1,2
WH_113374,31139,1,1,4
WH_113375,7138,5,3,4
WH_113376,29109,3,3,5
WH_113377,15129,3,1,5
WH_113378,17111,8,3,2
WH_113379,11076,7,0,6
WH_113380,22058,1,1,2
WH_113381,27140,6,0,3
WH_113382,17060,3,5,6
WH_113383,30118,4,4,3
WH_113384,14068,5,3,6
WH_113385,32076,0,0,3
WH_113386,29098,0,0,5
WH_113387,12133,1,0,2
WH_113388,6110,4,3,1
WH_113389,20086,5,0,2
WH_113390,13140,1,1,2
WH_113391,20124,0,0,2
WH_113392,28115,7,1,2
WH_113393,25078,8,0,5
WH_113394,9118,4,5,4
WH_113395,4146,5,0,6
WH_113396,30149,5,0,4
WH_113397,26069,7,0,6
WH_113398,18072,3,2,3
WH_113399,34070,5,0,6
WH_113400,21104,8,0,1
WH_113401,22100,3,0,5
WH_113402,32092,6,0,5
WH_113403,10096,0,0,2
WH_113404,16128,1,1,3
WH_113407,8074,2,0,1
WH_113408,20096,2,0,6
WH_113409,13106,8,1,2
WH_113410,23081,8,0,3
WH_113411,20137,6,0,6
WH_113412,9148,2,0,3
WH_113413,54135,4,0,2
WH_113414,41105,0,0,2
WH_113415,20069,5,1,4
WH_113416,32073,3,0,6
WH_113417,31149,5,0,5
WH_113418,29137,6,1,6
WH_113419,34066,0,0,5
WH_113420,53135,2,0,3
WH_113421,40097,3,0,4
WH_113422,45078,0,0,5
WH_113424,17140,0,3,5
WH_113425,44093,2,0,5
WH_113426,10107,5,0,3
WH_113427,41101,5,1,4
WH_113428,20085,1,0,4
WH_113429,27079,6,1,6
WH_113430,24065,3,2,3
WH_113431,37084,7,1,2
WH_113432,26112,1,1,5
WH_113433,41116,1,0,2
WH_113434,10110,8,0,2
WH_113435,24072,3,0,6
WH_113436,39077,7,0,3
WH_113437,26120,8,0,4
WH_113438,17141,4,1,4
WH_113439,10136,7,1,6
WH_113440,39093,4,0,3
WH_113441,16128,1,0,2
WH_113442,14061,5,0,5
WH_113443,42097,0,0,4
WH_113444,31088,7,0,4
WH_113445,28132,1,0,5
WH_113446,19132,1,0,2
WH_113447,33116,1,1,4
WH_113448,42122,1,1,6
WH_113449,10109,6,0,3
WH_113450,38120,4,1,4
WH_113451,40078,7,0,5
WH_113452,32060,5,0,3
WH_113453,20126,4,0,3
WH_113454,18072,0,0,1
WH_113455,8136,0,2,1
WH_113456,26129,7,1,4
WH_113457,40065,1,0,3
WH_113458,27102,4,0,4
WH_113459,32133,3,0,2
WH_113460,6126,3,0,6
WH_113462,16125,3,0,2
WH_113463,11068,6,3,1
WH_113464,8150,3,2,4
WH_113465,23091,5,1,3
WH_113466,20073,5,0,3
WH_113467,47066,1,0,5
WH_113468,27094,5,0,3
WH_113470,33113,5,0,4
WH_113471,18120,5,3,2
WH_113472,54117,6,0,2
WH_113473,29126,2,0,2
WH_113474,20069,4,0,5
WH_113475,23111,1,0,4
WH_113476,20150,7,0,4
WH_113477,44091,5,0,4
WH_113478,31132,7,0,4
WH_113479,10148,0,1,2
WH_113480,10125,2,1,4
WH_113481,7109,4,0,2
WH_113482,11109,3,0,1
WH_113484,23112,6,0,3
WH_113485,30117,5,5,6
WH_113486,22096,7,0,1
WH_113487,20122,1,1,4
WH_113488,18129,8,3,4
WH_113489,48119,1,0,5
WH_113490,28075,7,1,6
WH_113491,19110,5,2,5
WH_113492,9100,1,0,3
WH_113493,23140,3,0,6
WH_113494,31076,7,2,5
WH_113495,25088,1,1,6
WH_113496,23093,1,1,3
WH_113497,28146,6,1,3
WH_113498,18135,5,2,5
WH_113499,23120,8,0,3
WH_113500,30063,3,0,3
WH_113501,37082,3,0,6
WH_113502,34151,5,3,6
WH_113503,32132,3,0,3
WH_113504,26132,8,2,5
WH_113505,28085,0,2,4
WH_113506,36088,3,0,6
WH_113507,30114,3,1,6
WH_113508,7078,4,0,2
WH_113509,29116,3,0,6
WH_113510,38145,3,0,2
WH_113511,19070,8,0,4
WH_113512,18105,3,0,6
WH_113513,41057,1,0,5
WH_113514,39081,5,0,2
WH_113515,44102,7,0,2
WH_113516,16095,6,3,3
WH_113517,28125,1,0,4
WH_113518,11108,0,1,5
WH_113519,35073,2,0,3
WH_113520,21064,6,1,4
WH_113521,35140,3,0,6
WH_113522,22115,0,0,4
WH_113523,8086,1,1,5
WH_113524,39082,0,0,3
WH_113525,6091,4,0,6
WH_113526,43130,6,0,3
WH_113527,27101,7,3,5
WH_113529,8120,8,2,3
WH_113530,20147,4,3,4
WH_113531,27089,1,0,2
WH_113532,9074,5,2,4
WH_113533,50067,6,0,6
WH_113534,21091,5,0,3
WH_113535,30063,0,0,3
WH_113536,28131,6,0,4
WH_113537,15058,7,1,5
WH_113538,16144,2,0,4
WH_113539,12142,4,1,2
WH_113540,16098,0,1,5
WH_113541,33114,1,0,5
WH_113542,14062,5,2,2
WH_113543,31104,5,0,3
WH_113544,8089,8,0,1
WH_113545,16114,4,0,1
WH_113546,11121,5,0,5
WH_113547,30147,1,0,3
WH_113548,35063,2,0,4
WH_113549,26094,4,0,3
WH_113550,17144,7,0,1
WH_113551,28146,7,0,2
WH_113553,52117,1,0,6
WH_113554,27089,0,0,5
WH_113555,4142,8,0,3
WH_113556,6138,6,4,3
WH_113557,38138,8,1,6
WH_113558,13143,6,0,1
WH_113559,32079,4,0,6
WH_113560,19081,8,0,1
WH_113561,19149,7,1,2
WH_113562,43095,5,0,3
WH_113563,23126,6,1,6
WH_113564,36119,3,0,6
WH_113565,26130,7,0,4
WH_113566,29101,3,0,3
WH_113567,11120,1,0,1
WH_113568,14148,7,0,3
WH_113569,10069,5,0,3
WH_113570,30139,3,0,5
WH_113571,24076,7,3,4
WH_113572,7113,4,0,2
WH_113573,49148,5,0,3
WH_113574,7143,5,0,1
WH_113575,36135,5,0,5
WH_113576,6107,4,3,3
WH_113577,8132,4,0,1
WH_113578,26128,6,0,6
WH_113579,23076,6,0,4
WH_113580,32146,7,3,3
WH_113581,16124,5,2,6
WH_113582,15139,5,5,2
WH_113583,25082,4,0,5
WH_113584,20097,0,4,5
WH_113585,31136,1,0,5
WH_113586,9123,3,3,1
WH_113587,15067,7,0,3
WH_113588,7114,8,1,4
WH_113589,18060,0,0,6
WH_113590,48075,4,1,6
WH_113591,31131,3,0,6
WH_113592,32110,8,1,6
WH_113593,28102,2,2,6
WH_113594,17087,5,2,2
WH_113595,17150,3,3,6
WH_113596,35066,5,1,5
WH_113597,22116,2,0,1
WH_113598,15101,8,3,5
WH_113599,20064,4,2,5
WH_113600,5069,3,5,1
WH_113601,30127,1,2,5
WH_113602,17124,2,0,4
WH_113603,39151,2,1,3
WH_113604,15118,6,4,2
WH_113605,20105,8,1,4
WH_113606,21078,4,0,4
WH_113608,30077,3,0,6
WH_113609,18064,0,0,4
WH_113610,7129,6,1,2
WH_113611,7110,2,1,2
WH_113612,38084,8,1,4
WH_113613,23086,7,3,2
WH_113615,40086,5,1,4
WH_113616,25064,4,0,4
WH_113617,15102,0,3,3
WH_113618,30141,3,0,4
WH_113619,18143,2,0,3
WH_113620,29077,3,4,5
WH_113621,35123,6,0,6
WH_113622,31121,5,0,2
WH_113623,39138,7,1,5
WH_113624,28098,2,0,4
WH_113625,30109,8,0,6
WH_113626,31075,0,0,3
WH_113627,48067,3,0,6
WH_113628,28149,8,0,4
WH_113629,32064,3,1,5
WH_113630,6151,2,3,2
WH_113631,31149,6,0,4
WH_113632,25117,7,3,6
WH_113633,42065,3,0,6
WH_113634,16085,6,1,6
WH_113635,7127,8,0,1
WH_113636,27115,3,3,5
WH_113637,18115,8,2,6
WH_113638,19142,2,2,2
WH_113639,10095,0,1,4
WH_113640,31095,1,0,5
WH_113641,40056,7,0,6
WH_113642,39065,3,1,6
WH_113643,19137,1,3,5
WH_113644,7070,8,1,1
WH_113645,8135,8,4,1
WH_113646,30150,8,0,2
WH_113647,28134,0,1,5
WH_113648,13119,3,0,4
WH_113650,17116,7,3,5
WH_113651,23084,8,0,2
WH_113652,32056,2,0,3
WH_113653,37098,5,1,3
WH_113654,17100,1,1,6
WH_113655,39106,5,0,3
WH_113656,30077,8,0,3
WH_113657,8113,5,1,1
WH_113658,43086,3,0,4
WH_113659,13099,6,0,5
WH_113660,46082,7,0,6
WH_113661,20120,8,0,3
WH_113662,20104,3,3,5
WH_113663,24130,6,1,2
WH_113664,22131,8,0,3
WH_113666,36093,2,0,3
WH_113667,18118,7,1,2
WH_113668,32151,1,0,6
WH_113669,6124,3,2,2
WH_113670,18146,7,0,1
WH_113671,12129,3,0,2
WH_113672,27099,1,3,4
WH_113673,6130,1,0,6
WH_113675,31093,7,0,3
WH_113676,16056,7,3,3
WH_113677,21070,6,0,4
WH_113679,32077,5,0,6
WH_113680,13131,5,0,2
WH_113681,27129,8,3,6
WH_113682,34116,8,2,3
WH_113683,6091,6,1,3
WH_113684,7100,4,0,3
WH_113685,23092,7,0,1
WH_113686,21132,7,1,3
WH_113687,43078,4,0,6
WH_113688,19129,5,2,1
WH_113689,28136,5,3,2
WH_113690,6147,5,0,3
WH_113691,17148,4,0,6
WH_113692,8141,2,0,1
WH_113693,16122,2,1,1
WH_113694,18141,5,0,6
WH_113695,27116,7,5,4
WH_113696,10129,0,1,2
WH_113697,25120,7,4,4
WH_113698,10109,7,0,1
WH_113699,17118,4,1,2
WH_113700,29147,3,3,2
WH_113701,38076,0,1,4
WH_113703,31109,3,0,3
WH_113704,13143,7,0,5
WH_113705,14104,5,0,3
WH_113706,24095,8,0,6
WH_113707,29094,4,0,3
WH_113708,25065,3,0,6
WH_113709,30113,6,0,3
WH_113710,30059,7,0,3
WH_113711,20134,8,0,4
WH_113712,28110,2,0,3
WH_113713,21127,2,0,6
WH_113714,9146,1,5,4
WH_113715,31060,4,0,3
WH_113716,32122,8,4,4
WH_113717,15113,0,0,5
WH_113718,24151,7,3,5
WH_113719,8092,6,0,2
WH_113720,24137,2,1,3
WH_113721,33057,7,0,2
WH_113722,21098,4,0,2
WH_113723,15062,7,0,1
WH_113724,27119,3,0,3
WH_113725,10066,6,0,5
WH_113726,7065,8,0,2
WH_113727,28103,1,1,3
WH_113728,11108,8,0,4
WH_113729,28088,2,0,3
WH_113730,44147,3,1,5
WH_113731,9062,7,2,4
WH_113732,23134,3,0,2
WH_113734,23099,8,4,3
WH_113735,15125,4,3,1
WH_113736,6094,5,3,6
WH_113737,6104,4,0,1
WH_113738,24063,1,1,3
WH_113739,8084,5,1,3
WH_113740,30066,0,0,5
WH_113741,25148,3,1,3
WH_113742,21114,1,0,6
WH_113743,9073,0,0,3
WH_113744,8055,1,0,1
WH_113745,33146,1,1,4
WH_113746,17072,8,0,3
WH_113747,27072,0,0,3
WH_113748,23125,3,0,3
WH_113749,43137,2,0,2
WH_113750,16115,4,1,1
WH_113751,42107,8,1,3
WH_113752,28108,7,0,2
WH_113753,39069,2,0,2
WH_113754,41118,0,0,5
WH_113755,12080,1,0,6
WH_113756,27081,3,1,4
WH_113757,13091,5,0,4
WH_113759,31130,8,2,3
WH_113761,29078,6,0,3
WH_113762,17065,6,3,6
WH_113764,22149,3,1,6
WH_113765,27086,6,0,6
WH_113766,8095,7,3,4
WH_113767,27135,0,0,6
WH_113768,25073,0,1,6
WH_113769,30084,6,0,2
WH_113770,47109,8,0,2
WH_113771,44089,5,0,4
WH_113772,26126,5,1,4
WH_113773,44074,6,0,4
WH_113774,6145,4,2,5
WH_113775,43089,3,0,3
WH_113776,17093,7,0,1
WH_113777,8128,4,0,3
WH_113778,23083,6,3,2
WH_113779,32073,0,1,3
WH_113780,29085,5,0,6
WH_113781,33134,4,3,2
WH_113782,7126,7,1,6
WH_113783,48088,7,0,5
WH_113784,24088,3,1,5
WH_113785,16062,7,0,6
WH_113786,40104,8,0,4
WH_113787,25141,8,3,2
WH_113788,25110,0,3,4
WH_113789,31120,6,0,2
WH_113790,25057,5,0,4
WH_113791,13109,3,0,2
WH_113792,5076,3,3,2
WH_113793,15088,0,0,2
WH_113794,38081,7,0,6
WH_113795,46080,2,0,6
WH_113796,28134,3,0,4
WH_113797,18057,0,0,3
WH_113798,6137,0,0,2
WH_113799,24112,8,0,2
WH_113800,22084,8,1,5
WH_113801,43136,4,0,3
WH_113802,11147,3,2,2
WH_113803,19090,3,3,5
WH_113804,21120,3,3,5
WH_113805,26068,6,1,1
WH_113806,4088,5,1,2
WH_113807,6082,8,1,1
WH_113808,10136,1,0,1
WH_113809,33117,7,1,5
WH_113810,29113,8,0,5
WH_113811,6097,1,1,1
WH_113812,7125,6,1,3
WH_113813,48067,4,0,2
WH_113814,7125,5,0,6
WH_113816,7113,7,1,3
WH_113817,47080,2,1,3
WH_113818,18101,1,3,6
WH_113819,26067,7,2,3
WH_113820,20145,5,0,6
WH_113821,27139,8,0,6
WH_113822,13151,4,5,5
WH_113823,14123,8,2,3
WH_113824,16059,7,2,4
WH_113825,31114,2,0,2
WH_113826,22116,0,0,4
WH_113827,27099,8,3,2
WH_113828,13146,0,1,2
WH_113829,24120,2,0,3
WH_113830,16137,8,0,3
WH_113831,31110,3,0,5
WH_113832,21073,5,1,6
WH_113833,8081,4,1,1
WH_113834,22064,8,0,3
WH_113835,17126,0,1,6
WH_113837,24128,2,3,2
WH_113838,30059,1,0,2
WH_113839,28117,5,3,6
WH_113840,20109,7,0,3
WH_113841,10095,4,0,2
WH_113842,14073,0,4,5
WH_113843,45133,1,0,3
WH_113844,32149,2,0,6
WH_113845,23126,8,0,1
WH_113846,52069,4,0,3
WH_113847,42124,5,1,4
WH_113848,30118,0,0,3
WH_113849,29059,8,1,6
WH_113850,21098,1,0,3
WH_113851,18087,8,0,5
WH_113852,20074,7,3,5
WH_113854,33115,5,2,2
WH_113855,25119,4,1,2
WH_113856,16095,5,5,2
WH_113857,24135,0,0,1
WH_113858,26092,0,2,6
WH_113859,21150,4,4,3
WH_113860,21060,6,1,6
WH_113861,31060,6,2,2
WH_113862,51122,0,0,5
WH_113863,28131,7,1,4
WH_113864,19127,3,1,6
WH_113865,33067,5,1,3
WH_113866,7133,0,0,4
WH_113867,27072,6,0,4
WH_113868,15131,5,0,5
WH_113869,25144,0,0,3
WH_113870,5098,0,2,3
WH_113871,18118,6,2,3
WH_113872,9108,4,1,3
WH_113873,7107,7,0,3
WH_113874,51087,5,1,6
WH_113875,26138,8,0,5
WH_113876,38149,8,0,5
WH_113877,5060,0,3,3
WH_113878,11140,5,0,5
WH_113879,17140,8,0,3
WH_113880,19099,8,3,2
WH_113881,5107,3,0,2
WH_113882,32076,3,0,5
WH_113883,33097,7,0,6
WH_113884,43119,6,0,4
WH_113885,28091,6,0,5
WH_113886,31115,5,3,4
WH_113887,31084,4,0,4
WH_113888,23131,4,0,2
WH_113889,36079,7,0,2
WH_113890,8097,8,2,2
WH_113891,6101,5,1,3
WH_113892,43082,1,1,4
WH_113893,15135,7,0,2
WH_113894,5070,0,0,1
WH_113895,30136,3,0,5
WH_113896,27144,1,0,4
WH_113897,30097,6,0,6
WH_113898,22119,5,0,6
WH_113899,26073,1,0,2
WH_113900,30111,7,0,2
WH_113901,28091,4,0,4
WH_113902,5117,8,0,1
WH_113903,28082,7,2,5
WH_113904,31133,0,0,4
WH_113905,5077,2,1,2
WH_113906,17131,3,0,3
WH_113907,6144,1,3,5
WH_113908,31115,1,0,4
WH_113909,19099,8,0,4
WH_113910,28107,0,0,2
WH_113911,31103,6,5,4
WH_113912,30070,1,1,6
WH_113913,12130,8,0,5
WH_113914,50112,1,0,4
WH_113915,18135,4,2,5
WH_113916,32114,0,3,4
WH_113917,15140,8,0,1
WH_113918,16101,1,0,4
WH_113919,16138,6,0,5
WH_113920,22076,5,2,3
WH_113921,22134,2,0,6
WH_113922,28149,3,3,3
WH_113923,6120,7,0,3
WH_113924,4091,6,2,1
WH_113925,17075,0,0,3
WH_113926,7118,1,0,3
WH_113927,30125,8,0,4
WH_113928,11131,8,2,3
WH_113929,21059,6,0,6
WH_113930,20084,3,3,5
WH_113931,45121,6,0,3
WH_113932,19109,1,3,3
WH_113933,35141,2,0,6
WH_113934,16121,4,3,2
WH_113935,29099,8,0,6
WH_113936,21134,0,0,5
WH_113937,29088,5,1,6
WH_113938,38135,5,1,4
WH_113939,5063,4,0,2
WH_113940,10070,0,0,3
WH_113941,23150,2,3,5
WH_113942,25070,6,1,2
WH_113944,31082,1,0,4
WH_113945,24148,8,3,3
WH_113946,5140,4,0,3
WH_113947,6071,7,0,2
WH_113948,19145,3,1,6
WH_113949,31108,2,0,5
WH_113950,36135,5,0,5
WH_113951,7055,0,1,2
WH_113952,17055,5,3,6
WH_113953,30056,6,0,4
WH_113954,5068,2,3,3
WH_113955,6106,5,0,2
WH_113956,41133,2,0,4
WH_113957,6090,0,0,3
WH_113959,28099,4,0,6
WH_113960,11140,6,0,1
WH_113961,8139,1,3,1
WH_113962,25146,8,0,6
WH_113963,31078,1,0,2
WH_113964,6082,8,0,2
WH_113965,25058,4,0,2
WH_113966,26103,2,0,4
WH_113967,15087,0,0,5
WH_113968,19121,2,0,6
WH_113969,32144,2,0,3
WH_113970,51110,3,0,4
WH_113971,6108,6,2,2
WH_113972,12064,5,0,5
WH_113973,15091,1,0,3
WH_113974,14143,0,2,1
WH_113975,24090,1,0,3
WH_113976,16116,5,0,2
WH_113977,32119,7,5,6
WH_113978,28136,3,2,4
WH_113979,50149,7,1,4
WH_113980,13102,3,1,3
WH_113981,18129,7,0,5
WH_113982,22107,5,3,4
WH_113983,31133,0,3,3
WH_113984,20116,7,1,5
WH_113986,5104,0,1,1
WH_113987,27147,8,0,3
WH_113988,32055,0,0,5
WH_113989,7150,0,0,1
WH_113990,9099,1,1,6
WH_113991,8142,4,1,2
WH_113992,17146,4,0,4
WH_113993,22150,7,1,5
WH_113994,25086,3,0,2
WH_113995,23127,3,2,4
WH_113996,34067,0,3,6
WH_113997,6093,6,2,3
WH_113998,24101,7,0,4
WH_113999,18132,4,1,5
WH_114000,8075,7,0,3
WH_114001,28076,1,0,3
WH_114002,20094,7,1,4
WH_114003,6098,7,3,1
WH_114004,31065,3,0,3
WH_114005,18094,0,0,6
WH_114006,5127,7,1,3
WH_114007,29073,3,0,6
WH_114008,49084,5,0,4
WH_114009,32121,5,2,2
WH_114011,6096,8,1,3
WH_114012,6056,1,1,2
WH_114013,31126,4,0,2
WH_114014,24111,5,3,6
WH_114015,5131,1,0,2
WH_114016,31124,3,0,2
WH_114017,31097,8,0,5
WH_114018,17134,1,0,4
WH_114019,48095,1,0,6
WH_114020,53094,4,0,3
WH_114021,9059,6,0,2
WH_114022,33092,0,0,4
WH_114023,33068,8,1,3
WH_114024,5105,1,0,3
WH_114025,18082,7,0,2
WH_114026,7090,4,1,4
WH_114027,28074,4,0,6
WH_114028,23065,4,1,6
WH_114029,28102,5,1,3
WH_114031,37072,6,0,2
WH_114032,7084,3,0,2
WH_114033,10058,7,0,2
WH_114034,21113,2,0,2
WH_114035,19096,8,0,4
WH_114036,28127,2,2,6
WH_114037,31124,0,1,2
WH_114038,30147,8,0,4
WH_114039,29063,6,0,1
WH_114040,11132,2,1,5
WH_114041,13133,3,2,2
WH_114042,16136,8,0,5
WH_114043,26149,2,0,3
WH_114044,30138,1,0,3
WH_114045,20062,7,3,6
WH_114046,16101,7,0,2
WH_114047,24066,7,0,6
WH_114048,10113,1,0,1
WH_114049,12129,5,0,2
WH_114050,30106,2,0,4
WH_114051,24136,4,1,2
WH_114052,25071,5,5,2
WH_114053,50055,0,0,4
WH_114054,6090,1,0,2
WH_114055,42089,7,0,6
WH_114056,7088,7,0,2
WH_114057,30083,0,0,4
WH_114058,20105,1,1,6
WH_114059,5136,4,1,3
WH_114060,6138,5,0,2
WH_114061,25114,3,0,3
WH_114062,11133,8,1,6
WH_114063,34135,1,2,2
WH_114064,15144,7,1,5
WH_114065,24059,5,0,2
WH_114066,20140,7,0,5
WH_114067,30128,7,0,2
WH_114068,23140,5,2,5
WH_114069,19096,3,0,3
WH_114070,5099,8,0,1
WH_114071,32055,3,0,2
WH_114072,27124,6,0,5
WH_114073,30062,7,0,1
WH_114074,32118,8,0,3
WH_114075,15114,7,0,3
WH_114076,17105,4,0,5
WH_114077,20076,1,0,6
WH_114078,6062,3,1,1
WH_114079,43083,5,0,3
WH_114080,30145,0,0,6
WH_114081,32134,0,0,5
WH_114082,9104,7,0,1
WH_114083,33079,6,2,6
WH_114084,51122,2,0,5
WH_114085,5118,0,1,1
WH_114086,25078,3,2,6
WH_114087,24058,5,1,2
WH_114089,20147,4,0,5
WH_114090,33086,3,0,6
WH_114091,32095,7,0,5
WH_114092,38100,0,1,4
WH_114093,27116,1,0,3
WH_114094,18101,3,0,3
WH_114095,34126,0,1,3
WH_114096,20139,8,0,2
WH_114097,21056,6,3,3
WH_114098,16098,0,0,6
WH_114099,28112,1,5,3
WH_114100,15147,7,0,6
WH_114101,17091,6,1,5
WH_114102,30085,4,0,3
WH_114103,13149,4,1,1
WH_114104,18105,1,3,6
WH_114105,18096,6,1,2
WH_114106,37104,5,0,5
WH_114107,21110,8,0,4
WH_114108,48055,4,0,4
WH_114109,29140,8,2,3
WH_114110,18100,2,1,4
WH_114111,20064,5,0,3
WH_114112,28120,4,2,6
WH_114113,22138,2,1,4
WH_114114,13062,5,0,5
WH_114115,25102,8,0,1
WH_114116,18112,5,0,4
WH_114117,25063,0,0,5
WH_114118,24062,6,0,6
WH_114119,31144,2,0,5
WH_114120,16077,6,1,4
WH_114121,29062,6,0,3
WH_114122,8083,0,0,3
WH_114123,9097,8,1,1
WH_114125,11141,6,0,2
WH_114126,6107,4,0,2
WH_114127,20098,6,0,3
WH_114128,42137,4,0,3
WH_114129,20104,2,3,6
WH_114130,25087,8,0,2
WH_114131,20058,3,2,2
WH_114132,21141,8,0,6
WH_114133,6142,3,1,4
WH_114134,44150,3,0,4
WH_114135,19145,7,3,1
WH_114136,25116,3,0,2
WH_114137,19083,8,0,4
WH_114138,12058,6,0,3
WH_114139,10074,4,3,1
WH_114140,25059,6,0,6
WH_114141,22097,3,3,3
WH_114142,18075,4,1,4
WH_114143,34136,5,1,2
WH_114144,15073,8,0,3
WH_114145,13144,6,3,5
WH_114146,6064,0,0,3
WH_114147,5099,7,2,4
WH_114148,22095,3,0,6
WH_114149,17134,0,0,6
WH_114150,27141,8,0,2
WH_114151,33136,2,0,2
WH_114152,19099,0,2,6
WH_114154,20075,7,2,5
WH_114155,32074,4,0,4
WH_114156,26073,2,0,4
WH_114157,33071,4,0,2
WH_114158,16065,0,1,3
WH_114159,38069,1,2,4
WH_114160,5119,8,0,3
WH_114161,38074,8,1,2
WH_114162,15130,2,0,6
WH_114164,22070,2,0,6
WH_114165,32127,7,0,5
WH_114166,8127,2,0,4
WH_114167,20086,1,1,3
WH_114168,21085,3,0,6
WH_114169,6127,0,3,1
WH_114170,30098,0,2,3
WH_114171,14141,1,1,2
WH_114172,14109,6,0,5
WH_114173,14101,5,0,1
WH_114176,12080,6,0,4
WH_114177,22104,0,2,5
WH_114178,16136,6,0,2
WH_114179,31120,6,0,4
WH_114180,18143,4,0,3
WH_114181,13115,6,2,5
WH_114182,22107,5,1,2
WH_114183,34124,6,0,2
WH_114184,7131,4,1,4
WH_114185,15150,7,0,2
WH_114186,38092,4,2,2
WH_114187,20100,2,0,4
WH_114188,34135,3,0,2
WH_114189,7067,3,1,1
WH_114190,29078,6,1,4
WH_114191,9072,3,0,5
WH_114192,11120,2,3,4
WH_114193,26073,0,0,5
WH_114194,49071,7,0,4
WH_114195,26101,8,1,4
WH_114196,23085,1,4,3
WH_114197,5145,4,0,2
WH_114198,24136,7,3,3
WH_114199,32133,6,0,3
WH_114200,26144,2,0,6
WH_114201,32114,3,0,2
WH_114202,31084,4,0,2
WH_114203,11087,4,1,1
WH_114204,34106,8,0,4
WH_114205,8078,8,1,2
WH_114206,32143,5,4,4
WH_114207,22100,3,1,4
WH_114208,11111,5,0,2
WH_114209,21057,5,0,2
WH_114210,32133,5,0,5
WH_114211,30078,8,0,5
WH_114212,15114,5,0,1
WH_114213,16127,5,1,2
WH_114214,29144,0,0,3
WH_114215,8105,2,1,3
WH_114216,16089,0,1,6
WH_114217,32078,2,0,4
WH_114218,6055,7,0,3
WH_114219,6121,2,2,6
WH_114220,22118,5,0,6
WH_114221,19105,2,0,6
WH_114222,19110,8,0,5
WH_114223,28142,7,0,5
WH_114224,20111,7,3,2
WH_114225,22081,6,1,2
WH_114226,24087,3,0,5
WH_114227,8141,5,0,5
WH_114228,30144,3,0,4
WH_114229,38088,2,0,4
WH_114230,32065,6,0,5
WH_114231,11138,4,0,3
WH_114232,6092,7,3,2
WH_114233,22105,7,0,5
WH_114234,7088,3,0,2
WH_114235,29081,4,0,5
WH_114236,8113,3,0,2
WH_114237,25111,6,2,2
WH_114238,7125,4,0,1
WH_114239,24077,7,2,4
WH_114240,40080,4,0,4
WH_114241,35143,6,0,5
WH_114242,21084,3,0,5
WH_114243,5143,6,0,2
WH_114244,34065,4,0,3
WH_114245,44097,7,0,3
WH_114246,30055,3,0,5
WH_114247,19139,4,0,5
WH_114248,5073,6,2,4
WH_114249,27132,6,0,5
WH_114250,5073,4,0,4
WH_114251,21131,3,0,5
WH_114252,31103,8,0,2
WH_114253,24062,7,0,4
WH_114254,38098,0,1,3
WH_114255,27082,4,0,3
WH_114256,20062,3,0,4
WH_114257,33121,8,0,3
WH_114258,22105,0,0,5
WH_114259,29140,2,1,5
WH_114260,9086,6,1,5
WH_114261,32127,3,0,4
WH_114262,7117,7,1,1
WH_114263,32088,8,0,4
WH_114264,13132,3,0,1
WH_114265,16111,4,0,3
WH_114266,33133,5,0,2
WH_114267,25123,4,2,3
WH_114268,26139,3,0,6
WH_114269,46148,7,0,3
WH_114270,29079,5,0,2
WH_114271,9082,5,0,1
WH_114272,11127,5,1,1
WH_114273,35067,0,0,6
WH_114274,29149,2,0,3
WH_114275,14141,2,1,1
WH_114276,42067,5,0,2
WH_114277,31114,8,0,2
WH_114278,12140,4,1,6
WH_114279,31086,5,1,5
WH_114280,8110,0,0,3
WH_114281,30144,4,0,6
WH_114282,13129,4,0,4
WH_114283,21107,2,0,5
WH_114284,31058,4,0,5
WH_114285,16132,3,0,5
WH_114286,18117,2,1,4
WH_114287,37115,5,0,4
WH_114288,28074,6,0,3
WH_114289,31075,4,0,2
WH_114290,35129,1,1,5
WH_114291,5133,5,2,1
WH_114292,18056,8,3,6
WH_114293,24142,6,1,3
WH_114295,6114,0,0,2
WH_114296,29118,1,0,4
WH_114297,24147,5,0,2
WH_114298,11062,5,1,2
WH_114299,24059,5,0,3
WH_114301,24137,4,0,2
WH_114302,21137,4,0,4
WH_114303,15095,1,3,2
WH_114304,45098,6,0,5
WH_114305,28061,5,1,4
WH_114308,28087,8,1,5
WH_114309,46110,3,1,4
WH_114310,19081,5,0,3
WH_114311,28077,8,0,2
WH_114312,19057,4,2,3
WH_114313,23141,7,1,4
WH_114314,40145,8,0,2
WH_114315,15117,8,0,2
WH_114316,16086,5,2,1
WH_114317,16090,3,0,2
WH_114318,28142,3,0,3
WH_114319,18147,0,3,6
WH_114320,29086,1,0,3
WH_114321,20069,5,0,1
WH_114322,30120,0,0,4
WH_114323,8075,3,0,3
WH_114324,16055,5,0,3
WH_114326,32115,6,0,4
WH_114327,28105,5,0,6
WH_114328,25081,2,0,5
WH_114329,10078,6,0,1
WH_114330,15055,3,3,5
WH_114331,21149,1,2,2
WH_114332,26116,1,0,2
WH_114333,33096,1,0,3
WH_114334,20057,0,3,4
WH_114335,21087,3,0,5
WH_114336,18130,0,0,2
WH_114337,16107,5,0,2
WH_114338,20059,0,0,6
WH_114339,38061,6,0,2
WH_114340,30105,5,0,3
WH_114341,10073,3,0,4
WH_114342,26113,1,0,5
WH_114343,32148,6,2,6
WH_114344,28101,5,1,2
WH_114345,16108,1,3,6
WH_114346,25056,2,0,5
WH_114347,24057,6,0,6
WH_114348,49097,3,0,6
WH_114349,23137,3,1,6
WH_114350,44084,5,0,5
WH_114351,26074,5,0,2
WH_114352,32101,7,0,3
WH_114354,31059,5,0,3
WH_114355,5101,5,2,1
WH_114356,21079,5,0,1
WH_114358,9098,6,0,2
WH_114359,37069,8,0,5
WH_114360,28099,2,3,5
WH_114361,20069,0,0,2
WH_114362,30076,6,0,4
WH_114363,16082,1,0,5
WH_114364,26061,3,0,6
WH_114365,30092,4,0,4
WH_114366,14073,6,0,5
WH_114367,7099,4,0,3
WH_114368,20064,7,0,3
WH_114369,8074,0,0,1
WH_114370,18147,4,2,5
WH_114371,24134,6,5,3
WH_114372,13085,7,0,6
WH_114374,30079,6,2,6
WH_114375,41069,2,0,5
WH_114376,12103,6,0,2
WH_114377,33121,5,1,3
WH_114378,41083,3,0,5
WH_114379,18109,1,1,5
WH_114380,8098,0,0,3
WH_114381,6094,7,1,2
WH_114382,29089,6,0,6
WH_114383,30134,5,0,3
WH_114384,5066,2,2,3
WH_114385,25072,0,0,5
WH_114386,11088,6,0,3
WH_114387,43125,4,1,2
WH_114388,54105,5,0,5
WH_114389,31133,7,0,4
WH_114390,5080,0,0,1
WH_114391,13115,8,4,1
WH_114392,17095,1,2,2
WH_114393,11149,6,0,3
WH_114394,13078,3,0,4
WH_114395,8141,8,0,6
WH_114396,37109,2,0,4
WH_114397,23097,7,0,2
WH_114398,7106,5,0,3
WH_114399,20108,6,0,6
WH_114400,32151,1,0,3
WH_114401,14140,3,1,2
WH_114402,23085,8,3,4
WH_114403,28074,8,0,2
WH_114404,10113,2,2,3
WH_114405,37106,3,2,2
WH_114406,20107,3,5,6
WH_114407,6110,8,2,6
WH_114408,10115,3,1,2
WH_114409,5059,1,3,3
WH_114410,18145,7,0,3
WH_114411,7058,0,3,2
WH_114412,51125,8,0,2
WH_114413,14136,4,0,5
WH_114414,5074,7,0,1
WH_114415,36056,4,1,6
WH_114416,32092,6,4,3
WH_114417,22150,6,0,3
WH_114418,17124,4,0,6
WH_114419,32146,6,0,3
WH_114420,32126,3,0,5
WH_114421,17096,4,0,2
WH_114422,12146,7,0,1
WH_114423,18134,8,0,2
WH_114424,5108,7,3,2
WH_114425,31087,3,0,4
WH_114426,16094,3,0,5
WH_114427,28125,5,0,5
WH_114428,23122,4,1,2
WH_114429,24142,5,2,5
WH_114430,45108,7,0,4
WH_114431,37145,5,0,4
WH_114432,34084,6,0,3
WH_114433,27062,3,1,3
WH_114434,25065,0,0,4
WH_114435,28098,3,4,3
WH_114436,11084,4,0,2
WH_114437,41119,2,2,3
WH_114438,31097,4,2,4
WH_114439,44142,8,1,6
WH_114440,44116,7,0,5
WH_114441,17088,8,0,6
WH_114442,16121,7,0,3
WH_114443,6123,3,1,3
WH_114444,34063,6,1,6
WH_114445,29076,1,2,6
WH_114446,8067,5,3,3
WH_114447,10087,2,0,2
WH_114448,15125,6,0,5
WH_114449,35150,1,0,3
WH_114450,37081,2,0,6
WH_114451,26078,7,0,6
WH_114452,9086,8,0,2
WH_114453,18098,0,0,4
WH_114454,35123,0,0,3
WH_114455,8113,0,0,3
WH_114456,23137,3,0,2
WH_114457,15121,5,3,2
WH_114458,28057,5,2,4
WH_114459,29107,0,0,6
WH_114460,12129,4,3,1
WH_114461,20076,7,0,1
WH_114462,7109,6,0,2
WH_114463,23142,7,0,2
WH_114464,31138,2,1,2
WH_114466,5134,8,1,1
WH_114467,21059,0,0,3
WH_114468,20084,5,0,6
WH_114469,26114,5,2,3
WH_114470,5145,3,4,6
WH_114471,33102,6,1,4
WH_114472,31097,4,0,3
WH_114473,9132,1,0,3
WH_114474,30082,5,0,3
WH_114475,14106,6,3,6
WH_114476,36102,7,0,4
WH_114477,28106,3,0,5
WH_114478,28089,5,0,6
WH_114479,45082,3,0,5
WH_114480,32145,8,0,2
WH_114481,18108,3,4,5
WH_114482,10059,1,0,3
WH_114483,38085,3,1,4
WH_114484,22112,5,0,4
WH_114485,5072,0,2,2
WH_114486,34061,2,0,5
WH_114487,23093,6,0,1
WH_114488,29136,3,0,4
WH_114489,33149,8,0,4
WH_114490,28122,3,0,5
WH_114491,29103,5,0,3
WH_114492,20064,8,0,6
WH_114493,43113,1,0,4
WH_114494,15135,8,1,4
WH_114495,23100,5,0,4
WH_114496,29117,1,0,1
WH_114497,30127,4,0,2
WH_114498,7145,8,0,3
WH_114499,37123,3,0,3
WH_114500,28103,6,0,6
WH_114501,7065,4,0,2
WH_114502,16125,7,2,5
WH_114503,35085,3,0,2
WH_114504,25066,8,0,3
WH_114505,30057,5,2,2
WH_114506,25126,8,1,6
WH_114507,25123,6,0,2
WH_114508,6102,7,0,1
WH_114509,21099,7,2,3
WH_114510,9104,8,0,2
WH_114511,6086,4,4,6
WH_114512,21077,8,0,3
WH_114513,6117,0,0,3
WH_114514,7136,4,0,2
WH_114515,23132,8,0,6
WH_114516,27127,1,0,2
WH_114517,23096,1,1,5
WH_114518,16108,1,0,3
WH_114519,5136,8,0,3
WH_114520,20090,6,1,3
WH_114521,20068,5,0,5
WH_114522,28123,8,0,4
WH_114523,25066,7,0,5
WH_114526,11097,0,2,1
WH_114527,28083,4,0,1
WH_114528,23151,0,0,2
WH_114529,53133,4,0,2
WH_114530,12064,0,0,5
WH_114531,25064,7,0,6
WH_114532,24111,4,1,4
WH_114533,22102,7,4,5
WH_114534,16142,3,0,4
WH_114535,33142,4,0,6
WH_114537,14102,7,0,2
WH_114538,48084,8,0,3
WH_114539,31070,7,2,6
WH_114540,14106,1,0,4
WH_114541,5118,4,0,3
WH_114542,38065,0,0,3
WH_114543,28100,3,1,6
WH_114544,14137,0,1,1
WH_114545,31074,6,0,2
WH_114546,5057,6,2,1
WH_114547,20132,3,0,4
WH_114548,24079,1,0,4
WH_114549,18120,8,3,6
WH_114550,26120,6,0,3
WH_114551,18113,0,2,6
WH_114552,28081,3,0,6
WH_114553,22083,8,0,2
WH_114554,24121,5,0,2
WH_114555,49059,3,0,2
WH_114556,34102,8,0,2
WH_114557,18065,1,0,2
WH_114558,53147,7,0,2
WH_114559,20144,8,1,5
WH_114560,5139,1,2,3
WH_114561,12105,2,0,5
WH_114562,18115,3,0,6
WH_114563,19133,5,0,6
WH_114564,5136,5,2,6
WH_114565,29148,8,3,2
WH_114566,28150,3,0,2
WH_114567,40093,8,0,2
WH_114568,30150,0,0,6
WH_114569,7132,4,0,1
WH_114570,25116,0,0,4
WH_114571,25140,5,1,3
WH_114572,20057,4,1,6
WH_114573,7092,1,1,3
WH_114574,39140,0,0,3
WH_114575,12096,5,1,3
WH_114576,16063,1,0,2
WH_114577,27086,5,0,4
WH_114578,8118,4,0,4
WH_114579,26124,1,0,2
WH_114580,39097,3,0,6
WH_114581,29086,7,0,3
WH_114582,40056,1,1,3
WH_114583,5074,6,0,1
WH_114584,29093,7,2,2
WH_114585,25149,6,0,5
WH_114586,6079,7,1,1
WH_114587,20066,5,0,5
WH_114588,26135,4,1,4
WH_114589,14113,7,4,6
WH_114590,28119,3,1,4
WH_114591,9101,3,0,3
WH_114592,7136,4,0,2
WH_114593,51126,4,0,2
WH_114594,15101,0,0,1
WH_114595,8110,0,0,1
WH_114596,25131,1,0,5
WH_114597,6102,5,1,2
WH_114598,5148,7,0,1
WH_114599,19092,0,3,2
WH_114601,6102,1,2,2
WH_114602,7134,6,1,3
WH_114603,8062,0,1,1
WH_114604,28084,7,0,5
WH_114605,21056,1,0,2
WH_114606,5124,7,0,1
WH_114607,24138,3,2,4
WH_114608,13059,8,0,2
WH_114609,34074,2,0,2
WH_114610,24070,5,4,2
WH_114611,32099,0,0,5
WH_114612,33146,7,1,5
WH_114613,9133,6,0,1
WH_114614,21140,0,0,3
WH_114615,7066,4,1,6
WH_114616,28138,6,1,6
WH_114617,30074,6,0,5
WH_114618,24071,1,0,3
WH_114619,21064,2,0,2
WH_114620,18119,3,3,3
WH_114621,22105,7,1,4
WH_114622,6077,3,0,3
WH_114623,39151,8,1,4
WH_114624,28067,3,0,6
WH_114625,7086,4,3,3
WH_114626,30123,6,2,6
WH_114627,17148,6,1,5
WH_114629,40133,0,0,2
WH_114630,6096,1,0,3
WH_114631,32107,2,0,6
WH_114632,4099,0,3,1
WH_114633,33114,6,1,2
WH_114634,13114,7,3,3
WH_114635,5069,0,5,5
WH_114636,28122,4,2,6
WH_114637,12129,1,0,3
WH_114638,48059,4,0,6
WH_114639,16146,6,4,5
WH_114640,42062,7,0,5
WH_114641,27135,3,0,1
WH_114642,34103,2,0,6
WH_114643,34140,3,0,5
WH_114644,22072,8,1,6
WH_114645,29140,6,0,2
WH_114646,6091,0,0,3
WH_114647,33061,6,0,4
WH_114648,16123,3,2,6
WH_114649,14121,1,3,5
WH_114650,24057,4,1,5
WH_114651,6144,2,2,3
WH_114652,8126,0,0,1
WH_114653,23130,8,0,6
WH_114654,24068,4,0,6
WH_114655,7097,6,1,3
WH_114656,20081,6,1,3
WH_114657,16129,1,2,3
WH_114658,7133,3,3,3
WH_114659,32085,7,0,4
WH_114660,33130,3,1,3
WH_114661,29151,0,2,3
WH_114662,26102,5,0,3
WH_114663,21129,8,0,3
WH_114664,40137,5,0,5
WH_114665,10066,4,0,2
WH_114666,5136,3,0,2
WH_114667,16071,1,0,6
WH_114668,5065,8,4,2
WH_114669,31066,8,1,6
WH_114670,5109,2,0,2
WH_114672,17095,5,1,3
WH_114673,24091,4,4,5
WH_114674,31086,0,0,4
WH_114675,24071,6,3,6
WH_114676,29138,5,1,2
WH_114677,9101,5,0,1
WH_114678,18073,8,0,6
WH_114679,27063,2,0,6
WH_114680,18067,7,0,6
WH_114681,27133,4,2,4
WH_114682,7066,5,1,3
WH_114683,18056,5,0,5
WH_114684,8071,5,5,3
WH_114685,19094,0,1,5
WH_114686,28099,2,0,2
WH_114687,28125,8,0,2
WH_114688,18091,7,2,6
WH_114689,34100,2,0,4
WH_114690,22068,5,0,3
WH_114691,24150,6,0,5
WH_114692,12080,7,0,3
WH_114693,29118,1,1,4
WH_114694,7063,5,0,2
WH_114695,18109,8,3,6
WH_114696,12079,4,1,4
WH_114697,25125,8,2,3
WH_114698,19109,5,0,6
WH_114699,7143,3,1,3
WH_114700,54106,7,0,6
WH_114701,38126,0,1,2
WH_114702,19148,8,0,2
WH_114703,27118,2,0,3
WH_114704,5143,5,2,3
WH_114705,25102,4,0,4
WH_114706,16072,5,2,3
WH_114707,8149,3,5,3
WH_114708,25074,8,1,6
WH_114709,21081,7,1,6
WH_114710,9083,6,0,2
WH_114711,22065,4,0,5
WH_114712,45126,4,3,2
WH_114713,12088,2,0,1
WH_114714,14138,6,1,1
WH_114715,14091,5,0,4
WH_114716,32127,1,2,5
WH_114717,21126,4,3,2
WH_114718,30109,6,0,4
WH_114719,35112,3,0,3
WH_114720,50089,3,0,4
WH_114721,14057,2,2,2
WH_114722,14077,1,0,1
WH_114723,5098,7,0,2
WH_114724,30112,6,0,5
WH_114725,15081,7,2,4
WH_114726,21084,2,1,3
WH_114727,19060,1,0,4
WH_114728,28122,8,0,5
WH_114729,13090,2,0,2
WH_114730,37148,5,0,4
WH_114731,5138,3,2,1
WH_114732,35148,4,0,4
WH_114733,29093,1,1,2
WH_114734,16064,5,0,1
WH_114735,19075,5,0,4
WH_114736,13067,5,0,3
WH_114737,31112,4,2,3
WH_114738,15067,7,1,4
WH_114739,30060,4,0,3
WH_114740,15095,2,3,3
WH_114741,30129,1,0,2
WH_114742,29111,3,0,6
WH_114743,26126,2,0,6
WH_114744,40069,8,0,5
WH_114745,26070,1,0,6
WH_114746,16103,6,1,1
WH_114747,32105,4,5,5
WH_114748,54107,1,0,4
WH_114749,46131,1,0,2
WH_114750,7093,6,2,4
WH_114751,6142,7,0,1
WH_114752,37129,7,0,2
WH_114753,36109,2,0,6
WH_114754,6077,4,0,3
WH_114755,6127,3,0,1
WH_114756,17076,1,0,6
WH_114757,17098,0,1,3
WH_114758,6098,4,1,1
WH_114759,28142,5,0,3
WH_114760,20066,5,0,2
WH_114761,21107,5,1,5
WH_114762,6118,4,1,4
WH_114763,28114,6,1,5
WH_114764,5120,7,3,1
WH_114765,23120,7,0,2
WH_114766,16141,8,2,3
WH_114767,6085,5,1,5
WH_114768,20103,6,0,2
WH_114769,15083,7,1,6
WH_114770,8151,1,2,2
WH_114771,13086,0,0,6
WH_114773,20143,8,5,2
WH_114774,21079,7,0,4
WH_114775,29076,3,0,5
WH_114776,27102,4,0,3
WH_114777,10144,2,0,3
WH_114778,20100,1,2,3
WH_114779,26117,1,2,3
WH_114780,26064,8,0,5
WH_114781,44137,6,0,6
WH_114782,6067,4,3,6
WH_114783,26123,7,3,2
WH_114784,21135,1,0,2
WH_114785,26107,0,0,2
WH_114786,36133,4,0,6
WH_114787,19087,5,1,2
WH_114788,33127,3,2,5
WH_114789,21093,7,1,6
WH_114790,29059,8,0,2
WH_114791,8145,6,1,1
WH_114792,12151,3,0,5
WH_114793,38141,8,0,4
WH_114794,28056,1,0,2
WH_114795,14106,6,2,3
WH_114796,46071,1,0,3
WH_114797,31118,4,0,2
WH_114798,46072,3,0,2
WH_114799,22113,0,1,5
WH_114800,30070,7,0,5
WH_114801,26089,8,2,5
WH_114802,8120,4,0,1
WH_114803,8097,1,0,1
WH_114804,36092,3,0,3
WH_114805,37100,2,0,4
WH_114806,20110,5,5,2
WH_114807,41057,8,0,2
WH_114808,5091,3,0,1
WH_114809,9056,4,3,5
WH_114810,26146,3,0,4
WH_114811,23078,3,0,6
WH_114812,24147,0,0,6
WH_114813,5108,8,0,2
WH_114814,11066,5,0,2
WH_114815,23111,6,5,3
WH_114816,28098,2,2,3
WH_114817,12132,7,0,4
WH_114818,11083,5,2,3
WH_114819,18145,8,0,4
WH_114820,28148,0,1,6
WH_114822,21084,8,0,2
WH_114823,11110,6,3,4
WH_114824,5147,0,4,1
WH_114825,27115,3,0,6
WH_114826,20083,6,2,2
WH_114827,7144,8,2,3
WH_114828,6081,2,0,2
WH_114829,33068,3,5,4
WH_114831,32094,5,1,6
WH_114832,31111,5,0,2
WH_114833,13124,8,0,3
WH_114834,8062,0,0,1
WH_114835,48121,3,0,6
WH_114836,13063,1,0,2
WH_114837,22142,2,5,4
WH_114838,25089,7,2,2
WH_114839,26114,4,0,6
WH_114840,5106,0,2,2
WH_114841,40130,3,0,2
WH_114842,17087,1,1,5
WH_114843,12079,5,0,3
WH_114844,22122,5,0,5
WH_114845,32132,6,0,2
WH_114846,26060,3,0,4
WH_114847,13085,3,0,2
WH_114848,33132,8,0,2
WH_114849,25071,8,0,5
WH_114850,35087,3,0,5
WH_114851,16081,7,1,2
WH_114852,32149,0,2,2
WH_114853,31062,6,0,6
WH_114854,19056,2,3,4
WH_114855,17139,7,0,5
WH_114856,20123,5,4,6
WH_114857,26142,4,4,3
WH_114858,30145,5,0,2
WH_114859,38144,7,0,5
WH_114860,26102,8,0,6
WH_114861,18094,3,0,1
WH_114862,19085,5,2,2
WH_114863,11097,8,1,4
WH_114864,13080,8,0,1
WH_114865,31106,4,1,4
WH_114866,12090,0,1,2
WH_114867,12110,7,0,2
WH_114868,10133,3,2,4
WH_114869,26086,3,1,2
WH_114870,6063,6,0,5
WH_114871,23142,0,2,2
WH_114872,31125,7,0,5
WH_114873,27082,4,1,6
WH_114874,19108,7,3,2
WH_114876,31063,1,5,5
WH_114877,32141,4,0,4
WH_114878,30072,5,2,2
WH_114879,8073,7,0,3
WH_114880,23135,6,0,2
WH_114881,23106,2,0,5
WH_114882,14082,4,0,1
WH_114883,29107,0,0,6
WH_114884,30141,8,3,6
WH_114885,30120,8,0,5
WH_114886,7112,0,0,2
WH_114887,15061,5,0,6
WH_114888,18125,6,4,3
WH_114889,11102,7,1,5
WH_114890,9084,8,0,3
WH_114891,21072,2,1,6
WH_114892,48061,3,0,5
WH_114893,21145,0,0,3
WH_114894,27090,7,0,5
WH_114895,7103,7,0,2
WH_114896,49117,1,1,3
WH_114897,7121,3,0,1
WH_114898,18090,2,1,5
WH_114899,22096,7,0,3
WH_114900,5113,1,4,3
WH_114901,16061,7,0,3
WH_114902,55111,4,0,3
WH_114903,4122,7,0,2
WH_114904,22098,7,1,3
WH_114906,11151,3,0,4
WH_114907,14080,2,0,1
WH_114908,27065,4,0,5
WH_114909,22147,4,4,6
WH_114910,36126,1,2,2
WH_114911,29146,5,4,2
WH_114912,22123,2,1,3
WH_114913,24144,8,0,2
WH_114914,5137,6,4,1
WH_114915,7067,5,3,2
WH_114916,15144,2,3,2
WH_114918,27060,1,0,4
WH_114919,25074,2,0,4
WH_114920,14084,1,3,5
WH_114921,13116,4,0,1
WH_114922,30112,6,0,3
WH_114923,7139,4,0,2
WH_114924,33056,3,0,2
WH_114925,6122,1,1,1
WH_114926,16111,1,1,2
WH_114927,27139,0,0,1
WH_114928,31132,7,1,3
WH_114930,48087,1,0,3
WH_114931,16129,5,1,6
WH_114932,30147,0,1,4
WH_114933,11138,6,1,5
WH_114934,26093,6,0,5
WH_114935,29106,6,1,4
WH_114936,14065,8,0,4
WH_114937,21108,3,4,2
WH_114938,27140,4,0,2
WH_114939,30138,8,0,5
WH_114940,5086,2,1,3
WH_114941,23119,5,0,2
WH_114942,6063,7,0,3
WH_114943,32076,4,0,3
WH_114944,31076,0,0,3
WH_114945,31139,5,0,3
WH_114946,17100,0,3,4
WH_114947,33089,6,1,5
WH_114948,10110,6,0,3
WH_114949,17080,2,5,3
WH_114950,29057,4,0,3
WH_114951,46113,6,0,2
WH_114952,16130,7,0,2
WH_114953,34063,6,0,3
WH_114954,19071,4,2,3
WH_114955,11137,4,3,2
WH_114956,38120,8,0,5
WH_114957,31132,5,0,2
WH_114958,17070,1,2,3
WH_114959,39061,3,1,4
WH_114960,32130,4,0,6
WH_114961,15062,7,5,5
WH_114962,28128,0,1,3
WH_114963,21093,5,2,4
WH_114964,26130,1,1,5
WH_114965,38125,6,0,2
WH_114966,24056,2,2,3
WH_114967,20145,0,1,3
WH_114968,43138,0,0,5
WH_114969,30100,5,0,5
WH_114970,25141,4,0,5
WH_114971,46090,1,0,3
WH_114972,31107,6,0,4
WH_114973,6106,1,0,3
WH_114974,7089,4,1,2
WH_114975,27079,7,0,4
WH_114977,7106,0,0,3
WH_114978,27108,7,0,2
WH_114979,8122,3,1,5
WH_114981,31142,4,0,4
WH_114982,22094,5,0,3
WH_114983,26122,1,0,1
WH_114984,39064,7,0,3
WH_114985,29142,1,1,6
WH_114986,31143,6,1,5
WH_114987,22089,5,0,6
WH_114988,43128,8,0,2
WH_114989,17151,2,0,6
WH_114990,12132,1,0,3
WH_114991,14077,6,2,1
WH_114992,23068,2,0,4
WH_114993,23094,1,0,2
WH_114994,17088,3,4,4
WH_114995,8136,0,4,4
WH_114996,26056,0,0,2
WH_114997,19122,3,1,2
WH_114998,25089,8,1,4
WH_114999,7127,0,0,2
WH_115000,14064,1,4,1
WH_115001,27149,7,2,3
WH_115002,48109,0,0,5
WH_115003,26061,2,3,5
WH_115004,23107,3,0,6
WH_115005,11099,5,1,2
WH_115006,9148,5,0,3
WH_115007,30125,0,0,5
WH_115008,14096,5,0,3
WH_115009,38130,4,1,4
WH_115010,8113,4,0,2
WH_115011,13123,5,0,5
WH_115012,24076,2,2,4
WH_115013,20141,7,1,2
WH_115014,18129,1,3,4
WH_115015,17065,3,1,3
WH_115016,5135,0,0,2
WH_115017,22057,3,0,4
WH_115018,15099,8,0,4
WH_115019,19061,6,0,3
WH_115020,31138,6,0,4
WH_115021,30112,3,3,6
WH_115022,25090,5,0,3
WH_115023,12150,6,3,1
WH_115024,7117,1,0,1
WH_115025,13134,3,0,1
WH_115026,35148,7,3,2
WH_115027,32077,1,1,6
WH_115028,25065,7,3,3
WH_115029,24070,1,0,5
WH_115031,16137,1,0,5
WH_115032,47115,1,0,3
WH_115033,29080,8,0,5
WH_115034,19077,4,0,2
WH_115035,5056,7,1,3
WH_115036,5140,3,3,3
WH_115037,27131,4,1,6
WH_115038,5058,5,0,1
WH_115039,6127,3,1,6
WH_115040,8101,4,0,2
WH_115041,8090,6,1,2
WH_115042,31097,3,0,2
WH_115043,36055,3,0,4
WH_115044,6107,3,1,1
WH_115045,32056,8,0,3
WH_115046,21111,2,2,4
WH_115047,10060,5,0,5
WH_115048,34146,7,0,6
WH_115049,25103,6,1,6
WH_115050,13119,8,0,2
WH_115051,8089,4,4,6
WH_115052,18097,0,2,5
WH_115053,35141,5,1,4
WH_115054,39099,5,0,3
WH_115055,37108,2,0,3
WH_115056,6141,8,1,1
WH_115057,22115,5,0,2
WH_115058,16131,5,4,3
WH_115059,13099,0,5,4
WH_115060,32088,8,0,6
WH_115061,14103,3,1,6
WH_115062,31079,7,1,2
WH_115063,18094,4,1,4
WH_115064,25076,7,1,5
WH_115065,28079,1,0,3
WH_115066,21065,1,0,5
WH_115067,8110,6,0,3
WH_115068,5081,2,2,2
WH_115069,32112,3,0,3
WH_115070,23074,8,3,6
WH_115071,41090,7,1,5
WH_115072,31090,1,0,5
WH_115073,37149,3,0,6
WH_115074,8094,3,0,1
WH_115075,23092,4,0,6
WH_115076,49149,4,0,6
WH_115077,48110,5,0,4
WH_115078,39146,5,0,2
WH_115079,32083,7,0,5
WH_115080,17110,4,0,6
WH_115081,15110,8,0,3
WH_115082,26105,4,0,4
WH_115083,7099,7,0,1
WH_115084,18145,7,3,1
WH_115085,18094,5,0,1
WH_115086,32143,1,3,2
WH_115087,29102,8,0,5
WH_115088,29094,6,3,2
WH_115089,30109,3,0,2
WH_115090,52060,2,0,6
WH_115091,40094,8,0,6
WH_115092,17055,6,2,2
WH_115093,28092,1,1,2
WH_115094,26088,2,0,6
WH_115095,28079,1,0,2
WH_115096,28059,1,0,3
WH_115097,6103,5,1,5
WH_115098,23074,7,0,5
WH_115099,6071,2,2,5
WH_115101,5060,6,0,3
WH_115103,29096,3,1,4
WH_115104,31095,2,0,3
WH_115105,8118,0,0,2
WH_115106,25088,2,2,5
WH_115107,25075,7,0,6
WH_115108,22121,6,5,6
WH_115109,44073,6,0,5
WH_115110,20115,3,0,2
WH_115111,20082,7,0,4
WH_115112,6131,3,1,1
WH_115113,34065,1,0,2
WH_115114,22113,6,0,3
WH_115115,33119,6,3,4
WH_115116,26093,0,0,4
WH_115117,19108,6,3,2
WH_115118,6085,8,0,2
WH_115119,27089,4,0,3
WH_115120,41071,7,1,2
WH_115121,5106,7,0,2
WH_115122,37065,1,0,6
WH_115123,18145,3,2,5
WH_115124,26063,3,0,6
WH_115125,36087,0,1,6
WH_115126,36149,4,2,4
WH_115127,5145,1,2,2
WH_115128,33093,1,0,6
WH_115129,18098,6,1,2
WH_115130,17088,5,2,2
WH_115131,29137,8,4,6
WH_115132,16098,6,1,3
WH_115134,26055,5,0,1
WH_115135,6138,7,0,3
WH_115136,36100,6,0,6
WH_115137,28063,0,4,3
WH_115138,19137,0,0,2
WH_115139,5146,7,0,1
WH_115140,41147,3,1,6
WH_115141,17124,2,0,3
WH_115142,31109,8,0,2
WH_115143,39079,7,1,5
WH_115144,19142,0,1,2
WH_115145,35098,7,0,5
WH_115146,22084,0,0,3
WH_115147,5118,4,2,3
WH_115148,20084,0,2,3
WH_115149,15107,1,0,6
WH_115150,9142,0,0,2
WH_115151,23123,2,0,3
WH_115152,38109,7,0,4
WH_115153,6083,5,0,3
WH_115154,23105,4,0,6
WH_115156,8062,3,0,4
WH_115157,14113,1,4,3
WH_115158,33100,1,0,4
WH_115159,21133,7,2,5
WH_115160,44086,7,0,5
WH_115161,12098,8,1,4
WH_115162,17070,5,0,3
WH_115163,23100,8,0,6
WH_115164,28087,5,0,6
WH_115165,44111,7,0,5
WH_115166,16128,0,0,1
WH_115167,18066,6,1,4
WH_115168,21115,7,2,2
WH_115169,33090,8,3,2
WH_115170,25133,5,0,3
WH_115171,21120,7,0,1
WH_115172,35118,3,1,5
WH_115173,18122,3,1,3
WH_115174,5055,1,1,2
WH_115175,5112,5,2,2
WH_115176,13117,8,2,4
WH_115177,25098,4,0,4
WH_115179,17104,7,1,2
WH_115180,19124,6,2,3
WH_115181,12118,4,1,4
WH_115182,50099,2,0,6
WH_115183,6099,5,0,1
WH_115184,26067,4,1,4
WH_115185,23133,0,1,2
WH_115186,32099,8,0,5
WH_115187,29055,4,0,3
WH_115188,17117,1,1,2
WH_115189,19149,2,0,2
WH_115190,31106,5,2,5
WH_115191,17135,0,0,5
WH_115192,29094,0,0,2
WH_115193,11072,4,1,2
WH_115194,14081,7,1,2
WH_115195,21140,1,0,1
WH_115196,12080,0,0,5
WH_115197,7140,7,0,3
WH_115199,14085,8,1,4
WH_115200,32068,4,0,6
WH_115201,7124,3,0,3
WH_115202,13110,6,4,5
WH_115203,5136,4,0,1
WH_115204,19119,2,0,4
WH_115205,30134,1,0,5
WH_115206,9118,6,5,3
WH_115207,30100,5,0,5
WH_115208,20102,4,1,6
WH_115209,8080,8,0,2
WH_115210,29103,2,0,5
WH_115211,15082,6,0,1
WH_115212,20083,6,0,2
WH_115213,17115,6,0,5
WH_115214,14089,6,0,2
WH_115215,34087,3,3,6
WH_115216,6072,8,1,1
WH_115217,29059,2,0,2
WH_115218,19115,7,0,2
WH_115219,42114,0,0,3
WH_115220,16071,4,0,5
WH_115221,48141,8,0,3
WH_115222,6150,0,1,3
WH_115223,17067,6,0,6
WH_115224,5123,0,2,6
WH_115226,10136,8,0,2
WH_115228,17111,3,0,3
WH_115229,46130,1,0,5
WH_115230,12097,5,0,2
WH_115231,9076,6,2,2
WH_115232,30081,0,0,6
WH_115233,53088,8,0,2
WH_115234,12107,0,1,3
WH_115235,22138,2,0,3
WH_115236,31085,7,1,4
WH_115237,29085,7,0,2
WH_115238,31096,3,2,6
WH_115239,20127,5,1,3
WH_115240,41130,4,0,5
WH_115241,12065,8,0,3
WH_115242,26065,3,1,6
WH_115243,14107,1,2,2
WH_115245,24147,0,0,4
WH_115246,23075,0,0,2
WH_115247,34068,1,1,3
WH_115248,14086,7,4,2
WH_115249,42139,5,1,4
WH_115250,32104,6,0,2
WH_115251,5082,6,1,3
WH_115252,25100,4,0,5
WH_115253,20119,8,2,6
WH_115254,31079,8,0,6
WH_115255,25107,3,3,6
WH_115256,32111,8,2,6
WH_115257,40127,1,0,5
WH_115258,14133,3,2,3
WH_115259,37121,2,0,5
WH_115260,18069,7,0,1
WH_115261,32100,0,0,2
WH_115262,31109,8,0,2
WH_115263,29115,3,0,3
WH_115264,9061,0,0,4
WH_115265,39135,5,0,6
WH_115266,19059,1,2,4
WH_115267,29057,4,1,3
WH_115268,24093,0,0,5
WH_115269,6099,2,0,3
WH_115270,34066,5,0,2
WH_115271,40122,8,1,6
WH_115272,7149,6,0,1
WH_115273,18076,5,0,4
WH_115274,38088,7,1,2
WH_115275,19125,2,1,5
WH_115276,7126,5,0,2
WH_115277,18101,8,0,1
WH_115278,29149,8,3,3
WH_115279,21081,6,0,3
WH_115280,25078,3,0,6
WH_115281,38086,5,0,2
WH_115282,7151,5,0,3
WH_115283,8131,8,4,3
WH_115284,7062,4,0,3
WH_115285,20141,5,2,6
WH_115286,11139,5,3,1
WH_115287,7106,4,0,2
WH_115288,24150,8,0,5
WH_115289,15064,6,0,6
WH_115290,16092,0,1,2
WH_115291,11102,6,0,1
WH_115292,31108,4,0,3
WH_115293,9086,8,0,1
WH_115294,7142,5,2,3
WH_115295,12064,5,0,6
WH_115296,10102,8,5,5
WH_115297,31097,8,2,6
WH_115298,25069,8,3,3
WH_115299,29126,4,0,5
WH_115300,15111,3,2,4
WH_115301,20149,1,1,4
WH_115302,18114,3,0,1
WH_115303,8091,1,1,2
WH_115304,42129,5,0,3
WH_115305,15138,6,1,3
WH_115306,24130,5,3,6
WH_115307,19149,3,0,3
WH_115308,13103,1,3,5
WH_115309,15141,3,0,1
WH_115310,48098,4,0,5
WH_115311,28057,0,0,3
WH_115312,24072,0,0,3
WH_115313,7117,7,0,2
WH_115314,16066,4,0,4
WH_115315,14120,5,0,6
WH_115316,22087,3,0,3
WH_115317,6092,2,2,1
WH_115318,21102,2,3,5
WH_115319,25117,1,1,6
WH_115320,32081,4,2,6
WH_115321,19056,8,0,5
WH_115322,13139,6,0,2
WH_115323,20095,0,0,4
WH_115324,25088,4,0,2
WH_115325,31063,5,1,5
WH_115326,39106,2,1,6
WH_115327,19095,4,0,5
WH_115328,30065,0,1,4
WH_115329,15065,2,0,4
WH_115330,29110,5,0,2
WH_115331,29122,4,0,6
WH_115332,5132,1,3,2
WH_115333,41149,2,0,6
WH_115334,16067,2,1,2
WH_115335,10056,0,0,6
WH_115336,23105,1,0,1
WH_115337,32113,6,0,2
WH_115338,24115,2,0,1
WH_115339,6076,5,0,2
WH_115340,35127,0,0,2
WH_115341,37057,2,1,3
WH_115342,6077,8,2,2
WH_115343,5080,4,0,1
WH_115344,35056,8,0,3
WH_115345,38118,4,1,3
WH_115346,29066,8,1,4
WH_115347,28115,5,0,5
WH_115348,14108,1,3,5
WH_115349,22141,8,2,5
WH_115350,25083,5,0,4
WH_115351,16118,4,0,2
WH_115352,20132,5,4,5
WH_115353,46104,0,0,5
WH_115354,15112,2,0,1
WH_115355,27119,0,0,3
WH_115356,19055,5,1,5
WH_115357,28066,4,0,6
WH_115358,51088,8,0,3
WH_115359,25104,1,0,2
WH_115360,21065,6,0,4
WH_115361,20086,0,1,2
WH_115362,30058,3,0,2
WH_115363,18055,5,0,3
WH_115364,7069,6,0,5
WH_115365,25095,7,0,3
WH_115366,14060,2,2,6
WH_115367,14146,5,0,3
WH_115368,38124,3,0,5
WH_115369,28077,5,0,5
WH_115370,7134,3,3,4
WH_115372,23067,8,0,2
WH_115373,49084,8,0,3
WH_115374,29079,1,0,3
WH_115376,22129,4,5,2
WH_115377,47078,6,0,4
WH_115378,5122,8,2,1
WH_115379,7143,7,2,1
WH_115380,10117,7,0,1
WH_115381,24082,8,0,6
WH_115382,27094,7,1,5
WH_115383,34122,0,0,3
WH_115384,28075,2,0,5
WH_115385,24094,1,0,5
WH_115386,4090,3,2,3
WH_115387,21063,8,0,6
WH_115388,33087,8,0,3
WH_115389,45141,6,0,6
WH_115390,22118,7,4,1
WH_115391,30059,3,1,4
WH_115393,20142,5,0,5
WH_115394,14085,7,1,1
WH_115395,10127,6,2,2
WH_115396,31137,3,0,5
WH_115397,18066,2,0,4
WH_115398,8149,4,0,2
WH_115399,5130,0,0,3
WH_115400,15085,8,3,6
WH_115401,17093,7,1,2
WH_115402,27146,3,0,2
WH_115403,31143,8,0,6
WH_115405,23109,0,3,4
WH_115406,27149,4,0,4
WH_115407,18125,1,0,4
WH_115408,19089,3,1,5
WH_115409,25141,4,0,6
WH_115410,30125,5,0,3
WH_115411,48079,2,0,6
WH_115412,27123,7,0,3
WH_115413,25125,5,0,2
WH_115414,10067,2,2,3
WH_115415,36149,1,0,5
WH_115416,27112,5,3,4
WH_115417,24073,5,0,4
WH_115418,25103,8,3,4
WH_115419,25056,7,0,6
WH_115420,15100,1,0,6
WH_115421,29091,6,0,5
WH_115422,17073,1,0,1
WH_115423,28061,8,0,5
WH_115424,8076,5,0,1
WH_115425,31071,2,0,5
WH_115426,28109,3,2,3
WH_115427,39073,8,0,4
WH_115428,39120,5,0,4
WH_115429,8063,4,3,5
WH_115430,15092,3,1,6
WH_115431,30140,3,0,3
WH_115432,7134,8,0,1
WH_115433,16087,5,1,3
WH_115434,18068,5,3,2
WH_115435,19109,6,4,6
WH_115436,6080,0,1,2
WH_115437,22113,5,0,5
WH_115438,27079,7,1,5
WH_115439,8125,6,1,3
WH_115440,30125,7,2,2
WH_115441,18103,7,0,5
WH_115442,31074,0,0,3
WH_115443,5087,2,0,2
WH_115444,31098,0,0,6
WH_115445,17126,0,3,3
WH_115446,40086,7,1,3
WH_115447,8100,3,5,1
WH_115448,25076,6,3,5
WH_115449,8119,0,0,2
WH_115450,18138,7,0,3
WH_115451,6146,8,3,3
WH_115452,7131,3,1,6
WH_115453,29129,5,3,3
WH_115454,20091,8,0,1
WH_115455,14062,4,2,4
WH_115456,17127,3,4,6
WH_115457,31147,2,0,5
WH_115458,25097,0,0,4
WH_115459,20144,2,2,2
WH_115460,15109,0,1,5
WH_115461,33061,8,0,5
WH_115462,40124,8,0,3
WH_115463,10065,7,1,1
WH_115464,4092,8,3,3
WH_115465,15099,6,0,6
WH_115466,31089,6,2,3
WH_115467,5058,5,0,1
WH_115468,20061,1,0,6
WH_115469,37112,7,0,6
WH_115470,18103,7,1,6
WH_115471,14123,4,0,6
WH_115472,17099,4,3,3
WH_115473,42090,8,0,3
WH_115474,23125,8,1,4
WH_115475,18110,8,0,6
WH_115476,28097,5,0,3
WH_115477,24127,1,0,3
WH_115478,33098,0,2,5
WH_115479,20105,1,0,3
WH_115480,15124,3,0,6
WH_115481,9077,6,2,6
WH_115482,18141,3,3,3
WH_115483,16107,7,0,4
WH_115484,7092,3,0,2
WH_115485,28101,1,0,2
WH_115486,7144,8,1,6
WH_115487,26055,1,0,3
WH_115488,15103,0,0,1
WH_115489,22086,7,2,4
WH_115490,19091,6,0,2
WH_115491,15072,7,1,4
WH_115492,16137,8,1,6
WH_115493,52102,3,0,5
WH_115494,8078,0,0,3
WH_115495,30105,6,0,2
WH_115496,12126,5,2,3
WH_115497,22129,0,0,6
WH_115498,26107,7,1,2
WH_115499,15061,5,0,3
WH_115500,11149,3,3,4
WH_115501,29098,3,0,6
WH_115502,27064,3,1,6
WH_115503,18083,5,0,2
WH_115504,26142,8,0,4
WH_115505,6080,7,1,1
WH_115506,29106,1,4,6
WH_115507,5150,6,0,2
WH_115508,34120,5,5,5
WH_115509,6124,1,0,5
WH_115510,8058,1,0,1
WH_115511,29140,8,0,5
WH_115512,6084,0,0,4
WH_115513,17142,8,0,4
WH_115514,16081,3,3,3
WH_115515,8080,8,1,1
WH_115516,22057,6,1,3
WH_115517,13060,5,0,6
WH_115518,31141,7,1,2
WH_115519,40091,4,0,4
WH_115520,31086,0,0,2
WH_115521,38095,5,0,4
WH_115522,8056,8,1,1
WH_115523,31150,4,0,5
WH_115524,34057,5,0,6
WH_115525,33085,0,1,6
WH_115526,8102,2,2,3
WH_115527,30138,6,0,6
WH_115528,31070,0,0,2
WH_115529,50138,2,0,3
WH_115530,48058,3,0,6
WH_115531,8151,5,0,2
WH_115532,25130,0,0,5
WH_115533,16090,3,2,6
WH_115534,20066,6,0,2
WH_115535,13133,1,1,1
WH_115536,38110,7,3,2
WH_115537,30106,3,0,6
WH_115538,22097,8,0,3
WH_115539,29133,6,4,5
WH_115540,17091,3,0,4
WH_115541,24076,7,0,6
WH_115542,12108,5,0,1
WH_115543,30122,8,0,3
WH_115544,17128,1,3,6
WH_115545,10112,6,1,6
WH_115546,12138,3,5,3
WH_115547,18074,7,2,5
WH_115548,5126,5,5,1
WH_115549,40127,5,0,5
WH_115552,20084,4,0,5
WH_115553,10074,0,0,1
WH_115554,25145,6,0,4
WH_115555,9139,1,2,5
WH_115556,18067,3,0,1
WH_115557,21111,2,1,3
WH_115558,8057,6,0,6
WH_115559,26085,1,0,6
WH_115560,31092,5,0,5
WH_115561,31139,6,0,6
WH_115562,15068,5,0,1
WH_115563,18146,1,2,4
WH_115564,24115,8,0,4
WH_115565,8146,3,4,4
WH_115566,28149,2,0,4
WH_115567,24110,6,0,1
WH_115568,13113,0,1,6
WH_115569,20140,3,0,3
WH_115570,10129,6,1,5
WH_115571,8151,4,1,2
WH_115572,29069,7,0,3
WH_115573,5135,8,1,5
WH_115574,36075,7,1,5
WH_115575,24115,1,0,3
WH_115576,23140,5,0,2
WH_115577,14099,6,0,6
WH_115578,7092,6,0,3
WH_115579,17089,1,4,4
WH_115580,31099,7,2,6
WH_115581,12148,8,0,5
WH_115582,47067,8,0,4
WH_115583,25116,7,0,4
WH_115585,21071,3,1,6
WH_115586,9133,6,1,2
WH_115587,48125,0,0,4
WH_115588,20125,8,0,6
WH_115589,13096,5,1,3
WH_115590,15101,8,1,6
WH_115591,31148,7,0,6
WH_115592,6058,5,0,2
WH_115593,23073,6,5,4
WH_115594,5099,0,0,4
WH_115595,26092,5,1,6
WH_115596,35146,6,0,6
WH_115597,49141,0,0,6
WH_115598,24065,3,1,4
WH_115599,48068,4,0,6
WH_115600,31121,3,0,3
WH_115601,32100,5,1,2
WH_115602,30123,0,0,4
WH_115603,6123,6,1,3
WH_115604,4119,0,3,1
WH_115605,7084,8,0,3
WH_115606,31090,1,3,6
WH_115607,8142,7,5,3
WH_115608,26119,3,1,5
WH_115609,8128,4,0,2
WH_115610,30136,8,0,6
WH_115611,12090,6,2,2
WH_115612,34135,6,0,6
WH_115613,53069,6,0,5
WH_115614,8100,1,0,4
WH_115615,37100,8,4,3
WH_115616,9123,5,0,3
WH_115617,28094,3,3,3
WH_115618,20116,3,5,2
WH_115619,5128,6,0,1
WH_115620,30093,3,0,2
WH_115621,7091,6,4,1
WH_115622,32128,3,0,5
WH_115623,6094,7,1,2
WH_115624,19136,3,2,3
WH_115625,22125,8,0,5
WH_115626,46142,1,0,6
WH_115627,38139,3,0,6
WH_115628,23067,1,0,2
WH_115629,31070,3,4,5
WH_115630,20087,6,0,4
WH_115631,24086,4,0,6
WH_115632,29133,5,0,5
WH_115633,5114,0,0,1
WH_115634,34080,3,0,4
WH_115635,9103,7,0,4
WH_115636,29100,5,3,2
WH_115637,7140,0,1,2
WH_115638,28098,7,2,6
WH_115640,12124,2,4,2
WH_115641,28147,8,0,3
WH_115642,25077,8,3,3
WH_115643,18141,2,0,6
WH_115644,17116,8,0,2
WH_115645,48073,1,0,6
WH_115646,32113,4,0,4
WH_115647,25144,4,1,4
WH_115648,29071,5,0,4
WH_115649,43142,5,1,6
WH_115650,7136,3,3,1
WH_115651,28118,8,0,3
WH_115652,39126,5,0,5
WH_115653,13098,5,2,1
WH_115654,51075,1,0,5
WH_115655,17139,4,3,3
WH_115656,14121,8,2,3
WH_115657,27124,6,0,5
WH_115658,7059,0,3,3
WH_115659,41076,5,0,3
WH_115660,14117,4,0,5
WH_115661,34109,7,1,3
WH_115662,30105,1,0,3
WH_115663,28056,6,3,3
WH_115664,15151,8,1,6
WH_115665,27079,5,0,3
WH_115666,8137,1,0,2
WH_115667,33079,0,0,3
WH_115668,38111,0,0,4
WH_115669,23071,7,0,5
WH_115670,40130,0,0,3
WH_115671,33124,5,0,2
WH_115672,23076,6,0,5
WH_115673,10113,2,0,1
WH_115674,29068,1,0,5
WH_115675,23120,2,0,4
WH_115676,39096,0,0,2
WH_115677,24077,6,1,5
WH_115678,22065,0,1,6
WH_115679,33131,3,0,2
WH_115680,26058,0,0,2
WH_115681,34121,6,0,6
WH_115682,18112,0,1,3
WH_115683,9057,0,2,1
WH_115684,24125,3,3,5
WH_115685,20104,6,3,4
WH_115686,45139,7,0,5
WH_115687,19107,2,0,1
WH_115688,20139,8,0,4
WH_115689,26088,3,0,3
WH_115690,30064,2,0,4
WH_115691,10091,0,0,1
WH_115692,19142,4,2,3
WH_115693,5113,1,3,2
WH_115694,52058,0,0,3
WH_115695,43084,4,0,5
WH_115696,15112,6,0,3
WH_115697,31086,6,2,4
WH_115698,21093,8,0,3
WH_115699,25066,8,0,2
WH_115701,24127,7,0,4
WH_115702,31056,4,1,4
WH_115703,34140,8,0,4
WH_115704,14097,3,0,6
WH_115705,17140,0,0,4
WH_115706,39105,0,0,2
WH_115707,19127,2,0,2
WH_115708,13149,8,0,2
WH_115709,6084,7,3,4
WH_115710,9096,8,0,3
WH_115711,29071,2,2,6
WH_115712,6120,5,3,1
WH_115713,33089,1,0,3
WH_115714,18084,1,2,5
WH_115715,33076,7,0,3
WH_115716,5120,4,0,1
WH_115717,39081,4,0,2
WH_115718,10109,4,0,6
WH_115719,23149,8,1,4
WH_115720,6140,4,0,1
WH_115721,37078,7,0,6
WH_115722,24090,3,4,3
WH_115723,29079,6,0,4
WH_115724,16134,1,1,5
WH_115725,8089,2,0,2
WH_115726,23096,0,0,5
WH_115727,5057,4,0,3
WH_115728,29064,6,0,4
WH_115729,44130,2,0,2
WH_115731,8108,7,0,2
WH_115732,26091,4,3,5
WH_115733,5112,2,0,3
WH_115734,7117,2,2,5
WH_115735,30088,5,0,4
WH_115736,20091,8,1,6
WH_115737,13063,5,1,2
WH_115738,21107,0,1,2
WH_115739,6144,4,0,2
WH_115740,10101,6,0,1
WH_115741,29136,7,0,2
WH_115742,23135,8,0,3
WH_115743,24089,0,0,4
WH_115744,10128,3,0,3
WH_115745,18105,6,2,4
WH_115746,28086,4,3,2
WH_115747,10094,4,0,2
WH_115748,13063,1,0,2
WH_115749,29056,3,3,5
WH_115750,25122,7,1,3
WH_115751,27073,1,0,3
WH_115752,31107,8,4,5
WH_115753,22123,1,0,2
WH_115754,30120,5,0,3
WH_115755,30059,4,5,4
WH_115756,16074,3,0,6
WH_115757,26073,1,1,3
WH_115758,28091,5,4,4
WH_115759,32125,2,0,2
WH_115760,22107,6,0,6
WH_115761,6141,4,0,5
WH_115762,24069,3,0,2
WH_115763,10065,2,0,1
WH_115764,27130,7,0,3
WH_115765,8122,1,2,2
WH_115766,48132,5,0,5
WH_115767,28067,4,0,3
WH_115768,26101,4,0,4
WH_115769,13078,5,4,5
WH_115770,30083,5,0,2
WH_115771,31066,0,0,5
WH_115772,17120,7,1,4
WH_115773,38150,2,0,4
WH_115774,41080,3,1,3
WH_115775,11135,5,0,2
WH_115776,27058,6,0,5
WH_115777,12133,1,0,2
WH_115778,4117,2,3,1
WH_115779,24084,8,1,2
WH_115780,17062,6,0,2
WH_115781,22087,3,0,4
WH_115782,13059,8,0,6
WH_115783,11110,6,0,2
WH_115784,4105,0,3,3
WH_115785,25122,4,0,2
WH_115786,18093,1,0,3
WH_115787,25135,5,0,2
WH_115788,39133,2,1,3
WH_115789,7071,7,1,2
WH_115790,26142,7,1,6
WH_115791,29085,1,0,4
WH_115792,29124,7,0,2
WH_115793,23135,6,0,2
WH_115794,29098,7,0,2
WH_115795,23134,1,0,2
WH_115796,6101,1,1,6
WH_115797,28087,6,1,4
WH_115798,5096,0,2,3
WH_115799,16117,3,0,1
WH_115800,22094,1,0,4
WH_115801,22136,6,3,5
WH_115802,22076,3,1,2
WH_115803,24067,7,0,6
WH_115804,26118,7,3,5
WH_115805,6093,2,4,5
WH_115806,5143,4,1,4
WH_115807,6081,7,1,2
WH_115808,14148,6,4,5
WH_115809,26064,3,2,3
WH_115810,30141,4,0,3
WH_115811,6111,2,0,1
WH_115812,29072,6,0,5
WH_115813,13094,5,2,5
WH_115814,28110,0,0,2
WH_115815,19096,8,0,3
WH_115816,6115,0,0,2
WH_115817,8125,8,0,3
WH_115819,7084,0,0,2
WH_115820,34067,1,0,3
WH_115821,5080,0,2,3
WH_115822,21088,4,0,3
WH_115823,22066,4,1,1
WH_115824,29112,1,0,5
WH_115825,31090,4,4,4
WH_115826,8098,7,3,5
WH_115827,30111,5,1,6
WH_115828,18096,7,3,4
WH_115829,17103,8,3,1
WH_115830,24108,5,5,3
WH_115831,14111,3,1,5
WH_115832,31108,5,0,3
WH_115833,31138,5,3,2
WH_115834,31123,3,0,2
WH_115835,12083,8,0,2
WH_115836,25116,7,0,5
WH_115837,39098,7,1,4
WH_115838,26149,1,0,3
WH_115839,43145,0,0,3
WH_115840,14144,0,0,2
WH_115841,17150,6,0,2
WH_115842,29140,6,1,4
WH_115843,20145,5,1,3
WH_115844,42126,7,0,2
WH_115845,8118,6,5,3
WH_115846,17063,2,1,3
WH_115847,16115,4,0,4
WH_115848,40087,6,0,2
WH_115849,46107,0,0,5
WH_115850,44134,2,1,6
WH_115851,32067,4,0,5
WH_115852,23114,0,1,3
WH_115853,30079,6,0,6
WH_115854,32136,6,1,3
WH_115855,31100,0,0,3
WH_115856,5129,0,5,2
WH_115857,34143,2,0,3
WH_115858,34079,3,0,6
WH_115859,35112,1,0,6
WH_115860,15136,0,1,6
WH_115861,43124,7,4,3
WH_115862,34095,2,0,6
WH_115863,19119,7,1,1
WH_115864,16078,0,1,1
WH_115865,17134,3,0,2
WH_115866,24065,0,0,4
WH_115867,7077,5,1,6
WH_115868,20068,4,1,2
WH_115869,20138,6,4,2
WH_115870,23069,7,3,6
WH_115871,8075,2,0,2
WH_115872,19115,1,2,3
WH_115873,27075,0,2,5
WH_115874,26082,7,0,5
WH_115875,15101,7,3,6
WH_115876,5146,1,1,5
WH_115877,8148,4,2,2
WH_115878,29144,1,0,2
WH_115879,23064,7,0,6
WH_115880,28089,5,0,2
WH_115881,27137,6,0,2
WH_115882,41124,8,1,4
WH_115883,11101,5,1,3
WH_115884,27097,0,0,4
WH_115885,33087,3,2,5
WH_115886,14059,5,1,5
WH_115887,22068,0,0,5
WH_115889,16150,1,0,1
WH_115890,21137,8,0,2
WH_115891,7126,0,1,2
WH_115892,32056,7,0,6
WH_115893,31088,8,1,2
WH_115894,25113,1,1,2
WH_115895,17079,5,1,2
WH_115896,31094,4,0,3
WH_115897,27105,7,0,2
WH_115898,19104,3,1,3
WH_115899,31071,7,0,6
WH_115900,22118,0,1,3
WH_115901,29140,4,0,2
WH_115902,20103,1,0,3
WH_115903,26103,1,1,5
WH_115904,37102,7,2,6
WH_115905,5123,4,1,1
WH_115906,24090,6,0,3
WH_115907,40060,1,0,5
WH_115909,40130,1,0,4
WH_115910,16084,1,0,5
WH_115911,10121,3,2,3
WH_115912,40065,3,0,2
WH_115913,18149,0,0,3
WH_115914,16130,5,2,2
WH_115915,33108,5,2,5
WH_115916,35114,8,0,3
WH_115917,34071,2,0,6
WH_115918,12077,5,1,6
WH_115919,6101,7,0,3
WH_115920,33089,3,0,3
WH_115921,23112,7,0,4
WH_115922,55112,1,0,3
WH_115923,21139,5,2,6
WH_115924,19096,1,0,2
WH_115925,23058,7,0,5
WH_115926,29136,7,0,2
WH_115927,50136,3,0,4
WH_115928,18150,2,0,4
WH_115929,33113,3,0,3
WH_115930,29091,1,0,5
WH_115932,10081,4,0,3
WH_115933,27072,8,2,3
WH_115934,29118,8,2,6
WH_115935,37089,0,0,2
WH_115936,27072,0,0,6
WH_115937,23065,3,0,3
WH_115938,29075,7,1,5
WH_115939,26110,1,1,6
WH_115940,28114,2,1,5
WH_115941,29096,3,0,3
WH_115942,8128,0,3,1
WH_115943,11102,3,3,4
WH_115944,27065,0,0,1
WH_115945,18085,8,1,5
WH_115946,30068,5,3,2
WH_115947,42102,0,0,6
WH_115948,12123,7,2,5
WH_115949,50128,7,0,6
WH_115950,27083,4,0,6
WH_115951,30123,5,0,6
WH_115952,17117,8,0,4
WH_115953,28062,8,1,2
WH_115954,35071,4,0,4
WH_115955,5132,4,0,1
WH_115956,26130,3,0,2
WH_115957,11088,5,0,4
WH_115958,13090,6,1,6
WH_115959,32139,7,0,3
WH_115960,28139,1,3,5
WH_115961,16091,5,0,6
WH_115962,17126,6,0,5
WH_115963,7105,3,4,3
WH_115964,17076,8,0,2
WH_115965,8066,3,3,5
WH_115966,13130,3,0,4
WH_115967,28139,3,0,5
WH_115968,26101,4,0,3
WH_115969,5062,2,1,3
WH_115970,17065,0,2,4
WH_115971,15101,6,1,2
WH_115972,26095,7,3,2
WH_115973,21141,7,0,6
WH_115974,30061,0,0,2
WH_115975,22130,6,4,3
WH_115976,34089,0,0,4
WH_115977,24138,5,0,5
WH_115978,20132,3,0,1
WH_115979,19078,5,0,5
WH_115980,43058,6,0,6
WH_115981,4095,2,2,3
WH_115982,20090,1,2,3
WH_115983,20142,0,2,5
WH_115984,28063,1,0,4
WH_115985,16077,8,0,6
WH_115986,42062,0,0,5
WH_115987,5068,8,2,1
WH_115988,22138,8,2,2
WH_115989,25074,4,0,6
WH_115990,8110,6,3,3
WH_115991,25090,5,0,6
WH_115992,49055,1,0,3
WH_115993,21108,1,0,2
WH_115994,25072,4,3,6
WH_115995,20133,3,1,2
WH_115996,8099,8,1,2
WH_115997,18132,6,0,3
WH_115998,21080,3,0,2
WH_115999,32134,5,1,6
WH_116000,18058,4,0,3
WH_116001,25118,0,2,2
WH_116002,20137,4,4,5
WH_116004,31116,3,0,4
WH_116005,30068,5,0,4
WH_116006,20109,8,5,2
WH_116007,24095,6,0,3
WH_116008,10057,5,0,5
WH_116009,23056,5,0,6
WH_116010,7087,1,0,4
WH_116011,31074,8,0,3
WH_116012,29071,6,2,3
WH_116013,31129,7,1,4
WH_116014,7112,4,0,1
WH_116015,14116,5,1,3
WH_116016,15095,8,2,5
WH_116017,25056,2,0,4
WH_116018,8123,3,0,1
WH_116019,25055,4,3,5
WH_116020,18141,0,0,2
WH_116021,20148,6,2,2
WH_116022,12076,8,3,2
WH_116023,18135,6,1,6
WH_116025,12094,3,0,5
WH_116026,5101,5,0,2
WH_116027,34065,4,0,2
WH_116028,23112,3,0,2
WH_116029,5140,5,3,3
WH_116030,20078,2,0,1
WH_116031,21085,8,3,2
WH_116032,22071,8,0,3
WH_116033,51082,8,0,5
WH_116034,5134,2,4,3
WH_116035,20146,5,0,1
WH_116036,32060,7,2,5
WH_116037,28102,0,0,5
WH_116038,7141,6,0,1
WH_116039,30085,1,0,2
WH_116040,20144,6,1,2
WH_116041,18094,1,1,5
WH_116042,23079,3,0,2
WH_116043,10080,5,1,4
WH_116044,11130,1,0,1
WH_116045,31110,4,2,2
WH_116046,52105,1,0,5
WH_116047,38122,5,1,3
WH_116048,12136,8,0,4
WH_116049,45088,1,0,3
WH_116050,36121,7,0,6
WH_116051,15082,7,2,5
WH_116052,32061,7,0,5
WH_116053,13111,3,0,6
WH_116054,20059,1,0,3
WH_116055,17090,8,2,3
WH_116056,32071,0,1,6
WH_116057,29129,1,4,2
WH_116058,17090,8,0,3
WH_116059,43112,1,0,3
WH_116060,7138,7,0,1
WH_116061,30127,1,1,5
WH_116062,30077,6,1,5
WH_116063,31098,6,0,3
WH_116064,7124,0,0,4
WH_116065,7060,6,0,2
WH_116066,27099,6,5,5
WH_116067,32144,6,1,6
WH_116068,28103,2,0,2
WH_116069,14150,3,0,4
WH_116070,44127,8,0,4
WH_116071,7117,8,0,5
WH_116072,27069,4,0,5
WH_116073,22087,7,1,5
WH_116074,26107,6,0,6
WH_116075,22062,8,1,6
WH_116076,11109,1,0,5
WH_116077,33065,3,0,2
WH_116078,28098,0,3,3
WH_116079,7115,1,1,2
WH_116080,25072,2,0,2
WH_116081,33088,7,0,3
WH_116082,18118,0,1,3
WH_116083,11088,6,2,6
WH_116084,5095,0,1,4
WH_116085,7063,8,0,3
WH_116086,10147,0,0,4
WH_116087,22085,4,0,3
WH_116088,28090,6,1,5
WH_116089,33081,4,1,5
WH_116090,18113,7,1,4
WH_116091,7132,5,0,4
WH_116092,13128,7,5,6
WH_116093,21121,8,0,5
WH_116094,6101,4,0,3
WH_116095,6064,6,2,2
WH_116096,28087,8,0,6
WH_116097,33068,0,1,6
WH_116098,35113,0,0,4
WH_116099,24090,6,1,4
WH_116101,31108,1,4,4
WH_116102,27056,3,0,4
WH_116103,22082,8,0,2
WH_116104,30091,2,0,1
WH_116105,20080,1,0,2
WH_116106,21124,2,2,4
WH_116107,32137,4,0,3
WH_116108,16065,8,0,3
WH_116109,31111,6,0,3
WH_116110,28102,3,1,5
WH_116111,19062,5,0,3
WH_116112,7137,8,1,2
WH_116113,16104,3,0,4
WH_116114,7117,8,0,3
WH_116115,7091,0,3,1
WH_116116,37059,4,0,3
WH_116117,30144,4,0,4
WH_116118,5146,8,0,1
WH_116119,26123,3,1,1
WH_116120,19129,7,0,5
WH_116122,18115,3,0,3
WH_116123,20087,4,0,6
WH_116124,41095,4,0,5
WH_116125,15141,0,3,6
WH_116126,13121,0,0,2
WH_116127,10068,0,1,2
WH_116128,27072,0,0,3
WH_116129,43066,3,1,3
WH_116130,32085,2,0,5
WH_116131,42108,7,0,5
WH_116132,16067,0,2,1
WH_116134,24118,5,1,6
WH_116135,28126,2,0,6
WH_116136,5098,7,2,2
WH_116137,30091,7,3,2
WH_116138,33079,1,0,4
WH_116139,20125,6,0,4
WH_116140,21116,2,1,4
WH_116141,23059,5,0,4
WH_116142,18090,7,3,5
WH_116143,12125,7,1,3
WH_116144,32113,3,0,4
WH_116145,33067,6,0,2
WH_116146,28125,5,0,3
WH_116147,34095,8,3,4
WH_116148,20132,5,1,3
WH_116149,49102,5,1,3
WH_116150,33057,7,0,2
WH_116151,22081,7,0,6
WH_116152,37113,3,0,4
WH_116153,12126,2,0,1
WH_116154,32108,2,0,5
WH_116155,5065,7,1,1
WH_116156,29151,7,0,5
WH_116157,38108,2,1,6
WH_116158,21136,3,0,3
WH_116159,39133,1,0,4
WH_116160,21134,1,2,5
WH_116161,22060,3,0,5
WH_116162,32067,6,1,6
WH_116163,10102,0,0,2
WH_116164,47124,1,2,2
WH_116165,24060,6,0,1
WH_116166,15108,3,2,5
WH_116167,29084,3,1,6
WH_116168,49125,8,0,4
WH_116169,32142,0,0,2
WH_116170,23126,5,0,3
WH_116171,27121,1,5,2
WH_116172,30133,3,1,5
WH_116173,40055,8,2,4
WH_116174,15139,0,2,3
WH_116175,28146,8,0,4
WH_116176,43119,7,0,3
WH_116177,29062,3,0,2
WH_116178,24130,1,1,3
WH_116179,34083,4,0,2
WH_116180,17127,3,1,3
WH_116181,41076,5,1,6
WH_116182,21110,6,4,4
WH_116183,26094,0,0,6
WH_116184,6142,8,0,3
WH_116185,44062,0,1,5
WH_116187,8147,2,0,2
WH_116188,50096,6,1,6
WH_116189,35099,0,0,5
WH_116190,33103,6,0,3
WH_116191,26063,6,1,5
WH_116192,21078,2,0,5
WH_116193,30079,0,0,6
WH_116194,29096,8,0,3
WH_116195,16114,6,1,5
WH_116196,17137,0,0,2
WH_116197,22119,0,0,4
WH_116198,35128,0,0,3
WH_116199,24069,3,0,5
WH_116200,33106,0,1,3
WH_116201,20072,3,0,3
WH_116202,19095,1,4,6
WH_116203,10062,1,0,2
WH_116204,23074,3,0,5
WH_116205,10126,5,0,1
WH_116206,27096,6,0,5
WH_116207,33151,6,0,3
WH_116208,6125,5,1,5
WH_116209,14085,2,4,5
WH_116210,27078,3,2,2
WH_116211,41134,4,0,2
WH_116212,16103,6,4,1
WH_116213,27105,3,1,3
WH_116214,16151,8,2,6
WH_116215,31113,5,5,5
WH_116216,51119,6,0,3
WH_116217,11080,1,0,2
WH_116218,7107,5,0,6
WH_116219,25056,3,2,5
WH_116220,16128,6,0,6
WH_116222,7110,0,2,4
WH_116223,24070,0,0,2
WH_116225,41076,6,0,6
WH_116226,15139,2,1,3
WH_116227,29105,0,0,3
WH_116228,10125,7,1,6
WH_116230,34092,6,1,3
WH_116231,9111,8,5,1
WH_116232,27089,5,0,1
WH_116233,46062,7,0,6
WH_116234,29113,3,4,5
WH_116235,7088,8,1,1
WH_116236,18081,2,3,4
WH_116237,5129,2,3,6
WH_116238,24092,0,0,6
WH_116239,5057,4,0,1
WH_116240,6055,7,0,2
WH_116241,19081,6,3,4
WH_116242,17146,8,0,6
WH_116243,12102,0,3,4
WH_116244,9099,1,0,2
WH_116245,6129,1,4,5
WH_116246,20144,3,3,5
WH_116247,7118,5,0,1
WH_116248,30134,6,5,6
WH_116249,26091,7,1,2
WH_116250,8086,1,0,3
WH_116251,25138,2,1,4
WH_116252,15059,6,0,6
WH_116253,22141,0,0,3
WH_116254,39079,6,0,5
WH_116255,39116,7,0,5
WH_116257,14064,8,0,3
WH_116258,16064,1,0,1
WH_116259,16134,0,0,4
WH_116260,8090,1,1,6
WH_116261,21059,7,1,4
WH_116262,33147,5,0,4
WH_116263,45079,7,0,6
WH_116264,5146,7,0,3
WH_116265,12120,1,0,3
WH_116266,33083,7,0,5
WH_116267,27103,7,1,4
WH_116268,25069,0,0,3
WH_116269,19082,8,1,6
WH_116270,24061,3,0,4
WH_116271,29146,7,2,6
WH_116272,31069,0,0,2
WH_116273,42091,0,0,3
WH_116274,29134,3,0,2
WH_116275,27079,0,0,4
WH_116276,36130,5,0,6
WH_116277,41097,0,1,3
WH_116278,11130,1,3,3
WH_116279,9128,8,1,2
WH_116280,5114,1,0,2
WH_116281,42104,6,1,2
WH_116282,20150,5,1,5
WH_116283,29065,7,0,6
WH_116284,5058,8,0,3
WH_116285,32089,1,0,2
WH_116286,21110,7,0,6
WH_116287,8143,4,0,2
WH_116288,17131,7,4,3
WH_116290,27080,2,2,2
WH_116291,14090,6,3,5
WH_116292,17108,5,2,2
WH_116293,16057,3,0,4
WH_116294,29134,7,0,3
WH_116295,28089,1,0,5
WH_116296,30139,3,0,1
WH_116297,15130,6,3,5
WH_116298,29095,7,0,5
WH_116300,32088,3,0,2
WH_116302,26124,7,0,4
WH_116303,27130,4,0,3
WH_116304,31076,0,1,2
WH_116305,31110,5,0,6
WH_116306,6146,8,0,5
WH_116307,6149,4,0,4
WH_116308,17091,8,0,3
WH_116309,37092,5,0,3
WH_116310,33149,8,0,2
WH_116311,7143,6,0,1
WH_116312,14090,3,1,6
WH_116313,5151,1,3,2
WH_116314,6064,1,0,1
WH_116315,15140,0,3,6
WH_116316,7133,6,0,3
WH_116317,19140,7,0,4
WH_116318,26094,7,0,6
WH_116319,27113,7,0,2
WH_116320,31109,0,0,6
WH_116321,11092,2,0,2
WH_116322,12072,1,0,5
WH_116323,30125,0,0,5
WH_116324,30079,1,0,6
WH_116325,8056,4,2,2
WH_116326,34112,2,1,3
WH_116327,10138,6,5,3
WH_116328,7078,5,0,1
WH_116329,4124,7,0,3
WH_116330,15118,3,3,3
WH_116331,40103,7,0,5
WH_116332,14100,7,0,3
WH_116333,15086,6,1,4
WH_116334,6066,8,3,2
WH_116335,31096,6,2,6
WH_116336,27055,1,0,2
WH_116337,24085,6,0,5
WH_116338,14143,7,1,3
WH_116339,25129,3,0,5
WH_116340,27114,6,0,5
WH_116341,17130,8,1,5
WH_116342,12124,7,0,6
WH_116343,23084,0,1,3
WH_116344,18087,6,0,6
WH_116345,11065,2,2,4
WH_116346,29104,6,1,6
WH_116347,30117,7,0,6
WH_116348,21127,3,0,4
WH_116350,21113,7,2,5
WH_116351,37059,6,1,4
WH_116352,26066,3,1,6
WH_116353,19096,5,0,3
WH_116354,16090,0,0,5
WH_116355,48100,5,0,6
WH_116356,44063,5,0,4
WH_116357,43116,8,0,5
WH_116358,31070,1,0,4
WH_116359,24137,4,3,6
WH_116360,17067,7,0,1
WH_116361,21086,3,0,6
WH_116362,42066,8,0,5
WH_116363,16128,8,0,6
WH_116364,21129,7,0,3
WH_116365,26102,6,0,2
WH_116366,21104,3,1,2
WH_116367,12062,8,1,5
WH_116368,16064,0,2,4
WH_116369,31078,3,4,4
WH_116370,15117,3,0,6
WH_116371,32119,0,1,3
WH_116372,30076,5,0,4
WH_116373,26145,8,0,6
WH_116374,5072,4,0,1
WH_116375,31126,2,3,2
WH_116376,14074,1,0,4
WH_116377,38121,7,2,6
WH_116378,26117,2,0,5
WH_116379,17149,0,0,5
WH_116380,15108,6,1,4
WH_116381,39076,3,1,4
WH_116382,7106,5,3,1
WH_116383,35131,5,0,4
WH_116384,8096,4,1,2
WH_116386,29134,0,2,3
WH_116387,23059,0,0,6
WH_116388,9103,1,1,3
WH_116390,49059,4,0,4
WH_116391,15058,6,0,1
WH_116392,32123,8,0,5
WH_116393,28117,2,0,2
WH_116394,5141,3,0,1
WH_116395,7060,6,3,5
WH_116396,46121,1,0,2
WH_116397,31148,8,0,2
WH_116398,6149,8,3,1
WH_116399,37095,6,1,6
WH_116400,28072,7,0,2
WH_116401,29120,1,0,5
WH_116402,19089,7,0,6
WH_116403,30081,7,0,3
WH_116404,17101,0,4,2
WH_116405,21132,5,0,5
WH_116406,24076,0,1,5
WH_116407,15126,1,5,3
WH_116408,42075,4,1,6
WH_116409,40137,3,0,3
WH_116410,21084,5,0,1
WH_116411,7146,2,0,1
WH_116412,26073,6,0,4
WH_116413,5095,8,3,1
WH_116414,8087,4,0,2
WH_116415,5085,1,2,3
WH_116416,25140,3,0,6
WH_116417,10126,8,0,2
WH_116418,28086,0,0,3
WH_116419,13085,0,3,5
WH_116420,5062,7,1,1
WH_116421,23083,7,0,3
WH_116422,28067,8,1,5
WH_116423,24085,0,1,5
WH_116424,13146,6,5,5
WH_116425,25114,0,4,3
WH_116426,20123,1,0,3
WH_116427,13103,7,2,5
WH_116428,28138,1,2,2
WH_116429,45095,2,0,3
WH_116430,18116,8,1,5
WH_116432,26090,7,0,3
WH_116433,15103,7,3,1
WH_116434,11129,8,0,3
WH_116435,32139,6,0,6
WH_116436,25121,1,0,4
WH_116437,18107,8,3,3
WH_116438,39136,1,0,4
WH_116439,24132,1,1,3
WH_116440,27126,6,0,4
WH_116441,12069,0,0,3
WH_116442,7142,5,0,2
WH_116443,36126,7,0,4
WH_116444,28135,3,0,3
WH_116445,38071,7,0,5
WH_116446,29125,5,3,6
WH_116447,42097,6,0,4
WH_116448,20143,7,3,5
WH_116449,18105,4,2,2
WH_116450,33089,5,0,5
WH_116451,24143,6,0,4
WH_116452,31065,4,0,4
WH_116453,23093,4,0,4
WH_116455,13061,6,3,4
WH_116456,19075,7,0,2
WH_116457,20070,2,4,4
WH_116458,8118,3,2,4
WH_116459,27119,3,0,2
WH_116460,27120,4,2,2
WH_116461,10057,3,0,2
WH_116462,31095,4,0,4
WH_116463,9090,7,0,3
WH_116464,28060,6,0,5
WH_116465,13105,0,3,6
WH_116466,21147,0,0,3
WH_116467,22072,8,3,5
WH_116468,26151,6,1,5
WH_116469,36127,8,1,6
WH_116470,5103,3,1,2
WH_116471,53082,1,0,5
WH_116472,20101,0,0,2
WH_116473,9130,1,0,3
WH_116474,46065,7,1,5
WH_116475,31110,4,1,5
WH_116476,21140,5,0,5
WH_116477,21097,7,0,2
WH_116478,18128,1,0,5
WH_116479,21114,4,1,4
WH_116480,30098,5,0,3
WH_116481,24131,3,0,3
WH_116482,22117,7,2,6
WH_116483,15122,4,1,4
WH_116484,17134,5,2,4
WH_116485,48107,0,0,4
WH_116486,24149,6,0,5
WH_116487,32093,7,0,3
WH_116488,16057,5,1,1
WH_116489,26116,8,0,4
WH_116490,5083,6,3,2
WH_116491,38126,5,0,3
WH_116492,32109,4,1,5
WH_116493,8070,8,0,3
WH_116494,6081,3,1,1
WH_116495,6066,1,3,5
WH_116496,31124,3,1,6
WH_116497,44132,1,1,6
WH_116498,8146,1,0,2
WH_116499,31074,4,1,5
WH_116500,12147,0,0,2
WH_116501,17090,6,0,6
WH_116502,17138,6,2,1
WH_116503,13082,7,3,4
WH_116504,29080,3,0,6
WH_116505,12079,3,0,6
WH_116506,17121,3,2,2
WH_116507,32109,5,0,6
WH_116508,44103,8,0,5
WH_116509,46060,4,0,4
WH_116510,24110,6,2,6
WH_116511,43057,0,0,2
WH_116512,5097,4,1,3
WH_116513,9088,6,0,3
WH_116514,6060,4,0,2
WH_116515,31093,4,0,4
WH_116517,41109,6,3,2
WH_116518,13055,7,0,5
WH_116519,25098,7,2,6
WH_116520,25127,7,0,2
WH_116521,31114,8,0,5
WH_116522,18085,0,4,4
WH_116523,19066,8,0,4
WH_116524,30130,0,0,3
WH_116525,25085,8,3,3
WH_116526,17076,8,0,5
WH_116527,31126,7,0,1
WH_116528,5061,0,0,1
WH_116529,20074,0,0,3
WH_116530,9128,8,1,5
WH_116531,33133,4,3,3
WH_116532,28081,7,1,5
WH_116533,31070,6,2,2
WH_116534,20055,7,0,3
WH_116535,46095,8,0,2
WH_116536,13089,6,4,5
WH_116537,25111,3,0,2
WH_116538,31097,3,4,2
WH_116539,9145,8,2,6
WH_116540,6127,0,0,3
WH_116541,7140,5,1,6
WH_116542,31106,5,0,6
WH_116543,6114,8,2,5
WH_116544,24110,0,3,2
WH_116545,29058,5,3,6
WH_116546,23087,7,1,6
WH_116547,7145,8,1,1
WH_116548,31063,0,0,5
WH_116549,30088,2,1,4
WH_116550,8135,5,0,2
WH_116551,36141,8,0,3
WH_116552,15085,0,3,5
WH_116554,22085,2,3,3
WH_116555,34149,1,1,5
WH_116556,5064,1,3,2
WH_116557,26115,0,2,6
WH_116558,29126,2,0,3
WH_116559,9117,0,2,2
WH_116560,22086,7,3,1
WH_116561,7108,5,0,2
WH_116562,34066,3,0,5
WH_116563,24127,3,0,6
WH_116564,24087,2,0,5
WH_116565,22135,8,0,3
WH_116566,29082,3,0,3
WH_116567,25121,4,0,2
WH_116568,17145,0,0,4
WH_116569,32146,1,0,4
WH_116570,14062,6,0,2
WH_116571,30146,8,0,5
WH_116572,31101,2,1,2
WH_116573,6063,0,0,2
WH_116574,26143,7,0,4
WH_116575,18059,4,0,5
WH_116576,39077,0,0,6
WH_116577,29093,7,0,2
WH_116578,34079,7,0,6
WH_116579,22136,8,0,5
WH_116580,32148,3,0,2
WH_116581,14094,7,4,1
WH_116582,26129,1,0,4
WH_116583,30102,8,2,2
WH_116584,30129,0,0,2
WH_116585,5117,4,1,1
WH_116586,36133,7,0,6
WH_116587,17110,3,3,2
WH_116588,15084,6,3,3
WH_116589,41089,5,0,5
WH_116590,5135,6,3,2
WH_116591,29114,6,0,3
WH_116593,28091,7,4,6
WH_116594,48134,3,0,3
WH_116595,48096,6,0,3
WH_116596,17132,5,0,4
WH_116597,44072,4,1,6
WH_116598,8067,4,0,5
WH_116599,12144,4,1,6
WH_116600,8115,4,1,6
WH_116601,21123,7,0,3
WH_116602,13102,6,0,4
WH_116603,18109,6,2,5
WH_116604,22057,3,0,5
WH_116605,22124,2,0,5
WH_116606,15082,4,0,5
WH_116607,26118,6,3,6
WH_116608,21085,3,0,6
WH_116609,25101,7,0,2
WH_116610,18066,2,2,5
WH_116611,18113,0,1,4
WH_116612,15075,0,3,3
WH_116613,14089,0,0,4
WH_116614,21069,3,0,3
WH_116615,16094,3,1,5
WH_116616,21113,2,0,6
WH_116617,28117,5,0,5
WH_116618,21103,3,2,5
WH_116619,38097,4,0,4
WH_116620,19095,8,3,6
WH_116621,30132,5,0,2
WH_116622,6075,5,0,2
WH_116623,24076,3,0,5
WH_116624,13092,5,2,3
WH_116625,29071,6,0,4
WH_116626,19127,1,0,2
WH_116627,10083,2,0,3
WH_116628,7089,4,0,5
WH_116629,14122,7,0,1
WH_116630,14101,3,0,3
WH_116631,20146,6,3,3
WH_116632,13132,8,0,2
WH_116634,5134,0,0,1
WH_116635,15129,4,1,6
WH_116636,34072,2,0,5
WH_116637,32076,4,0,3
WH_116638,21087,1,4,4
WH_116639,19116,7,2,3
WH_116640,31076,6,0,2
WH_116641,32078,8,0,4
WH_116642,7088,5,3,5
WH_116643,29060,7,0,6
WH_116644,36090,3,0,4
WH_116645,32068,1,0,5
WH_116646,17101,6,1,3
WH_116647,22130,5,3,3
WH_116648,7068,3,3,2
WH_116649,5110,6,2,1
WH_116650,6112,3,1,1
WH_116651,25095,0,2,4
WH_116652,17062,1,0,1
WH_116654,10139,7,0,1
WH_116655,32087,4,0,5
WH_116656,29061,5,1,4
WH_116657,11112,0,4,3
WH_116658,53067,1,0,5
WH_116659,28084,7,0,2
WH_116660,8062,6,0,2
WH_116661,28055,3,0,3
WH_116662,23093,2,0,6
WH_116663,24075,5,0,3
WH_116664,8146,8,3,2
WH_116665,35144,0,1,2
WH_116666,26133,4,0,6
WH_116667,33109,7,0,2
WH_116668,28121,7,0,2
WH_116669,41059,3,1,2
WH_116670,23074,6,0,4
WH_116671,26136,8,0,3
WH_116672,31095,4,0,6
WH_116673,28096,1,0,4
WH_116674,40130,5,0,2
WH_116675,13141,3,0,5
WH_116676,14146,1,0,3
WH_116677,10089,5,0,2
WH_116678,14140,6,2,5
WH_116679,8066,5,2,3
WH_116680,8071,7,0,1
WH_116681,43075,5,0,4
WH_116682,36119,6,0,2
WH_116683,21107,3,0,4
WH_116684,36067,6,1,2
WH_116685,27130,1,0,5
WH_116686,34104,0,0,6
WH_116687,20060,7,5,3
WH_116688,24087,4,0,4
WH_116689,12106,6,1,4
WH_116690,35142,8,0,2
WH_116691,14136,7,0,3
WH_116692,20087,3,2,2
WH_116693,21151,1,0,3
WH_116694,7106,6,0,1
WH_116695,42070,0,0,3
WH_116696,16113,1,1,3
WH_116697,20066,3,2,3
WH_116698,31118,6,0,4
WH_116701,27138,5,0,5
WH_116702,19079,8,0,4
WH_116703,8095,6,3,2
WH_116704,28146,3,0,2
WH_116705,32120,5,0,6
WH_116706,22116,8,0,4
WH_116707,51077,4,0,4
WH_116708,30075,1,0,6
WH_116709,17135,1,1,4
WH_116710,21081,8,1,2
WH_116711,41084,4,0,4
WH_116712,24098,8,2,2
WH_116714,14090,3,3,1
WH_116715,45086,4,1,5
WH_116716,16081,2,4,5
WH_116717,8069,8,0,1
WH_116718,33122,0,0,3
WH_116719,26115,7,1,6
WH_116720,45094,3,0,3
WH_116721,30133,8,0,4
WH_116722,23078,5,0,3
WH_116723,31091,4,4,3
WH_116724,27105,0,0,3
WH_116725,23095,6,1,6
WH_116726,30108,8,0,4
WH_116727,12072,7,0,2
WH_116728,17095,5,0,5
WH_116729,30061,5,0,3
WH_116730,23129,3,0,2
WH_116731,17137,8,0,4
WH_116732,25131,8,0,6
WH_116733,30139,0,4,6
WH_116734,30123,1,0,4
WH_116735,34145,1,3,4
WH_116736,29139,8,1,3
WH_116738,7103,5,0,3
WH_116739,22080,6,1,5
WH_116740,13086,0,2,6
WH_116741,34148,2,0,4
WH_116742,26149,0,0,6
WH_116743,16086,0,0,1
WH_116744,17142,1,3,2
WH_116745,13148,6,0,1
WH_116746,33126,8,0,5
WH_116747,31149,2,0,6
WH_116748,8072,4,0,2
WH_116749,14110,0,0,4
WH_116750,31139,8,0,4
WH_116751,27135,6,0,6
WH_116752,31131,5,0,3
WH_116753,32135,7,1,5
WH_116754,6080,7,0,1
WH_116755,18099,6,0,2
WH_116756,13136,3,0,1
WH_116757,6142,1,0,1
WH_116758,23055,0,1,6
WH_116759,10128,0,0,5
WH_116760,27068,3,1,6
WH_116761,27083,4,0,6
WH_116762,46111,3,0,2
WH_116763,25060,8,0,6
WH_116764,13120,0,2,5
WH_116765,27106,7,0,5
WH_116766,6066,6,0,2
WH_116767,9107,2,0,2
WH_116768,28107,4,0,2
WH_116769,17079,0,0,6
WH_116770,26108,0,0,2
WH_116771,18121,3,1,6
WH_116772,15065,2,3,3
WH_116773,21139,6,1,2
WH_116774,43136,2,0,2
WH_116775,5098,4,0,2
WH_116776,23134,7,0,3
WH_116777,22118,6,0,2
WH_116778,19143,0,2,3
WH_116779,15143,5,0,4
WH_116780,15086,3,0,5
WH_116781,8128,6,0,2
WH_116782,6133,6,2,3
WH_116783,41138,6,0,3
WH_116784,33097,8,2,4
WH_116785,11147,6,0,2
WH_116786,32074,8,0,6
WH_116787,15100,3,2,3
WH_116788,14117,5,0,5
WH_116789,13057,8,0,1
WH_116790,31064,2,0,6
WH_116791,37094,3,3,6
WH_116792,20094,5,0,2
WH_116793,14069,3,0,4
WH_116794,29092,4,0,2
WH_116795,9148,1,2,2
WH_116796,40066,3,0,5
WH_116797,16089,8,0,2
WH_116798,43056,4,0,2
WH_116799,46121,1,2,5
WH_116800,12067,4,0,1
WH_116801,15141,8,2,6
WH_116802,6117,4,0,3
WH_116803,29101,4,0,6
WH_116804,21081,6,2,5
WH_116805,28116,7,1,5
WH_116806,16104,8,2,2
WH_116807,16083,4,0,4
WH_116808,35093,5,2,4
WH_116809,36078,7,0,4
WH_116810,15109,7,4,6
WH_116811,34107,1,0,5
WH_116812,24148,2,1,1
WH_116813,21112,3,0,2
WH_116814,30119,6,1,5
WH_116815,24093,1,2,3
WH_116816,17120,6,3,6
WH_116817,19105,6,5,6
WH_116818,5131,5,0,1
WH_116819,11123,7,1,3
WH_116820,31133,0,2,5
WH_116821,19107,4,5,4
WH_116822,26147,2,1,2
WH_116823,31135,4,0,4
WH_116824,32090,6,0,3
WH_116825,11136,5,1,5
WH_116826,34063,4,2,4
WH_116827,29071,1,0,4
WH_116828,23124,6,1,5
WH_116829,30115,8,0,2
WH_116830,7137,6,0,1
WH_116831,42094,2,0,5
WH_116832,7107,8,0,3
WH_116833,34126,2,0,4
WH_116834,17116,6,0,2
WH_116835,29083,5,1,2
WH_116836,6136,2,0,2
WH_116837,14078,3,1,5
WH_116838,14091,0,1,4
WH_116839,34091,0,1,6
WH_116840,5136,7,5,3
WH_116841,29056,4,0,4
WH_116842,21109,1,2,4
WH_116843,19076,3,2,4
WH_116844,18098,0,0,2
WH_116845,5081,3,0,2
WH_116846,30139,5,2,2
WH_116847,25150,4,1,3
WH_116848,41090,8,0,4
WH_116849,23137,2,0,4
WH_116850,14137,3,0,2
WH_116851,24113,0,0,6
WH_116852,23142,5,0,5
WH_116853,36087,7,0,6
WH_116854,5126,8,3,3
WH_116855,30090,3,2,6
WH_116856,25136,3,2,5
WH_116857,25058,7,0,4
WH_116859,12121,7,0,2
WH_116860,23107,6,1,5
WH_116861,25088,2,3,2
WH_116862,7104,3,0,3
WH_116863,34078,6,0,5
WH_116864,22129,2,0,3
WH_116867,30107,6,0,6
WH_116868,38145,0,0,3
WH_116869,29122,5,0,3
WH_116870,32122,1,0,3
WH_116871,29058,5,0,5
WH_116872,27141,3,0,3
WH_116873,19064,1,1,1
WH_116874,6074,4,0,1
WH_116875,18146,4,0,5
WH_116876,28074,2,0,2
WH_116877,31124,1,0,5
WH_116878,6105,1,1,2
WH_116879,19139,1,0,5
WH_116880,15093,4,0,5
WH_116881,20078,4,0,6
WH_116882,13105,8,0,3
WH_116883,23121,4,3,6
WH_116884,30072,4,3,4
WH_116885,7074,6,0,1
WH_116886,26109,0,0,3
WH_116887,24092,5,2,6
WH_116888,23056,4,0,3
WH_116889,20140,0,0,1
WH_116890,23120,0,0,5
WH_116891,7094,7,0,1
WH_116893,30138,0,1,2
WH_116894,36129,0,0,3
WH_116895,41128,1,2,2
WH_116896,7075,0,0,3
WH_116897,46138,1,0,2
WH_116898,26105,7,0,3
WH_116899,7067,7,3,4
WH_116900,14121,3,2,3
WH_116901,49098,4,0,2
WH_116902,14065,1,2,1
WH_116903,19112,0,5,2
WH_116904,20068,4,1,6
WH_116905,16062,5,2,5
WH_116906,39145,5,0,5
WH_116907,33129,2,2,4
WH_116908,23078,4,1,4
WH_116909,23072,0,0,4
WH_116910,12075,7,0,4
WH_116912,27089,3,0,3
WH_116913,31074,7,4,6
WH_116914,21094,1,0,2
WH_116915,40122,8,0,2
WH_116916,42087,7,0,3
WH_116917,17055,5,0,4
WH_116919,8064,6,1,1
WH_116920,6131,8,4,3
WH_116921,24145,2,0,6
WH_116922,13144,4,1,5
WH_116923,19100,0,0,2
WH_116925,5102,4,2,1
WH_116926,6151,1,1,3
WH_116927,8136,2,2,4
WH_116928,31057,4,3,4
WH_116929,24083,1,0,2
WH_116930,13057,7,0,1
WH_116931,19090,5,1,5
WH_116932,18104,4,1,4
WH_116933,8056,5,0,3
WH_116934,13104,6,3,4
WH_116935,29085,3,0,2
WH_116936,6148,5,0,3
WH_116937,20126,6,3,6
WH_116938,5103,0,1,1
WH_116939,35066,6,4,4
WH_116940,6142,7,0,3
WH_116942,26064,1,0,5
WH_116943,9093,3,2,3
WH_116944,19128,8,2,2
WH_116945,47133,2,0,4
WH_116946,42109,7,0,6
WH_116947,23081,0,0,2
WH_116948,7068,6,0,2
WH_116949,23075,7,4,5
WH_116950,24145,8,1,6
WH_116951,34136,5,2,4
WH_116952,25068,8,0,4
WH_116953,23057,6,1,6
WH_116954,25140,3,1,3
WH_116955,28102,4,0,6
WH_116956,11099,7,2,2
WH_116957,16072,4,2,6
WH_116958,7098,3,5,4
WH_116959,6138,3,0,2
WH_116960,29119,4,0,4
WH_116961,8107,8,3,2
WH_116962,32062,1,0,3
WH_116963,17066,3,0,5
WH_116964,31104,2,0,2
WH_116965,30062,0,1,3
WH_116966,22071,0,0,5
WH_116967,7070,2,0,6
WH_116968,33125,1,0,4
WH_116970,12125,1,1,6
WH_116971,36102,4,1,6
WH_116972,29065,0,0,4
WH_116973,7145,6,0,3
WH_116974,49134,7,0,2
WH_116975,5058,0,2,3
WH_116976,16122,3,1,6
WH_116977,25077,6,3,4
WH_116978,28112,0,2,3
WH_116979,20106,3,1,6
WH_116980,5073,3,0,3
WH_116981,27091,0,0,1
WH_116982,16110,8,0,4
WH_116983,25150,7,0,2
WH_116984,27107,2,0,2
WH_116985,11108,7,1,4
WH_116987,18093,8,5,5
WH_116988,35105,0,0,3
WH_116989,28114,6,0,6
WH_116990,13060,1,1,3
WH_116991,30126,5,0,5
WH_116992,13100,1,2,4
WH_116993,27074,1,0,3
WH_116994,7115,3,2,2
WH_116995,47059,8,0,5
WH_116996,6085,4,0,3
WH_116997,22057,8,0,1
WH_116998,24118,6,0,2
WH_116999,23092,6,0,4
WH_117000,22129,4,0,3
WH_117001,28113,3,0,6
WH_117002,13105,5,0,1
WH_117003,7096,8,0,2
WH_117004,5083,6,0,1
WH_117005,13142,2,0,2
WH_117006,25069,5,3,4
WH_117007,51069,5,0,4
WH_117008,30087,6,0,5
WH_117009,27072,3,1,6
WH_117010,33077,6,1,3
WH_117011,29087,3,0,6
WH_117012,16150,2,0,3
WH_117013,33138,6,0,3
WH_117014,10142,8,0,6
WH_117015,31119,1,1,4
WH_117016,21119,6,0,2
WH_117017,31148,5,4,5
WH_117018,30073,3,0,4
WH_117019,48106,7,0,3
WH_117020,47062,4,1,4
WH_117021,26057,1,1,6
WH_117022,22086,1,0,4
WH_117023,26150,6,1,5
WH_117024,19110,8,3,2
WH_117025,39130,1,0,6
WH_117026,22061,4,0,5
WH_117027,24134,2,0,6
WH_117028,21057,2,3,3
WH_117029,14073,2,0,6
WH_117030,15135,6,2,3
WH_117031,21058,4,0,4
WH_117032,11061,2,0,3
WH_117033,20097,6,0,5
WH_117034,13090,8,1,2
WH_117035,23150,6,0,6
WH_117036,17069,5,3,2
WH_117037,23073,6,0,3
WH_117038,19090,6,0,2
WH_117039,23078,1,0,6
WH_117040,43068,3,1,4
WH_117041,15141,5,0,3
WH_117042,13066,0,0,6
WH_117043,7069,0,1,6
WH_117044,25139,8,0,3
WH_117045,23129,3,0,3
WH_117046,28076,3,1,6
WH_117047,10093,4,0,3
WH_117048,28094,2,3,2
WH_117049,26132,2,1,2
WH_117050,31094,6,0,4
WH_117051,26076,2,0,2
WH_117052,13102,6,3,1
WH_117053,44079,8,0,5
WH_117054,17059,3,0,2
WH_117055,32061,5,0,4
WH_117056,19055,3,0,3
WH_117057,5111,1,3,1
WH_117058,27137,3,0,3
WH_117059,28131,7,0,6
WH_117060,23090,3,0,3
WH_117061,6111,3,3,1
WH_117062,36071,7,0,6
WH_117063,6147,4,3,3
WH_117064,45134,1,0,5
WH_117065,27058,4,2,5
WH_117066,23074,8,0,6
WH_117067,16116,7,2,3
WH_117069,6097,1,1,3
WH_117070,49118,1,0,6
WH_117071,21092,4,3,5
WH_117072,7137,0,0,3
WH_117073,15103,4,0,2
WH_117074,5118,1,0,1
WH_117075,8060,4,0,1
WH_117076,27100,5,0,5
WH_117078,28145,1,0,4
WH_117079,25150,0,0,6
WH_117080,28067,6,1,3
WH_117081,24117,1,0,6
WH_117082,32075,5,0,3
WH_117083,41148,3,0,5
WH_117084,6129,1,0,3
WH_117085,9111,3,0,6
WH_117086,31084,5,0,6
WH_117087,12082,2,0,5
WH_117088,28113,4,0,4
WH_117089,26151,2,0,2
WH_117090,13083,2,0,6
WH_117091,38119,4,0,3
WH_117092,15064,1,0,5
WH_117093,25082,7,0,6
WH_117094,31134,6,0,4
WH_117095,19057,0,0,3
WH_117096,20139,3,2,4
WH_117097,31146,5,0,2
WH_117098,17144,8,0,6
WH_117099,23130,4,0,6
WH_117100,25075,8,1,5
WH_117101,11062,6,1,3
WH_117102,34146,5,3,4
WH_117103,5145,4,1,3
WH_117104,22105,2,0,6
WH_117105,6066,1,0,3
WH_117106,27109,2,0,5
WH_117108,5138,8,3,3
WH_117109,20151,7,1,4
WH_117110,6102,0,0,5
WH_117111,34092,7,0,4
WH_117112,7078,0,1,4
WH_117113,36092,0,0,2
WH_117114,35136,3,2,5
WH_117115,20123,0,1,4
WH_117116,28134,6,3,6
WH_117117,14116,3,1,3
WH_117118,5089,1,0,3
WH_117119,34102,5,1,6
WH_117120,6086,1,1,2
WH_117121,6140,8,1,3
WH_117122,32057,8,0,4
WH_117123,6091,4,5,5
WH_117124,17073,5,5,3
WH_117125,11122,0,0,5
WH_117126,15119,7,1,2
WH_117127,34147,6,0,4
WH_117128,12093,7,0,2
WH_117129,15070,3,0,2
WH_117130,41058,0,0,4
WH_117131,12149,1,1,4
WH_117132,40144,6,1,4
WH_117133,18063,5,0,5
WH_117134,28063,2,3,4
WH_117135,40096,7,2,4
WH_117136,29098,6,1,2
WH_117137,9149,2,0,3
WH_117138,36098,3,0,2
WH_117139,39059,0,0,2
WH_117140,12086,7,0,6
WH_117141,28112,1,0,4
WH_117142,32065,1,0,5
WH_117143,29101,0,0,5
WH_117144,34065,6,3,3
WH_117145,19082,1,0,6
WH_117146,21150,1,0,5
WH_117147,31098,3,0,4
WH_117148,31087,1,1,2
WH_117149,40116,0,0,3
WH_117150,46100,7,0,2
WH_117151,33072,6,4,6
WH_117152,28099,6,0,3
WH_117153,40112,5,0,3
WH_117154,5114,1,0,1
WH_117155,22143,6,0,4
WH_117156,30065,5,0,4
WH_117157,26128,0,0,3
WH_117158,41059,0,0,6
WH_117159,18143,0,0,3
WH_117160,8084,5,0,3
WH_117161,27089,6,0,4
WH_117162,16059,4,0,1
WH_117163,7077,1,0,3
WH_117164,14074,6,0,4
WH_117165,17099,4,0,6
WH_117166,29136,6,0,3
WH_117167,31126,1,0,2
WH_117168,7142,5,0,1
WH_117169,12064,3,0,2
WH_117170,30080,7,0,5
WH_117171,21091,3,0,2
WH_117172,33108,7,1,2
WH_117173,29063,6,0,3
WH_117174,11117,8,0,2
WH_117175,28058,6,0,4
WH_117176,25100,0,0,2
WH_117177,36087,6,0,3
WH_117178,33115,0,1,2
WH_117179,30139,1,0,6
WH_117180,20130,8,0,2
WH_117181,29104,5,1,2
WH_117182,30150,7,2,4
WH_117183,12125,1,1,2
WH_117184,6140,2,3,4
WH_117185,23072,1,0,4
WH_117186,25082,7,0,3
WH_117187,6074,2,0,2
WH_117188,53129,7,0,5
WH_117189,30057,1,0,4
WH_117190,5061,0,0,2
WH_117191,31082,2,0,5
WH_117192,18104,4,1,4
WH_117193,31115,5,4,2
WH_117194,31087,7,2,2
WH_117195,25098,8,3,6
WH_117196,27096,8,0,2
WH_117197,20065,0,0,3
WH_117198,29150,3,0,6
WH_117199,13111,1,5,5
WH_117200,10075,1,0,2
WH_117201,31106,8,2,2
WH_117202,16056,6,1,5
WH_117203,15112,8,1,4
WH_117204,12059,8,0,5
WH_117205,31113,8,0,5
WH_117206,8149,6,0,4
WH_117207,47130,0,0,2
WH_117208,31093,5,0,6
WH_117209,45132,6,0,2
WH_117210,17088,4,0,3
WH_117211,8084,6,1,5
WH_117212,21091,0,0,6
WH_117213,34141,7,3,5
WH_117214,6103,4,0,3
WH_117215,32131,5,1,4
WH_117216,9068,8,4,3
WH_117217,22083,6,1,4
WH_117218,18083,1,2,5
WH_117219,4086,7,0,2
WH_117220,17068,1,1,6
WH_117221,9055,3,2,5
WH_117222,24128,6,1,6
WH_117223,33148,8,2,2
WH_117224,6078,1,0,1
WH_117225,6064,7,0,1
WH_117226,23084,1,0,2
WH_117227,19069,3,0,3
WH_117228,38085,8,0,6
WH_117229,21079,0,0,2
WH_117230,18075,1,0,2
WH_117231,31118,0,4,2
WH_117232,5146,1,2,3
WH_117233,30130,1,1,2
WH_117234,21078,5,0,5
WH_117235,7130,4,0,3
WH_117236,26121,1,1,6
WH_117237,19094,3,0,2
WH_117238,21135,8,0,2
WH_117239,24091,1,0,2
WH_117240,23085,1,0,6
WH_117241,30102,0,0,3
WH_117242,18109,5,0,3
WH_117243,42089,3,0,3
WH_117244,20088,1,2,3
WH_117245,5105,5,1,1
WH_117246,19097,0,2,4
WH_117247,32116,1,2,2
WH_117248,30089,6,1,2
WH_117249,22136,2,0,5
WH_117250,13082,5,3,4
WH_117251,33125,7,1,3
WH_117252,21118,5,4,6
WH_117253,8077,2,0,2
WH_117254,15105,4,1,1
WH_117255,7136,4,1,1
WH_117256,16137,5,1,6
WH_117257,18063,3,1,3
WH_117258,19097,6,1,2
WH_117259,43081,4,0,5
WH_117260,6062,7,0,3
WH_117261,26087,5,0,1
WH_117262,25080,1,0,3
WH_117263,17081,7,1,6
WH_117264,29145,2,0,4
WH_117265,49058,1,0,4
WH_117266,15099,5,0,2
WH_117267,8077,8,0,1
WH_117268,27122,1,2,4
WH_117269,22063,7,0,6
WH_117270,25114,1,0,6
WH_117271,22093,3,0,4
WH_117272,32110,2,0,4
WH_117273,20071,3,0,2
WH_117274,28094,3,2,2
WH_117275,32062,5,0,2
WH_117276,16123,2,1,6
WH_117277,8086,2,0,3
WH_117278,43091,0,2,3
WH_117279,20106,5,1,6
WH_117280,24125,7,0,4
WH_117281,16078,3,0,1
WH_117282,53133,6,0,3
WH_117283,22147,8,4,5
WH_117284,7094,3,0,1
WH_117285,7111,4,3,4
WH_117286,29070,6,0,3
WH_117287,33076,3,0,3
WH_117288,29069,4,0,3
WH_117289,25059,4,5,4
WH_117290,28100,8,0,3
WH_117291,6148,1,3,4
WH_117292,29123,8,0,5
WH_117293,53136,1,0,4
WH_117294,32133,7,1,3
WH_117295,23133,1,0,5
WH_117296,15117,5,0,6
WH_117297,5087,5,0,2
WH_117298,17093,8,1,1
WH_117299,44089,1,0,6
WH_117301,20102,6,0,6
WH_117302,18138,0,0,6
WH_117303,26139,4,0,4
WH_117304,19075,1,1,4
WH_117305,31063,4,0,3
WH_117306,29098,7,0,3
WH_117307,36077,1,0,4
WH_117308,27100,1,1,5
WH_117309,29083,6,0,2
WH_117310,31150,5,0,4
WH_117311,38139,1,1,2
WH_117312,26077,7,0,3
WH_117313,23134,1,0,3
WH_117314,29128,5,1,2
WH_117315,5064,6,0,1
WH_117317,31101,5,0,3
WH_117318,5068,0,0,1
WH_117320,8085,3,3,6
WH_117321,7117,7,0,4
WH_117322,44067,2,0,3
WH_117323,12063,3,2,4
WH_117324,19059,3,1,6
WH_117325,48121,1,0,6
WH_117326,5095,3,2,2
WH_117327,31144,8,1,4
WH_117328,30127,7,0,4
WH_117329,11079,6,1,6
WH_117330,6142,1,0,3
WH_117331,42065,5,0,6
WH_117332,9114,1,3,4
WH_117333,8109,2,0,3
WH_117334,45105,8,0,2
WH_117335,25087,6,0,3
WH_117336,6065,3,2,6
WH_117337,27084,5,0,6
WH_117338,14062,4,0,1
WH_117339,27146,6,0,6
WH_117340,7070,4,2,3
WH_117341,13072,7,0,2
WH_117342,9123,8,3,3
WH_117343,12093,4,0,3
WH_117344,20077,2,0,6
WH_117345,32075,8,0,6
WH_117346,39140,5,1,3
WH_117347,18137,0,0,5
WH_117348,36109,4,0,6
WH_117349,37128,2,1,5
WH_117350,8076,1,3,3
WH_117351,13091,4,4,6
WH_117352,17132,2,4,5
WH_117353,5086,1,3,1
WH_117354,30126,0,3,3
WH_117355,6108,4,0,3
WH_117356,7138,5,0,5
WH_117357,23055,4,2,2
WH_117358,23095,7,0,2
WH_117359,5124,3,3,3
WH_117360,6136,3,2,6
WH_117361,27111,6,0,2
WH_117362,34131,6,0,3
WH_117363,17118,1,1,6
WH_117364,30063,0,1,3
WH_117365,18069,4,3,6
WH_117366,12118,4,1,3
WH_117367,12149,3,1,1
WH_117368,49064,1,0,5
WH_117369,8140,1,0,6
WH_117370,8144,3,4,4
WH_117371,6102,1,1,1
WH_117372,31080,5,0,3
WH_117373,19149,5,0,4
WH_117374,22094,3,0,4
WH_117375,49080,3,0,3
WH_117376,21071,6,0,2
WH_117377,31066,0,0,5
WH_117378,17098,1,0,1
WH_117379,27127,1,1,6
WH_117380,31135,3,0,3
WH_117381,40100,4,0,3
WH_117382,25083,2,0,2
WH_117383,17117,2,0,4
WH_117384,13089,6,0,5
WH_117385,29080,5,0,4
WH_117386,12141,1,0,4
WH_117387,19141,7,0,3
WH_117388,26064,1,0,2
WH_117389,23105,1,1,4
WH_117390,8090,3,1,6
WH_117391,39120,7,0,4
WH_117392,31063,1,0,4
WH_117393,22067,2,0,2
WH_117394,11116,8,0,1
WH_117395,35137,3,0,5
WH_117396,25119,2,0,3
WH_117398,28064,0,0,3
WH_117399,19149,6,0,2
WH_117400,28108,7,0,3
WH_117401,8079,0,0,3
WH_117402,11096,2,0,3
WH_117403,5110,3,2,5
WH_117404,18084,8,5,4
WH_117405,17095,4,1,6
WH_117406,39130,6,1,6
WH_117407,34093,1,2,6
WH_117408,18133,4,1,5
WH_117409,37091,4,0,2
WH_117410,34142,4,0,3
WH_117411,23100,0,0,4
WH_117412,34146,3,4,4
WH_117413,22110,5,3,5
WH_117414,26061,0,1,4
WH_117416,29133,0,0,2
WH_117417,39088,1,0,5
WH_117418,25089,1,0,6
WH_117419,5076,1,1,1
WH_117420,18110,6,0,6
WH_117421,12138,3,1,6
WH_117422,12131,7,3,4
WH_117423,31123,3,4,6
WH_117424,14123,5,0,5
WH_117425,8127,3,0,6
WH_117426,28078,2,0,6
WH_117427,24096,6,2,6
WH_117428,16092,6,0,2
WH_117429,15080,3,1,5
WH_117430,7130,7,0,1
WH_117431,19110,8,3,5
WH_117432,12084,5,3,2
WH_117433,40125,3,2,4
WH_117434,52103,5,0,6
WH_117435,29151,0,0,5
WH_117436,24113,3,1,5
WH_117437,29111,4,1,6
WH_117439,28115,4,0,2
WH_117440,25126,3,0,4
WH_117441,21114,8,3,5
WH_117442,7073,7,0,3
WH_117443,20086,3,0,6
WH_117444,5081,1,3,3
WH_117445,16082,6,1,3
WH_117446,35069,4,0,3
WH_117447,21069,6,0,6
WH_117448,23075,7,1,6
WH_117450,21100,8,0,4
WH_117451,24132,8,0,2
WH_117452,28142,1,0,3
WH_117453,5106,0,1,3
WH_117454,38129,8,0,2
WH_117455,7073,4,2,3
WH_117456,17123,7,4,4
WH_117457,16099,6,0,6
WH_117458,15112,1,3,3
WH_117459,7145,3,4,2
WH_117460,33105,3,2,3
WH_117461,16135,7,1,3
WH_117462,10078,1,0,3
WH_117463,41069,6,0,6
WH_117464,18113,4,0,6
WH_117465,5138,3,5,1
WH_117466,6114,4,3,2
WH_117467,7079,4,0,2
WH_117468,10067,5,2,2
WH_117469,18100,8,1,4
WH_117470,22144,6,0,5
WH_117471,27075,3,1,3
WH_117472,50150,8,0,5
WH_117473,9139,0,0,2
WH_117474,27132,8,0,3
WH_117475,7080,0,0,6
WH_117477,52091,3,0,4
WH_117478,24123,3,0,2
WH_117479,44141,3,0,4
WH_117480,30114,1,2,5
WH_117481,34148,5,0,4
WH_117482,19109,8,1,6
WH_117483,22095,1,0,4
WH_117484,28137,3,4,6
WH_117485,27097,3,3,6
WH_117486,23140,7,0,4
WH_117487,32123,4,1,4
WH_117488,46125,0,0,2
WH_117489,52075,2,0,3
WH_117490,40130,1,0,4
WH_117491,29091,3,0,2
WH_117492,9080,0,1,4
WH_117493,14135,0,0,5
WH_117494,30151,1,1,3
WH_117495,32073,4,0,6
WH_117496,32151,0,1,2
WH_117497,9094,6,1,1
WH_117498,25125,4,0,6
WH_117499,29098,8,0,5
WH_117500,8123,2,1,1
WH_117501,27075,5,0,6
WH_117502,7115,5,0,6
WH_117503,7132,1,0,3
WH_117504,17121,4,0,2
WH_117505,14099,4,2,1
WH_117506,21124,6,4,6
WH_117507,28141,5,0,5
WH_117508,8081,3,1,1
WH_117509,20140,3,0,1
WH_117510,31061,6,0,6
WH_117511,23117,8,0,3
WH_117512,25115,2,0,2
WH_117513,23098,6,0,3
WH_117514,10110,5,0,3
WH_117516,29122,2,0,6
WH_117517,7127,3,0,2
WH_117518,6148,5,0,1
WH_117519,20109,8,1,3
WH_117520,20081,5,0,2
WH_117521,28140,8,0,3
WH_117522,31102,8,0,4
WH_117523,27083,0,0,3
WH_117524,14150,1,0,4
WH_117525,21083,2,0,3
WH_117526,5126,5,0,5
WH_117528,17077,4,1,3
WH_117529,20085,2,0,2
WH_117530,24081,0,0,5
WH_117531,19076,3,3,6
WH_117532,43124,8,0,4
WH_117533,17077,3,2,5
WH_117534,20055,0,0,4
WH_117535,16138,7,0,3
WH_117536,17134,6,3,5
WH_117537,31119,5,0,4
WH_117538,31078,8,0,3
WH_117539,11120,7,0,1
WH_117540,26129,3,3,4
WH_117541,31113,6,0,3
WH_117542,5126,1,0,3
WH_117543,33083,0,1,5
WH_117544,24067,4,0,3
WH_117545,9067,8,0,2
WH_117547,16146,0,0,1
WH_117548,20129,7,0,5
WH_117549,27133,3,3,4
WH_117550,10102,2,0,2
WH_117551,21074,3,4,2
WH_117552,28105,3,0,2
WH_117553,22121,1,0,2
WH_117554,25147,2,0,6
WH_117555,25139,2,5,3
WH_117556,30096,7,0,6
WH_117557,24065,6,0,4
WH_117558,25103,3,0,2
WH_117559,21127,5,2,4
WH_117560,15133,8,0,6
WH_117561,35105,8,1,5
WH_117562,49072,8,1,4
WH_117564,19062,5,1,3
WH_117565,41150,8,0,6
WH_117566,14143,5,0,6
WH_117567,31122,7,0,4
WH_117569,30113,0,0,2
WH_117570,5064,8,3,3
WH_117571,29144,0,0,2
WH_117572,17149,4,1,6
WH_117573,14072,5,1,1
WH_117574,27084,8,3,4
WH_117575,15068,6,0,3
WH_117576,32136,5,1,6
WH_117577,32076,8,4,4
WH_117578,25124,4,3,6
WH_117579,45143,6,0,5
WH_117580,5067,6,0,3
WH_117581,47061,0,0,6
WH_117582,6130,3,0,1
WH_117583,31056,1,0,4
WH_117584,31093,3,0,6
WH_117585,30130,4,0,3
WH_117586,30099,7,0,5
WH_117588,7071,8,0,1
WH_117589,25087,8,0,3
WH_117590,15080,4,1,2
WH_117591,11088,0,0,1
WH_117592,5145,7,2,1
WH_117593,6110,5,2,2
WH_117594,30067,8,1,6
WH_117595,29101,4,1,6
WH_117596,24099,3,0,6
WH_117597,25143,0,1,3
WH_117598,11137,4,0,4
WH_117599,33095,6,0,3
WH_117600,32116,2,0,5
WH_117601,32132,4,0,3
WH_117602,21086,6,3,6
WH_117603,30140,6,0,2
WH_117604,18104,0,0,1
WH_117605,35071,6,2,2
WH_117606,31126,5,3,6
WH_117607,41094,3,0,3
WH_117608,24131,0,1,6
WH_117609,18079,6,1,6
WH_117610,8132,5,1,3
WH_117611,16080,1,1,5
WH_117612,10122,4,2,4
WH_117613,26150,8,1,3
WH_117614,8062,6,2,1
WH_117615,17063,6,0,3
WH_117616,19115,1,3,5
WH_117617,46127,7,0,2
WH_117618,33065,5,0,6
WH_117619,15088,3,3,4
WH_117620,6091,1,0,2
WH_117621,20075,0,0,4
WH_117622,34128,7,0,2
WH_117623,23055,3,0,4
WH_117624,44071,4,0,3
WH_117627,11080,1,0,2
WH_117628,25071,2,0,2
WH_117629,10110,4,1,6
WH_117630,7059,0,0,3
WH_117631,35067,1,0,3
WH_117632,31108,6,1,5
WH_117633,5073,1,1,2
WH_117634,48131,0,0,3
WH_117635,41108,5,0,6
WH_117636,37108,1,0,5
WH_117637,6118,8,0,2
WH_117638,29096,4,0,3
WH_117639,23055,5,4,5
WH_117640,26075,8,0,6
WH_117641,10139,5,1,3
WH_117642,22121,0,0,4
WH_117643,19068,1,0,2
WH_117644,35123,8,1,3
WH_117645,11090,8,1,5
WH_117646,15079,8,2,2
WH_117647,39063,4,1,4
WH_117648,22142,3,0,4
WH_117649,22068,2,0,3
WH_117650,18109,5,3,4
WH_117652,30102,1,0,6
WH_117653,30137,4,0,3
WH_117654,25104,6,0,5
WH_117655,12085,8,3,4
WH_117656,22150,5,0,2
WH_117657,6057,1,0,1
WH_117658,17081,2,0,6
WH_117659,17145,5,1,2
WH_117660,42107,6,0,2
WH_117661,30129,6,0,2
WH_117662,26119,5,0,6
WH_117663,43134,6,0,3
WH_117664,29128,7,0,4
WH_117665,6139,7,0,3
WH_117666,5115,6,1,1
WH_117667,20098,2,1,5
WH_117668,28066,5,0,5
WH_117669,22120,6,0,5
WH_117670,6092,8,0,1
WH_117671,35149,5,1,2
WH_117672,50145,8,0,3
WH_117674,41141,0,0,3
WH_117675,21121,5,1,2
WH_117676,6124,5,3,2
WH_117677,16121,2,0,4
WH_117679,30086,1,0,6
WH_117680,31105,2,0,2
WH_117681,51099,0,0,5
WH_117682,5090,0,2,2
WH_117683,30121,2,0,2
WH_117684,32099,8,1,5
WH_117685,27080,5,0,4
WH_117686,31060,3,2,3
WH_117687,24134,4,4,5
WH_117688,39146,4,0,5
WH_117689,12116,0,0,5
WH_117690,27068,4,0,2
WH_117691,34085,5,3,4
WH_117692,24099,0,1,4
WH_117693,20097,3,3,5
WH_117694,33144,0,0,3
WH_117695,38124,4,2,2
WH_117696,21090,1,0,5
WH_117697,30135,4,1,4
WH_117698,40145,5,1,5
WH_117699,47145,3,0,3
WH_117700,25109,0,0,3
WH_117701,17068,2,0,2
WH_117702,43140,1,1,6
WH_117703,14059,6,3,5
WH_117704,15085,7,2,3
WH_117705,23062,7,3,2
WH_117706,48095,5,0,2
WH_117707,30115,8,0,2
WH_117708,21128,3,0,6
WH_117709,26093,5,0,3
WH_117710,17093,8,3,4
WH_117711,32080,3,3,5
WH_117712,7098,2,0,6
WH_117713,28116,4,2,4
WH_117715,6096,8,0,1
WH_117716,14086,0,4,4
WH_117717,17098,4,0,4
WH_117718,28140,7,0,5
WH_117719,13130,6,1,1
WH_117720,35087,3,0,2
WH_117721,20116,7,0,3
WH_117722,9072,3,0,1
WH_117723,14119,5,2,1
WH_117725,23123,8,0,6
WH_117726,29125,0,0,4
WH_117727,8061,4,1,2
WH_117728,31128,3,0,5
WH_117729,21087,7,2,3
WH_117730,17137,3,4,5
WH_117731,7122,6,0,1
WH_117732,18121,6,1,4
WH_117733,21149,8,4,6
WH_117734,9147,7,2,4
WH_117735,8131,1,3,5
WH_117736,26102,7,1,3
WH_117737,24124,6,1,2
WH_117738,39146,3,0,5
WH_117739,7061,4,0,1
WH_117740,14114,6,0,6
WH_117741,24110,0,1,4
WH_117742,8110,8,0,2
WH_117744,15116,8,0,5
WH_117745,7149,5,0,5
WH_117746,14142,6,2,2
WH_117747,33121,5,1,4
WH_117748,20083,2,0,2
WH_117749,10103,6,0,3
WH_117750,21140,5,0,1
WH_117751,34067,3,0,4
WH_117752,21071,2,0,6
WH_117754,30067,6,0,5
WH_117755,12109,1,3,1
WH_117756,19073,1,3,2
WH_117757,10069,3,0,4
WH_117758,40094,6,0,6
WH_117759,9072,7,1,1
WH_117760,30131,7,0,1
WH_117761,22108,5,0,3
WH_117762,17091,0,0,4
WH_117763,30150,7,0,3
WH_117764,46110,0,0,5
WH_117765,27078,2,1,6
WH_117766,6141,3,0,1
WH_117767,32149,8,0,2
WH_117768,14135,6,0,6
WH_117769,30135,7,0,4
WH_117770,6069,8,0,2
WH_117771,34129,7,0,6
WH_117772,10129,0,3,2
WH_117773,26110,3,0,2
WH_117774,18120,1,1,5
WH_117775,35087,3,1,4
WH_117776,25071,5,2,2
WH_117777,21091,0,4,2
WH_117778,38087,1,1,2
WH_117779,23105,6,0,1
WH_117780,17063,3,5,2
WH_117781,11108,0,1,4
WH_117782,29134,0,2,2
WH_117783,30074,6,1,4
WH_117784,21102,3,0,2
WH_117785,30106,7,0,4
WH_117786,40105,4,0,4
WH_117787,20101,3,0,2
WH_117788,13133,8,2,6
WH_117791,22147,4,1,5
WH_117792,24126,2,0,2
WH_117793,23075,0,0,5
WH_117794,17073,8,3,3
WH_117795,6059,5,0,3
WH_117796,6099,0,0,3
WH_117797,28130,5,2,3
WH_117798,15148,3,0,3
WH_117799,5080,0,0,1
WH_117800,6060,3,0,3
WH_117801,27060,0,1,5
WH_117802,28088,5,1,5
WH_117803,8104,1,4,2
WH_117804,49130,5,0,2
WH_117805,49064,5,0,6
WH_117806,13123,5,2,3
WH_117807,26130,1,0,5
WH_117808,7070,3,1,2
WH_117809,37133,1,0,3
WH_117810,9133,4,1,2
WH_117811,37082,3,0,2
WH_117812,30138,5,0,3
WH_117813,5067,1,1,2
WH_117814,8104,4,0,2
WH_117815,14103,8,0,2
WH_117817,9072,4,3,5
WH_117818,19076,8,0,2
WH_117819,33150,0,1,4
WH_117820,12118,5,0,4
WH_117821,28069,0,0,6
WH_117822,9118,2,0,3
WH_117823,42071,8,0,3
WH_117824,52084,6,0,6
WH_117825,27094,8,1,1
WH_117826,22104,7,0,2
WH_117827,25139,4,0,6
WH_117828,34107,1,0,2
WH_117829,8067,0,0,2
WH_117830,16131,1,4,4
WH_117831,37114,2,0,4
WH_117833,4086,0,4,3
WH_117834,22079,3,2,6
WH_117835,29130,3,0,6
WH_117836,47065,8,0,6
WH_117837,7126,3,2,1
WH_117838,19111,3,2,6
WH_117839,27122,7,0,3
WH_117840,20078,3,0,4
WH_117841,21059,6,4,2
WH_117842,5114,0,1,3
WH_117843,23139,6,0,2
WH_117844,31102,3,0,5
WH_117845,33088,5,2,6
WH_117846,16060,2,0,4
WH_117847,43091,1,1,3
WH_117848,16064,8,1,4
WH_117849,33095,3,0,4
WH_117850,13130,0,0,1
WH_117851,30100,3,0,5
WH_117852,33094,3,0,3
WH_117853,14116,0,4,5
WH_117854,26095,3,0,6
WH_117855,13130,7,0,5
WH_117856,32062,1,2,4
WH_117857,12131,5,1,1
WH_117858,27100,5,2,4
WH_117859,43115,2,0,6
WH_117860,15140,3,4,5
WH_117861,24113,7,3,4
WH_117862,34108,6,1,2
WH_117863,8086,6,1,6
WH_117864,6070,7,0,1
WH_117865,21121,3,0,2
WH_117866,28104,6,0,3
WH_117867,38056,1,0,3
WH_117868,34132,6,0,6
WH_117869,19139,4,1,6
WH_117870,11074,6,0,1
WH_117871,29073,8,0,2
WH_117872,20073,0,0,2
WH_117873,27082,4,1,2
WH_117874,25127,3,1,6
WH_117875,28129,6,2,4
WH_117876,29135,3,0,2
WH_117877,39073,4,0,4
WH_117878,26100,5,0,2
WH_117879,23148,4,2,6
WH_117880,14095,0,0,3
WH_117881,21111,6,1,5
WH_117882,6083,5,0,3
WH_117883,8099,4,0,2
WH_117884,27147,8,0,3
WH_117885,7133,5,0,2
WH_117886,16103,1,0,6
WH_117887,28095,6,3,6
WH_117888,29136,6,1,3
WH_117889,30148,1,3,2
WH_117890,44104,8,0,5
WH_117892,45080,3,0,2
WH_117893,18130,0,1,2
WH_117894,14111,2,0,4
WH_117895,22058,5,0,6
WH_117896,33133,3,0,2
WH_117897,5055,8,1,3
WH_117898,30104,3,0,5
WH_117899,5077,0,5,3
WH_117900,5096,0,0,1
WH_117901,7097,7,1,3
WH_117902,33112,5,2,6
WH_117903,12134,1,1,6
WH_117904,47116,4,2,2
WH_117905,35143,0,0,3
WH_117906,13150,6,0,3
WH_117908,41128,3,0,4
WH_117909,19068,1,0,3
WH_117910,17100,4,1,3
WH_117911,34123,8,0,4
WH_117912,18070,6,3,4
WH_117913,5103,3,2,1
WH_117914,32131,8,0,6
WH_117915,31106,8,0,6
WH_117916,42080,0,2,3
WH_117917,18145,1,2,4
WH_117918,6066,5,1,4
WH_117919,34086,3,0,4
WH_117920,12125,7,1,5
WH_117921,9129,0,0,6
WH_117922,45145,1,0,5
WH_117923,5108,6,0,1
WH_117924,28080,1,0,5
WH_117925,36122,4,0,5
WH_117926,29143,4,0,6
WH_117927,18080,1,1,4
WH_117928,24089,2,1,2
WH_117929,7081,8,0,4
WH_117930,6056,5,3,1
WH_117931,18088,5,4,3
WH_117932,8132,6,0,1
WH_117933,18147,5,0,6
WH_117934,34075,8,1,3
WH_117935,5131,0,2,3
WH_117936,46135,0,0,5
WH_117937,49144,7,0,3
WH_117938,5082,3,1,2
WH_117939,14085,1,0,3
WH_117940,9076,5,0,1
WH_117941,9150,1,0,1
WH_117942,13142,8,0,1
WH_117943,18083,6,0,3
WH_117944,11066,4,3,2
WH_117945,7115,4,0,1
WH_117946,7099,2,0,5
WH_117947,23122,4,4,6
WH_117948,23088,6,3,6
WH_117949,21098,8,0,5
WH_117950,29057,7,0,5
WH_117951,30139,0,0,3
WH_117952,16122,8,1,4
WH_117953,17113,7,3,3
WH_117954,13104,5,0,3
WH_117955,44085,3,1,5
WH_117956,10062,3,1,2
WH_117957,47134,4,0,2
WH_117958,15067,7,2,4
WH_117959,30090,3,1,5
WH_117960,42137,5,1,5
WH_117962,16071,2,0,5
WH_117964,22070,0,0,5
WH_117965,27127,5,0,2
WH_117966,31127,7,2,5
WH_117967,35131,6,0,6
WH_117968,16062,8,0,2
WH_117969,17085,5,0,3
WH_117970,44132,0,0,2
WH_117971,22127,7,0,5
WH_117972,32088,1,1,3
WH_117973,19094,7,2,4
WH_117974,25091,8,2,3
WH_117975,10063,7,0,3
WH_117976,26073,8,0,3
WH_117977,12074,7,2,3
WH_117978,28073,5,1,2
WH_117979,38132,5,0,6
WH_117980,23120,4,1,5
WH_117981,19074,4,5,3
WH_117982,8095,8,2,3
WH_117983,50127,4,0,5
WH_117984,23097,6,0,6
WH_117985,6099,3,0,2
WH_117986,5077,2,0,1
WH_117987,27057,8,0,3
WH_117988,32077,1,0,4
WH_117989,6089,6,0,3
WH_117990,17131,1,0,5
WH_117991,23065,1,0,5
WH_117992,21055,7,0,2
WH_117993,21058,0,0,5
WH_117994,31113,5,0,6
WH_117995,39112,1,0,2
WH_117996,30145,0,0,4
WH_117997,6067,3,3,6
WH_117998,21087,3,1,2
WH_117999,16129,7,1,6
WH_118000,30090,8,0,4
WH_118001,6143,1,1,3
WH_118002,5115,2,2,1
WH_118003,19061,4,1,3
WH_118004,8067,2,1,2
WH_118005,23140,3,0,2
WH_118006,23104,8,0,3
WH_118007,28092,3,0,4
WH_118008,7123,5,1,3
WH_118009,11136,4,0,5
WH_118010,15066,7,0,1
WH_118011,14149,7,0,5
WH_118012,48098,8,0,6
WH_118013,25057,3,1,2
WH_118014,28145,3,2,3
WH_118015,33070,2,0,3
WH_118016,31117,7,0,4
WH_118017,22076,3,2,3
WH_118018,13125,7,0,5
WH_118019,40074,7,4,5
WH_118020,27083,4,0,3
WH_118021,22117,6,0,6
WH_118022,19122,4,1,6
WH_118023,29116,1,0,4
WH_118024,39122,0,0,4
WH_118025,52117,8,1,4
WH_118026,32110,5,1,5
WH_118027,33151,1,0,3
WH_118028,16112,6,0,4
WH_118029,15057,5,2,6
WH_118030,32113,1,2,2
WH_118031,15099,5,5,4
WH_118032,29130,3,0,2
WH_118033,55093,4,0,2
WH_118034,13112,8,1,3
WH_118035,7078,1,2,4
WH_118036,7058,5,0,6
WH_118037,16140,7,2,2
WH_118038,32093,0,0,2
WH_118039,32094,4,0,5
WH_118040,32130,2,2,5
WH_118041,14120,6,1,4
WH_118043,17118,2,0,4
WH_118044,14101,0,0,2
WH_118045,12059,1,1,5
WH_118046,27077,4,1,6
WH_118047,30115,8,0,4
WH_118048,30088,7,0,5
WH_118049,12067,3,0,6
WH_118050,15139,3,0,1
WH_118051,28145,1,0,4
WH_118052,28104,8,0,1
WH_118053,6128,8,0,3
WH_118054,31099,5,0,2
WH_118055,17127,0,0,6
WH_118056,26068,0,2,3
WH_118057,29104,3,0,5
WH_118058,51119,6,1,5
WH_118059,5081,3,0,2
WH_118060,43067,5,0,5
WH_118061,18109,3,4,5
WH_118062,22128,0,0,5
WH_118063,32129,0,0,2
WH_118064,36088,6,0,4
WH_118065,26071,6,0,6
WH_118066,12065,8,1,4
WH_118067,27117,1,0,4
WH_118068,4081,0,0,1
WH_118069,23125,6,0,1
WH_118070,16109,5,0,5
WH_118071,25149,5,0,4
WH_118072,19096,5,0,6
WH_118073,23134,1,0,1
WH_118074,9073,7,0,2
WH_118075,24094,1,1,6
WH_118076,29127,8,0,4
WH_118077,33144,7,0,3
WH_118078,5120,6,0,2
WH_118079,25123,8,1,3
WH_118080,5128,7,2,2
WH_118081,25097,5,1,4
WH_118082,18119,5,1,5
WH_118083,36134,5,0,6
WH_118084,15140,8,0,3
WH_118085,31151,4,3,2
WH_118086,17147,7,0,1
WH_118087,32095,6,1,3
WH_118088,21147,6,0,6
WH_118089,15056,7,0,2
WH_118090,43079,1,2,2
WH_118091,14087,3,3,6
WH_118092,12146,6,0,6
WH_118093,19111,8,0,6
WH_118094,30082,1,0,6
WH_118095,22101,4,0,1
WH_118096,9104,5,3,3
WH_118097,17066,5,2,4
WH_118098,9129,2,4,1
WH_118100,7145,2,5,1
WH_118101,9101,8,0,6
WH_118102,43143,8,1,4
WH_118103,5143,8,3,1
WH_118104,6141,3,3,1
WH_118105,34123,1,0,2
WH_118106,28065,0,1,2
WH_118107,19085,8,0,2
WH_118108,5102,8,1,2
WH_118109,31095,5,0,5
WH_118110,25096,7,0,4
WH_118111,22111,6,0,1
WH_118112,43059,2,1,4
WH_118113,11138,4,1,4
WH_118114,22073,5,0,1
WH_118115,5055,0,3,3
WH_118116,22151,1,0,2
WH_118117,37114,3,0,6
WH_118118,14077,4,0,2
WH_118119,7074,1,0,3
WH_118120,35089,2,1,2
WH_118121,23120,6,0,4
WH_118122,40080,2,0,3
WH_118123,37067,2,0,3
WH_118124,31063,5,0,5
WH_118125,9123,6,0,1
WH_118126,34083,6,0,6
WH_118127,19093,0,3,3
WH_118128,32109,0,4,4
WH_118129,5134,7,0,1
WH_118130,7103,5,0,2
WH_118131,42103,0,1,6
WH_118132,23103,0,3,5
WH_118133,31106,7,2,6
WH_118134,40100,6,0,3
WH_118135,54130,4,0,2
WH_118136,20134,3,0,2
WH_118137,8101,7,2,3
WH_118138,9062,4,1,6
WH_118139,5114,1,0,3
WH_118140,27127,3,0,2
WH_118141,9072,5,0,3
WH_118142,11075,6,0,3
WH_118143,28144,8,0,5
WH_118144,28095,1,1,6
WH_118145,24147,6,2,5
WH_118146,22143,3,2,3
WH_118147,16114,8,0,6
WH_118148,5128,6,0,1
WH_118149,29110,0,5,3
WH_118150,22126,6,1,3
WH_118151,21121,5,0,1
WH_118152,30111,7,0,3
WH_118153,29102,4,5,3
WH_118154,20112,4,0,3
WH_118155,12111,4,1,2
WH_118156,6056,2,2,5
WH_118157,31114,7,3,6
WH_118158,22134,4,0,5
WH_118159,14090,8,2,2
WH_118160,44097,4,0,4
WH_118161,23121,3,0,6
WH_118163,19126,1,2,6
WH_118164,40079,3,0,2
WH_118165,19139,3,4,6
WH_118166,10108,4,0,3
WH_118167,26068,0,0,3
WH_118168,26069,0,0,3
WH_118169,32119,5,3,2
WH_118170,12103,1,2,2
WH_118171,15088,5,3,5
WH_118172,25101,4,2,3
WH_118173,23063,8,0,2
WH_118174,24130,5,0,4
WH_118175,25106,4,0,4
WH_118176,24109,7,0,5
WH_118177,42131,6,0,4
WH_118178,17099,0,1,6
WH_118179,4070,7,3,3
WH_118180,34142,6,1,2
WH_118181,6130,0,1,2
WH_118182,23147,0,0,5
WH_118183,9138,3,0,2
WH_118184,35098,1,5,4
WH_118185,27130,3,0,6
WH_118186,35116,5,0,4
WH_118187,18146,4,0,5
WH_118188,31093,0,0,3
WH_118189,7108,0,0,2
WH_118190,13065,5,1,5
WH_118191,40138,2,0,2
WH_118192,6118,6,2,5
WH_118193,15104,1,0,3
WH_118194,13076,3,2,3
WH_118195,30145,5,3,3
WH_118196,26066,0,0,2
WH_118197,15133,0,1,6
WH_118198,16142,2,0,6
WH_118199,6127,0,2,2
WH_118200,9102,2,1,3
WH_118201,27098,4,0,5
WH_118202,5127,7,4,1
WH_118203,30058,8,0,6
WH_118204,41098,6,1,6
WH_118205,47107,6,1,6
WH_118206,7057,7,1,1
WH_118208,14145,7,0,6
WH_118210,8085,2,1,3
WH_118211,24065,1,0,4
WH_118212,29086,7,0,6
WH_118213,37083,7,0,3
WH_118214,15097,6,0,4
WH_118215,34058,5,0,5
WH_118216,34104,5,0,2
WH_118217,32135,4,0,2
WH_118218,33087,0,0,3
WH_118219,26107,3,0,5
WH_118220,17128,7,0,6
WH_118221,9076,8,3,4
WH_118222,7099,5,2,6
WH_118223,27115,5,1,3
WH_118224,22078,3,0,5
WH_118225,39080,2,0,6
WH_118226,38081,5,1,5
WH_118227,31126,0,0,4
WH_118228,39120,6,2,4
WH_118229,5136,0,3,2
WH_118230,24131,2,1,5
WH_118231,47123,2,0,6
WH_118232,7150,2,4,4
WH_118233,12139,2,0,5
WH_118234,20073,4,1,6
WH_118235,30071,7,1,4
WH_118236,17085,0,0,4
WH_118237,21124,3,0,3
WH_118238,41123,0,0,6
WH_118239,29088,1,0,2
WH_118240,12140,1,1,6
WH_118241,26089,4,0,5
WH_118242,21064,4,5,3
WH_118243,7128,7,0,3
WH_118244,6063,6,1,6
WH_118245,29085,4,0,5
WH_118246,39058,0,0,3
WH_118247,30076,0,0,5
WH_118248,31093,4,2,2
WH_118249,34111,5,0,5
WH_118250,31086,5,4,3
WH_118251,17084,5,2,2
WH_118252,29056,4,0,3
WH_118253,21064,7,0,2
WH_118254,33069,4,1,2
WH_118255,24149,8,4,3
WH_118256,20132,2,0,2
WH_118257,9151,4,0,3
WH_118258,30140,7,0,2
WH_118259,30128,5,2,4
WH_118260,16077,1,1,6
WH_118261,16145,0,1,2
WH_118262,18077,4,0,2
WH_118263,20093,8,2,3
WH_118265,27147,2,0,5
WH_118266,32105,8,0,5
WH_118267,6102,3,5,3
WH_118268,21082,7,2,6
WH_118269,30061,4,1,4
WH_118270,29096,4,3,2
WH_118271,6083,5,0,2
WH_118272,30145,5,0,5
WH_118273,9113,2,0,2
WH_118274,8117,4,0,2
WH_118275,44063,8,0,3
WH_118276,8056,5,5,3
WH_118277,5148,5,0,1
WH_118278,17131,1,0,6
WH_118279,6111,2,0,6
WH_118280,27135,3,1,4
WH_118281,24069,0,0,3
WH_118282,48090,7,0,6
WH_118283,28115,7,0,6
WH_118284,27124,1,1,4
WH_118285,5111,1,1,3
WH_118286,12151,1,0,4
WH_118287,33139,7,0,4
WH_118288,10151,8,0,1
WH_118289,13086,1,0,5
WH_118290,23082,6,2,2
WH_118291,22057,8,0,3
WH_118292,21140,8,0,6
WH_118293,7126,3,0,3
WH_118294,16126,3,2,5
WH_118295,20072,3,4,4
WH_118296,21126,2,1,6
WH_118297,23078,2,2,4
WH_118298,8134,6,0,2
WH_118299,30070,4,3,2
WH_118301,36096,5,0,6
WH_118302,49105,0,1,5
WH_118303,7115,8,2,4
WH_118304,42095,6,0,2
WH_118305,43065,4,0,3
WH_118306,7079,4,0,3
WH_118307,15077,0,1,1
WH_118308,27126,1,0,2
WH_118309,35094,7,0,3
WH_118310,15122,4,2,2
WH_118311,34111,8,1,5
WH_118312,36146,8,0,5
WH_118313,10057,8,0,2
WH_118314,28115,0,0,4
WH_118315,20116,1,0,1
WH_118316,29117,6,2,3
WH_118317,15141,7,0,6
WH_118318,15145,6,0,6
WH_118319,20133,2,0,2
WH_118320,6141,5,0,2
WH_118321,6083,3,5,2
WH_118322,32084,8,0,6
WH_118323,7129,2,0,1
WH_118324,14097,4,0,6
WH_118325,5082,0,0,1
WH_118326,28114,6,0,2
WH_118327,30117,1,0,6
WH_118328,47098,0,0,6
WH_118329,6107,4,0,1
WH_118330,11150,8,2,2
WH_118331,40075,6,1,3
WH_118333,7117,8,3,3
WH_118334,24074,0,1,1
WH_118335,23078,7,0,6
WH_118336,37059,3,0,6
WH_118337,53082,1,0,4
WH_118338,28130,6,0,6
WH_118339,43113,7,0,3
WH_118340,18146,5,0,3
WH_118341,13062,0,0,3
WH_118342,13098,8,4,2
WH_118343,24081,3,0,3
WH_118344,14127,7,0,2
WH_118345,5056,3,1,5
WH_118346,20074,8,0,3
WH_118347,28089,5,0,2
WH_118348,20123,7,3,3
WH_118349,13063,5,0,4
WH_118350,14142,5,1,6
WH_118351,24064,2,2,6
WH_118352,29096,6,0,4
WH_118353,50055,8,0,5
WH_118354,28087,1,3,5
WH_118355,22077,5,0,5
WH_118356,13122,5,1,5
WH_118357,12142,3,0,6
WH_118358,9110,0,1,1
WH_118359,31076,5,0,6
WH_118360,15109,0,1,3
WH_118361,18135,8,2,3
WH_118362,17100,3,2,3
WH_118363,22062,4,0,3
WH_118364,8105,1,1,3
WH_118365,28084,2,0,6
WH_118366,23108,3,2,4
WH_118367,18144,6,0,5
WH_118368,18079,3,0,6
WH_118369,28105,0,0,4
WH_118370,17100,5,2,6
WH_118371,6129,3,3,4
WH_118372,6094,2,5,1
WH_118373,5110,4,0,1
WH_118374,26138,0,0,5
WH_118375,14149,7,3,3
WH_118376,19077,2,1,4
WH_118377,28094,6,0,6
WH_118378,22123,5,0,6
WH_118379,13140,0,0,2
WH_118380,11092,6,4,2
WH_118382,23101,5,0,2
WH_118383,39146,4,1,5
WH_118384,8067,4,0,2
WH_118385,15092,1,3,2
WH_118386,22095,1,0,2
WH_118387,30076,1,0,4
WH_118388,5132,4,0,2
WH_118389,21095,1,0,2
WH_118390,5056,7,5,5
WH_118391,7072,7,1,1
WH_118393,17128,8,0,5
WH_118395,19094,7,0,1
WH_118396,46077,3,0,3
WH_118397,25130,0,1,4
WH_118398,28149,6,0,5
WH_118399,21118,3,2,5
WH_118400,28077,8,1,6
WH_118401,11149,6,4,4
WH_118402,16123,8,0,6
WH_118403,17098,8,0,6
WH_118404,30116,0,0,6
WH_118405,21116,0,1,2
WH_118406,18114,5,1,3
WH_118407,44084,0,0,2
WH_118408,23130,0,0,3
WH_118409,29146,1,1,4
WH_118410,44061,4,0,4
WH_118411,19147,3,1,2
WH_118412,23140,7,0,6
WH_118413,9127,3,0,1
WH_118414,10140,4,0,1
WH_118415,30135,0,3,5
WH_118416,32119,0,0,2
WH_118417,6085,4,2,2
WH_118418,25061,0,1,6
WH_118419,25072,2,0,4
WH_118420,25103,3,1,2
WH_118421,15103,0,1,2
WH_118422,44140,1,0,5
WH_118424,6098,4,1,2
WH_118425,9128,1,0,3
WH_118426,34127,0,1,2
WH_118427,34067,4,4,5
WH_118428,45064,2,0,3
WH_118429,15098,3,1,3
WH_118430,11115,5,3,4
WH_118431,5072,2,0,2
WH_118432,19126,3,0,5
WH_118433,24150,5,0,4
WH_118434,16146,5,1,5
WH_118435,32082,1,3,4
WH_118436,17138,7,2,3
WH_118437,10132,2,0,3
WH_118438,11128,8,1,5
WH_118440,11083,3,1,4
WH_118441,24094,4,1,3
WH_118442,28105,2,1,2
WH_118443,12137,7,1,1
WH_118444,31070,7,0,2
WH_118445,5079,8,0,2
WH_118446,25088,1,1,6
WH_118447,23138,6,0,3
WH_118448,7104,5,1,2
WH_118450,5093,1,2,2
WH_118451,7114,5,0,6
WH_118452,37136,5,0,4
WH_118453,30087,1,0,6
WH_118454,13074,2,0,5
WH_118455,39131,8,0,6
WH_118456,16094,5,1,6
WH_118457,16074,4,0,2
WH_118458,22113,8,0,2
WH_118459,34096,5,0,4
WH_118460,26107,7,3,2
WH_118461,7123,1,0,1
WH_118462,30128,3,2,2
WH_118463,17130,1,0,4
WH_118464,12070,4,0,2
WH_118465,39102,4,0,6
WH_118466,30092,5,1,4
WH_118467,27137,0,0,5
WH_118468,41110,0,1,6
WH_118469,13078,6,1,3
WH_118470,14058,5,0,2
WH_118471,18126,0,5,2
WH_118472,33067,7,0,3
WH_118473,38075,4,0,3
WH_118474,29092,4,0,4
WH_118476,28109,7,0,6
WH_118477,27062,8,0,4
WH_118478,5124,8,1,1
WH_118479,5146,8,0,1
WH_118480,27151,1,0,3
WH_118481,12128,2,0,1
WH_118482,31118,5,0,4
WH_118483,41062,7,0,5
WH_118484,28139,5,0,6
WH_118485,27058,0,3,6
WH_118486,39090,0,1,4
WH_118487,8121,0,0,2
WH_118488,14082,1,1,3
WH_118489,20074,3,5,2
WH_118490,6128,3,2,1
WH_118491,23080,3,2,6
WH_118492,25086,0,0,6
WH_118493,22142,7,0,6
WH_118494,30118,8,1,3
WH_118495,34138,5,0,4
WH_118496,16063,3,0,4
WH_118497,40060,4,0,5
WH_118498,14117,8,0,6
WH_118499,31126,8,0,4
WH_118500,31096,0,0,3
WH_118501,27090,8,0,5
WH_118502,15073,3,3,5
WH_118503,22068,2,0,4
WH_118504,19109,4,1,3
WH_118505,25061,4,0,6
WH_118506,32094,1,0,5
WH_118507,23068,5,2,5
WH_118508,12143,6,1,2
WH_118509,26076,1,3,5
WH_118510,16128,8,3,5
WH_118511,30122,0,0,2
WH_118512,32107,3,0,3
WH_118513,26084,5,1,1
WH_118514,32139,0,0,3
WH_118515,30138,0,0,5
WH_118516,30147,0,0,6
WH_118517,10087,5,1,4
WH_118518,31096,0,0,6
WH_118519,29150,8,0,3
WH_118520,34056,3,0,3
WH_118521,53088,4,0,2
WH_118523,28084,3,2,3
WH_118525,16075,1,0,3
WH_118526,24061,5,0,5
WH_118527,20100,7,1,6
WH_118528,6143,7,0,1
WH_118529,24131,5,1,5
WH_118530,14103,0,0,2
WH_118532,4116,8,2,5
WH_118533,16128,7,0,5
WH_118534,5086,0,0,3
WH_118535,7057,3,1,3
WH_118536,16071,6,2,2
WH_118537,43100,2,1,2
WH_118538,21128,6,0,1
WH_118539,30101,6,0,6
WH_118540,5096,1,0,2
WH_118541,5126,6,2,3
WH_118542,6146,1,0,2
WH_118543,14122,3,0,5
WH_118544,30091,1,0,6
WH_118545,24107,7,0,2
WH_118546,15108,2,1,4
WH_118547,24122,0,2,3
WH_118548,8126,3,0,1
WH_118549,10065,6,0,2
WH_118550,45133,1,0,2
WH_118551,18148,4,0,1
WH_118552,19106,8,0,6
WH_118553,17127,5,0,1
WH_118554,14118,1,1,1
WH_118555,42064,4,0,3
WH_118556,33130,6,2,3
WH_118557,23089,1,0,3
WH_118558,26116,8,3,6
WH_118559,20074,1,3,2
WH_118560,8118,8,1,4
WH_118561,28086,1,0,3
WH_118562,5122,4,1,3
WH_118564,30104,6,0,5
WH_118565,43138,8,1,2
WH_118566,15126,7,0,3
WH_118567,28079,8,0,2
WH_118568,16130,1,1,6
WH_118569,8120,3,0,1
WH_118570,20112,3,0,5
WH_118571,31087,7,1,3
WH_118572,31100,5,1,4
WH_118573,33060,6,0,3
WH_118574,27106,3,3,4
WH_118575,31097,0,0,4
WH_118576,36056,4,1,6
WH_118577,23140,0,0,2
WH_118578,33067,7,2,3
WH_118579,21112,3,0,4
WH_118580,29066,4,2,2
WH_118581,22127,3,1,5
WH_118582,53116,6,0,4
WH_118583,31111,6,4,6
WH_118584,7084,4,0,2
WH_118585,50106,1,1,6
WH_118586,21108,1,0,3
WH_118587,24058,8,0,3
WH_118588,25100,8,0,3
WH_118589,37118,3,0,6
WH_118590,27128,1,0,2
WH_118591,21144,7,0,4
WH_118592,15063,8,0,1
WH_118593,35141,6,0,4
WH_118594,37129,6,1,3
WH_118595,9071,4,3,4
WH_118596,27074,4,1,2
WH_118597,10066,7,3,1
WH_118598,13080,6,0,2
WH_118599,42073,3,1,2
WH_118600,14059,1,1,4
WH_118601,19062,1,0,4
WH_118602,13075,4,0,5
WH_118603,19126,2,2,4
WH_118604,28120,6,3,4
WH_118605,7148,3,0,3
WH_118606,20095,3,0,5
WH_118607,25127,7,0,2
WH_118608,14073,2,4,2
WH_118609,5068,3,0,1
WH_118610,31084,0,0,6
WH_118611,9104,1,1,2
WH_118612,35073,5,1,2
WH_118613,14082,5,0,3
WH_118614,23087,0,0,3
WH_118615,16084,6,0,2
WH_118616,31102,5,0,5
WH_118617,5146,3,0,2
WH_118618,14059,7,0,6
WH_118619,24121,3,0,6
WH_118620,22142,3,1,5
WH_118621,6120,1,0,2
WH_118622,21131,0,0,3
WH_118623,32077,1,2,5
WH_118624,50135,5,0,6
WH_118625,7127,2,0,2
WH_118626,12081,0,0,6
WH_118627,30110,0,0,4
WH_118628,25133,5,2,6
WH_118629,28084,6,0,3
WH_118630,30143,5,1,3
WH_118632,20099,5,1,3
WH_118634,27095,0,0,2
WH_118635,28150,7,3,2
WH_118636,7055,6,0,3
WH_118637,30088,5,1,5
WH_118638,28118,3,0,6
WH_118639,21103,7,0,3
WH_118640,17103,4,0,1
WH_118641,31110,2,0,2
WH_118642,8082,5,0,4
WH_118643,32148,4,0,4
WH_118644,20134,5,0,1
WH_118645,16129,8,0,5
WH_118646,6123,1,1,1
WH_118647,54133,4,0,6
WH_118648,14110,8,1,6
WH_118649,32106,3,0,2
WH_118650,11081,5,4,1
WH_118651,15103,0,2,5
WH_118652,31131,6,0,3
WH_118653,17076,8,0,4
WH_118654,9111,8,1,5
WH_118655,38098,1,1,3
WH_118656,52145,5,0,3
WH_118657,8064,6,1,3
WH_118658,28141,6,0,6
WH_118660,8063,1,5,1
WH_118661,22096,0,0,5
WH_118662,11132,1,0,3
WH_118663,37070,7,0,5
WH_118664,19143,7,1,5
WH_118665,7091,1,1,3
WH_118666,17115,5,1,6
WH_118667,16150,0,2,5
WH_118668,34137,7,0,3
WH_118669,5127,4,0,1
WH_118670,34064,4,2,2
WH_118671,22108,1,0,5
WH_118672,23116,7,0,4
WH_118673,43096,8,0,5
WH_118674,4071,6,0,1
WH_118675,28061,1,1,2
WH_118676,15151,8,1,2
WH_118678,33084,1,0,3
WH_118679,8075,2,0,1
WH_118680,47134,6,2,3
WH_118681,6077,7,0,1
WH_118682,32147,3,0,6
WH_118683,16118,8,0,4
WH_118684,23148,4,0,5
WH_118685,6132,4,0,1
WH_118686,16080,8,1,2
WH_118687,31087,5,1,3
WH_118688,18060,0,0,4
WH_118689,14058,6,3,3
WH_118690,6093,3,1,1
WH_118691,32075,1,0,2
WH_118692,29085,4,0,5
WH_118693,37091,7,0,6
WH_118694,8079,2,2,2
WH_118695,5082,0,1,2
WH_118697,41056,8,0,4
WH_118698,36055,5,0,3
WH_118699,32140,2,4,6
WH_118700,33088,8,0,6
WH_118701,34066,1,0,5
WH_118702,5144,6,2,2
WH_118703,43086,8,0,3
WH_118704,35128,6,0,6
WH_118705,13129,1,0,3
WH_118706,12056,2,0,5
WH_118707,28141,3,2,4
WH_118708,32149,2,1,2
WH_118709,26147,3,0,3
WH_118710,26072,3,0,4
WH_118711,5116,3,1,1
WH_118712,6074,8,2,3
WH_118713,17091,4,2,6
WH_118714,7088,3,1,4
WH_118715,30150,3,1,2
WH_118716,12102,1,0,4
WH_118717,28117,4,1,2
WH_118718,33107,2,0,3
WH_118719,30092,7,2,4
WH_118720,31079,4,0,4
WH_118721,22058,7,1,3
WH_118722,24056,7,0,6
WH_118723,21059,6,0,1
WH_118724,17094,1,0,1
WH_118725,30114,7,1,5
WH_118726,5080,0,3,1
WH_118727,30130,5,4,6
WH_118728,9069,4,0,2
WH_118729,24132,1,3,6
WH_118730,16123,1,2,1
WH_118731,22135,7,2,6
WH_118732,17079,1,0,2
WH_118733,7105,3,0,1
WH_118734,28119,5,0,5
WH_118735,23098,6,0,2
WH_118736,52064,0,0,3
WH_118738,29077,6,0,5
WH_118739,30082,8,0,5
WH_118740,13082,6,0,1
WH_118741,28090,5,0,4
WH_118742,7085,0,3,3
WH_118743,29115,4,0,5
WH_118744,20058,4,0,2
WH_118745,8086,8,0,3
WH_118746,24074,8,0,2
WH_118747,8107,8,0,2
WH_118748,28103,6,0,6
WH_118749,6078,7,1,6
WH_118750,31062,3,2,4
WH_118751,26146,5,0,2
WH_118752,28151,1,1,2
WH_118753,53057,4,0,6
WH_118754,6151,5,0,3
WH_118755,19151,3,1,6
WH_118756,6130,8,0,2
WH_118757,28056,1,2,4
WH_118758,17105,6,0,2
WH_118759,16094,2,0,1
WH_118760,14126,1,1,1
WH_118761,21125,0,1,3
WH_118762,35070,5,0,5
WH_118763,25081,3,2,4
WH_118764,12078,7,1,1
WH_118765,7148,4,3,2
WH_118766,26114,2,0,6
WH_118767,24071,0,0,6
WH_118768,11088,7,0,4
WH_118769,23115,0,0,6
WH_118770,37129,4,1,3
WH_118771,28133,5,0,3
WH_118772,27066,6,0,2
WH_118774,21059,7,0,6
WH_118775,11076,1,1,5
WH_118776,19062,7,0,6
WH_118777,31128,6,2,5
WH_118778,24055,7,0,3
WH_118779,27068,1,1,2
WH_118780,32126,8,0,3
WH_118781,17106,3,0,5
WH_118782,32090,0,2,2
WH_118783,8135,5,1,3
WH_118784,9146,0,1,6
WH_118785,14079,5,0,2
WH_118786,25102,5,0,2
WH_118787,22126,0,0,6
WH_118788,19085,5,0,4
WH_118789,18100,8,2,4
WH_118790,21093,3,0,6
WH_118791,17145,7,0,6
WH_118792,23117,7,0,6
WH_118793,32148,4,0,5
WH_118794,33111,1,1,3
WH_118795,34083,6,0,5
WH_118796,16062,1,0,3
WH_118797,29074,8,0,3
WH_118798,36073,3,1,4
WH_118799,6141,5,4,2
WH_118800,10149,7,1,4
WH_118801,19101,2,0,5
WH_118802,31131,5,0,3
WH_118803,25059,2,0,3
WH_118804,15102,0,5,1
WH_118805,6084,6,0,1
WH_118806,28109,0,3,6
WH_118807,24103,1,0,5
WH_118808,14091,2,0,2
WH_118809,30060,5,4,4
WH_118810,22135,2,0,6
WH_118811,18129,0,1,6
WH_118812,7132,3,0,1
WH_118813,8123,5,0,1
WH_118814,14142,3,0,6
WH_118815,19063,3,0,5
WH_118816,30058,4,0,2
WH_118817,28069,0,0,3
WH_118818,7108,4,0,3
WH_118819,21127,2,0,3
WH_118820,35121,5,1,6
WH_118821,5059,1,0,2
WH_118822,10123,2,1,1
WH_118823,8118,2,0,5
WH_118824,27082,4,0,1
WH_118825,32134,1,5,6
WH_118826,32065,0,1,6
WH_118827,8072,2,0,3
WH_118828,35139,2,2,2
WH_118829,18098,7,0,6
WH_118830,13108,2,2,6
WH_118831,51084,0,1,6
WH_118832,25146,3,0,6
WH_118834,13078,1,1,3
WH_118835,30092,7,0,2
WH_118836,11067,7,0,1
WH_118837,27103,5,1,5
WH_118838,16096,8,2,5
WH_118839,17089,7,0,1
WH_118840,33149,2,3,5
WH_118841,22148,6,0,5
WH_118842,16101,3,0,2
WH_118843,23115,7,0,6
WH_118844,50092,4,0,4
WH_118845,30103,0,0,6
WH_118846,31099,3,1,6
WH_118847,14059,8,0,3
WH_118848,16103,6,2,5
WH_118849,25128,6,0,2
WH_118850,5135,2,4,1
WH_118851,15147,4,2,6
WH_118852,31061,2,4,5
WH_118853,7104,4,0,3
WH_118854,22069,0,0,6
WH_118855,42132,0,0,2
WH_118856,34083,0,1,2
WH_118857,21142,6,0,2
WH_118858,25055,4,0,4
WH_118860,39068,1,0,4
WH_118861,35106,7,5,6
WH_118862,31109,7,5,4
WH_118863,21067,8,0,5
WH_118864,27136,2,0,4
WH_118865,29097,1,2,4
WH_118867,12143,1,0,3
WH_118868,7082,8,0,2
WH_118869,36138,5,0,6
WH_118870,27088,4,0,6
WH_118871,27135,0,0,2
WH_118872,12094,0,0,5
WH_118873,23123,6,0,4
WH_118874,6104,8,3,2
WH_118875,24140,5,3,2
WH_118876,29137,8,0,3
WH_118877,52135,7,0,2
WH_118878,9128,7,0,3
WH_118879,9086,1,0,3
WH_118880,40113,3,4,4
WH_118881,8063,6,0,1
WH_118882,18094,5,1,1
WH_118883,28139,6,0,3
WH_118884,15079,7,0,2
WH_118885,21122,4,0,5
WH_118886,12076,7,0,1
WH_118887,23111,4,0,5
WH_118888,28128,2,0,2
WH_118889,28135,0,0,4
WH_118890,20071,1,0,2
WH_118891,27107,5,0,6
WH_118892,12058,1,4,6
WH_118893,31144,6,0,3
WH_118894,5077,6,2,1
WH_118895,25149,8,1,6
WH_118896,28098,1,0,2
WH_118897,20068,0,0,4
WH_118898,14149,0,0,5
WH_118899,36081,5,1,6
WH_118900,21081,3,2,6
WH_118901,13084,3,0,1
WH_118902,22061,1,1,3
WH_118903,27123,5,2,6
WH_118906,31133,1,1,2
WH_118907,21126,2,0,5
WH_118908,27143,7,1,4
WH_118910,12098,1,0,6
WH_118911,25131,8,1,2
WH_118912,23108,4,0,1
WH_118913,22145,0,0,3
WH_118914,10088,0,1,1
WH_118915,22083,3,1,6
WH_118916,26109,6,0,4
WH_118917,32118,7,0,3
WH_118918,25087,0,0,6
WH_118919,7102,0,0,1
WH_118920,32066,6,0,2
WH_118921,18143,8,0,6
WH_118922,25149,8,0,4
WH_118923,25064,8,0,2
WH_118924,28074,4,3,6
WH_118925,29124,1,0,2
WH_118926,29089,0,3,5
WH_118927,21082,3,2,6
WH_118928,31120,6,0,2
WH_118929,31062,5,0,3
WH_118930,12116,4,0,6
WH_118931,30147,6,0,2
WH_118932,31057,5,1,2
WH_118933,30083,4,0,4
WH_118934,42142,2,0,4
WH_118935,6095,8,0,3
WH_118936,10142,0,1,4
WH_118937,13071,0,1,4
WH_118938,21138,4,0,5
WH_118939,11089,8,0,2
WH_118940,19131,4,0,3
WH_118941,30117,8,1,2
WH_118942,20084,4,1,2
WH_118943,15136,8,0,5
WH_118944,19116,1,2,2
WH_118945,32066,8,3,3
WH_118946,25066,3,0,5
WH_118947,5129,4,0,1
WH_118948,49129,0,1,4
WH_118949,23144,1,1,5
WH_118950,28129,7,1,3
WH_118951,50084,4,0,2
WH_118952,31093,1,0,6
WH_118953,15075,7,0,4
WH_118954,20108,2,0,5
WH_118955,7066,3,0,3
WH_118956,33109,3,0,6
WH_118957,13131,3,0,3
WH_118958,29074,3,0,3
WH_118959,5064,4,4,3
WH_118960,8100,6,1,2
WH_118961,23128,3,0,5
WH_118962,18111,8,1,4
WH_118963,5082,2,1,2
WH_118964,22103,8,0,6
WH_118965,6094,7,0,6
WH_118966,27121,5,0,3
WH_118967,49102,1,0,5
WH_118968,28123,2,0,6
WH_118969,8104,3,3,4
WH_118970,19111,8,0,3
WH_118971,18066,0,1,3
WH_118972,31147,1,1,5
WH_118973,19132,3,3,2
WH_118975,31137,0,0,4
WH_118976,12146,2,1,1
WH_118977,29059,7,0,4
WH_118978,13083,3,1,2
WH_118979,7089,4,0,3
WH_118980,35102,5,0,2
WH_118981,19136,0,0,4
WH_118982,26140,3,0,5
WH_118983,38073,5,0,2
WH_118984,5148,7,0,2
WH_118985,18104,7,0,1
WH_118987,31102,7,0,2
WH_118988,43113,5,0,2
WH_118989,7143,4,0,3
WH_118990,8133,7,3,2
WH_118991,21124,8,1,5
WH_118992,32084,3,3,4
WH_118993,19110,5,0,4
WH_118994,43113,1,0,3
WH_118995,29126,1,1,5
WH_118996,5142,2,2,3
WH_118997,16064,5,0,4
WH_118998,23142,2,0,5
WH_118999,32070,5,0,4
WH_119000,12130,8,1,5
WH_119002,37147,0,2,4
WH_119003,43100,1,0,3
WH_119004,14081,8,0,2
WH_119005,30062,8,1,5
WH_119006,6096,4,0,5
WH_119007,5096,1,4,1
WH_119008,38121,1,0,5
WH_119009,25075,1,0,2
WH_119010,14146,5,1,2
WH_119011,6078,4,0,2
WH_119012,8126,6,1,1
WH_119013,35069,5,0,4
WH_119014,30085,8,0,4
WH_119015,14097,0,0,5
WH_119016,9057,6,1,2
WH_119017,36057,1,0,3
WH_119018,16143,5,5,4
WH_119019,43104,8,0,5
WH_119020,25094,8,0,5
WH_119021,6097,5,0,2
WH_119022,13081,7,0,3
WH_119023,7107,4,0,3
WH_119024,23145,1,2,5
WH_119025,20141,7,0,4
WH_119026,25096,7,1,4
WH_119027,25060,3,0,5
WH_119028,10065,6,0,1
WH_119029,19133,6,1,5
WH_119030,24104,7,0,4
WH_119031,30117,8,5,5
WH_119032,11134,0,0,1
WH_119034,35090,4,0,6
WH_119035,37080,6,0,6
WH_119036,7077,3,0,6
WH_119037,8077,6,5,2
WH_119038,20124,8,3,2
WH_119039,35088,6,4,3
WH_119040,22148,6,0,5
WH_119041,30115,0,0,3
WH_119042,11072,2,0,1
WH_119043,5095,3,2,1
WH_119044,17066,2,0,6
WH_119045,41064,8,1,4
WH_119046,26133,5,1,2
WH_119047,49145,8,0,2
WH_119048,32102,7,0,6
WH_119049,14073,5,0,4
WH_119050,13103,0,0,3
WH_119051,30110,0,0,3
WH_119052,33103,8,0,3
WH_119053,48059,8,0,3
WH_119054,46135,1,0,2
WH_119055,9055,0,0,2
WH_119056,23115,3,0,2
WH_119057,5100,8,1,5
WH_119058,14135,6,1,1
WH_119059,29093,6,0,6
WH_119060,11080,6,2,2
WH_119061,13080,5,1,3
WH_119062,21143,0,0,3
WH_119063,16106,0,1,4
WH_119064,14072,4,0,1
WH_119065,47085,4,0,4
WH_119066,25067,0,0,6
WH_119067,38135,4,0,4
WH_119068,22073,1,4,4
WH_119069,6070,6,2,3
WH_119070,7055,8,1,3
WH_119071,5142,3,0,3
WH_119072,17148,1,0,5
WH_119073,19083,7,1,6
WH_119074,16103,5,0,3
WH_119075,32145,6,3,5
WH_119076,28063,3,1,6
WH_119077,40101,5,0,6
WH_119078,11122,0,0,2
WH_119079,21107,6,0,5
WH_119080,10128,6,0,6
WH_119081,20091,0,4,4
WH_119082,15106,8,0,6
WH_119083,7067,7,0,5
WH_119084,42057,0,1,4
WH_119085,21094,0,4,6
WH_119086,24070,6,1,4
WH_119087,22127,0,0,2
WH_119088,5131,5,0,1
WH_119089,29083,0,0,3
WH_119090,11103,1,1,6
WH_119091,14093,4,2,4
WH_119092,20091,1,0,1
WH_119093,24055,6,3,5
WH_119094,19072,3,1,6
WH_119095,6123,8,2,6
WH_119096,19138,3,2,2
WH_119097,28089,5,2,5
WH_119098,40084,5,0,4
WH_119099,29132,5,0,2
WH_119100,17105,5,1,4
WH_119101,33114,0,0,2
WH_119102,36137,8,1,4
WH_119103,53072,1,0,4
WH_119104,18097,0,2,6
WH_119105,6104,8,3,4
WH_119106,11077,4,0,6
WH_119107,11133,0,0,6
WH_119108,23132,4,1,5
WH_119109,10150,2,3,1
WH_119110,11113,6,1,4
WH_119111,41120,0,0,5
WH_119112,12141,7,0,6
WH_119113,49106,5,0,4
WH_119115,5150,3,1,2
WH_119116,34076,6,2,5
WH_119118,45098,7,0,2
WH_119119,33146,0,2,6
WH_119120,4100,6,0,2
WH_119122,28072,4,0,6
WH_119123,7111,5,0,2
WH_119124,5141,2,3,3
WH_119125,51089,0,1,5
WH_119126,24134,1,0,3
WH_119127,28109,1,0,6
WH_119128,21134,6,1,3
WH_119129,32092,5,0,3
WH_119131,39130,0,0,2
WH_119132,16068,1,0,4
WH_119133,24088,5,0,4
WH_119134,32127,1,0,5
WH_119135,27118,0,0,5
WH_119136,49092,2,0,6
WH_119137,25097,7,3,6
WH_119138,5104,5,0,2
WH_119139,18099,3,4,2
WH_119140,21133,6,0,2
WH_119141,19099,6,1,3
WH_119142,18083,3,1,3
WH_119143,44127,1,0,2
WH_119144,9103,3,0,4
WH_119145,11056,3,1,5
WH_119147,7139,5,4,4
WH_119148,22108,3,0,6
WH_119149,28055,4,0,4
WH_119150,31107,7,4,2
WH_119151,25125,7,0,5
WH_119152,24116,4,0,2
WH_119153,29122,6,0,6
WH_119154,30068,0,5,3
WH_119155,29129,7,0,5
WH_119156,47131,7,0,6
WH_119157,21126,3,0,3
WH_119158,27114,7,0,4
WH_119159,24084,7,0,6
WH_119160,12068,3,1,4
WH_119161,29113,7,0,3
WH_119162,35082,6,1,2
WH_119163,37091,3,1,5
WH_119164,47132,1,0,6
WH_119165,6099,8,4,2
WH_119166,21088,1,0,3
WH_119167,24127,5,0,4
WH_119168,13060,7,4,2
WH_119169,41057,1,0,2
WH_119170,24121,6,3,3
WH_119171,18130,0,0,4
WH_119172,36126,0,0,2
WH_119173,30121,7,2,2
WH_119174,47080,6,0,3
WH_119175,15068,5,0,5
WH_119177,8078,0,0,3
WH_119178,9082,3,0,4
WH_119179,35133,5,0,5
WH_119180,13132,4,0,3
WH_119181,19057,7,1,6
WH_119182,27097,0,0,6
WH_119183,34057,7,0,2
WH_119184,22087,5,0,5
WH_119185,6148,5,2,2
WH_119186,34127,1,0,2
WH_119187,27097,4,1,4
WH_119188,9061,0,1,3
WH_119189,42112,1,0,3
WH_119190,23079,8,0,6
WH_119191,18065,4,0,5
WH_119192,8066,4,0,2
WH_119193,29125,7,0,3
WH_119195,23064,0,3,4
WH_119196,8115,0,1,2
WH_119197,33081,8,0,6
WH_119198,16131,0,0,3
WH_119199,29095,4,0,5
WH_119200,41080,3,1,6
WH_119202,23061,8,3,6
WH_119203,32138,4,0,2
WH_119204,10092,8,0,3
WH_119205,28133,6,1,5
WH_119206,19064,4,0,3
WH_119207,15067,5,1,1
WH_119208,5056,3,0,2
WH_119209,9103,8,2,2
WH_119210,17068,0,1,5
WH_119211,18148,8,3,3
WH_119212,20103,3,1,2
WH_119213,23065,7,0,2
WH_119215,24071,7,3,4
WH_119216,7127,7,0,3
WH_119217,18084,3,1,2
WH_119218,23120,6,4,2
WH_119219,23118,0,1,5
WH_119220,34150,3,0,6
WH_119221,25116,5,0,6
WH_119222,28125,1,1,6
WH_119223,12117,7,0,2
WH_119224,50100,0,2,2
WH_119225,42057,4,0,4
WH_119226,14123,0,1,1
WH_119228,21099,1,5,3
WH_119230,35058,0,1,4
WH_119231,18063,5,4,4
WH_119232,43083,6,0,4
WH_119233,9148,7,0,2
WH_119234,8072,2,2,3
WH_119235,38147,8,0,3
WH_119236,14134,5,0,4
WH_119238,31106,6,2,5
WH_119239,32095,1,0,6
WH_119240,8056,1,4,4
WH_119241,33115,1,1,2
WH_119242,5121,5,0,5
WH_119243,26080,5,2,6
WH_119244,11146,4,5,4
WH_119245,12128,1,1,6
WH_119246,44074,4,0,5
WH_119247,28091,1,3,4
WH_119249,25146,0,0,5
WH_119250,21072,4,0,6
WH_119251,16142,2,0,1
WH_119252,26074,6,0,6
WH_119253,32081,1,0,5
WH_119254,8120,8,1,2
WH_119255,23078,7,1,4
WH_119256,11094,2,1,3
WH_119258,33150,5,1,5
WH_119259,11088,4,0,1
WH_119260,8126,7,0,2
WH_119261,30145,3,0,3
WH_119262,20138,7,0,4
WH_119263,36070,8,0,3
WH_119264,31134,0,0,4
WH_119265,24111,0,4,6
WH_119266,32115,3,0,2
WH_119267,8144,3,0,2
WH_119268,23097,7,1,4
WH_119271,17132,1,1,4
WH_119272,29080,6,0,6
WH_119273,7121,8,1,2
WH_119274,39088,4,0,4
WH_119275,16141,0,0,1
WH_119276,16072,7,4,2
WH_119277,33064,7,0,5
WH_119278,35078,4,0,3
WH_119279,29117,1,0,5
WH_119280,19150,8,0,6
WH_119281,29071,1,3,6
WH_119282,31058,0,1,5
WH_119283,42116,8,0,6
WH_119284,40126,0,0,2
WH_119285,22078,5,0,4
WH_119286,7079,4,1,1
WH_119287,30103,6,0,4
WH_119288,13079,8,2,4
WH_119289,22098,5,2,6
WH_119290,26080,8,0,2
WH_119291,25078,8,2,5
WH_119292,12104,2,0,1
WH_119293,40133,3,0,2
WH_119294,25104,0,0,6
WH_119295,10143,8,1,4
WH_119296,42126,8,0,3
WH_119297,5138,7,0,3
WH_119298,32079,0,1,6
WH_119299,32080,5,2,5
WH_119300,9103,8,0,2
WH_119301,48121,3,0,2
WH_119302,13072,8,0,4
WH_119303,26120,3,0,5
WH_119304,30077,7,0,2
WH_119305,11062,3,1,3
WH_119306,25136,3,0,3
WH_119307,23124,6,4,2
WH_119308,33061,7,2,3
WH_119309,20110,6,0,1
WH_119310,10080,4,0,1
WH_119311,25138,2,0,5
WH_119312,53090,3,0,6
WH_119313,27065,6,1,5
WH_119314,6060,2,1,3
WH_119315,10147,7,0,2
WH_119316,5060,7,3,5
WH_119317,14130,1,0,2
WH_119318,18064,4,1,5
WH_119319,13072,7,2,3
WH_119320,14080,4,2,6
WH_119321,39097,1,0,4
WH_119322,28057,2,0,6
WH_119323,36055,7,0,5
WH_119324,6131,6,1,1
WH_119326,25097,1,1,5
WH_119327,13135,7,2,4
WH_119328,28121,1,2,6
WH_119329,25103,8,1,6
WH_119330,13107,6,0,6
WH_119331,42118,5,1,6
WH_119333,11085,0,0,3
WH_119334,29068,7,1,5
WH_119335,47124,0,0,2
WH_119336,20113,0,0,1
WH_119337,20106,1,0,6
WH_119338,14134,4,1,4
WH_119339,26057,5,0,4
WH_119340,8058,0,3,4
WH_119341,20080,6,3,2
WH_119342,21072,6,1,1
WH_119343,12133,8,0,1
WH_119345,17090,7,1,5
WH_119346,46146,2,1,6
WH_119347,8114,6,1,2
WH_119348,29136,8,0,4
WH_119349,31113,4,0,3
WH_119350,13114,1,0,1
WH_119351,25102,2,0,6
WH_119352,47124,2,0,6
WH_119353,29098,2,0,5
WH_119354,23137,8,0,4
WH_119355,12096,2,0,1
WH_119356,31118,6,0,6
WH_119357,29111,4,4,4
WH_119358,17078,0,0,6
WH_119359,15109,7,2,3
WH_119360,30090,7,0,2
WH_119361,26080,1,0,5
WH_119362,36122,6,0,4
WH_119363,44099,6,0,3
WH_119364,40118,7,1,4
WH_119365,12098,4,0,1
WH_119366,13060,1,0,1
WH_119367,12085,2,3,3
WH_119368,15112,4,0,4
WH_119369,44143,6,0,2
WH_119370,35074,1,0,3
WH_119371,26094,2,1,5
WH_119372,22097,0,0,4
WH_119373,17090,2,1,1
WH_119374,22094,5,3,3
WH_119375,12115,0,3,6
WH_119376,5104,8,2,1
WH_119377,8075,8,0,4
WH_119378,25111,3,0,2
WH_119379,7151,1,0,4
WH_119380,5098,4,0,1
WH_119381,38111,2,1,3
WH_119382,18084,8,1,2
WH_119383,31055,2,0,2
WH_119384,12082,4,3,3
WH_119385,24093,8,0,4
WH_119386,9138,5,0,6
WH_119387,29100,7,0,4
WH_119388,31064,8,0,4
WH_119389,26132,8,0,3
WH_119390,19139,4,1,6
WH_119391,32120,7,0,6
WH_119392,32070,0,0,5
WH_119393,14137,1,1,3
WH_119394,6148,8,3,2
WH_119395,5130,3,2,2
WH_119396,12092,1,0,5
WH_119397,25139,6,1,3
WH_119398,31104,0,0,3
WH_119399,49127,6,0,5
WH_119400,22098,3,0,3
WH_119401,29084,2,3,6
WH_119402,18067,0,0,5
WH_119403,13144,7,0,2
WH_119404,46089,6,0,6
WH_119405,39056,6,0,5
WH_119406,5146,3,2,2
WH_119407,16061,4,0,5
WH_119408,21063,4,0,6
WH_119409,7075,0,2,6
WH_119410,7141,8,1,2
WH_119411,25093,5,0,5
WH_119412,15129,8,1,2
WH_119413,28084,0,0,4
WH_119414,12071,5,3,5
WH_119415,7102,6,2,1
WH_119416,18081,8,1,6
WH_119417,10141,7,0,3
WH_119418,24150,8,0,5
WH_119419,31148,1,0,6
WH_119420,8147,0,4,3
WH_119421,31061,4,0,4
WH_119422,14067,5,2,2
WH_119423,28086,6,0,6
WH_119424,8124,3,1,2
WH_119425,44149,6,0,3
WH_119426,30066,0,1,6
WH_119427,30093,6,0,5
WH_119428,6091,2,0,2
WH_119429,9106,6,0,4
WH_119430,26141,8,4,3
WH_119431,15144,6,0,2
WH_119432,22075,6,0,5
WH_119433,40075,8,0,2
WH_119434,33074,4,0,6
WH_119435,40084,1,0,5
WH_119436,15094,1,0,3
WH_119437,33121,1,0,4
WH_119438,30097,8,0,5
WH_119439,14078,0,0,2
WH_119440,7066,0,5,2
WH_119441,38141,7,0,2
WH_119442,23108,3,2,5
WH_119443,33125,8,4,5
WH_119444,8064,5,0,2
WH_119445,22071,7,2,6
WH_119446,40075,3,0,3
WH_119447,13076,0,0,3
WH_119448,32067,8,0,2
WH_119449,21141,8,3,3
WH_119450,23070,3,0,6
WH_119451,31084,6,0,4
WH_119452,43089,5,0,2
WH_119453,10061,8,0,3
WH_119454,29140,7,1,2
WH_119455,7091,7,0,3
WH_119456,5123,0,2,1
WH_119457,11143,3,0,1
WH_119458,6133,0,1,2
WH_119459,27092,5,1,5
WH_119460,33095,0,2,2
WH_119461,26092,1,2,5
WH_119462,21105,1,1,2
WH_119463,20073,5,1,6
WH_119464,6134,0,0,3
WH_119465,31130,0,0,5
WH_119466,6090,1,1,1
WH_119467,49124,2,0,3
WH_119468,11142,4,1,2
WH_119469,19085,5,1,2
WH_119470,27060,0,0,6
WH_119471,17109,8,1,5
WH_119472,8085,7,0,5
WH_119473,28117,4,0,3
WH_119474,21117,0,0,3
WH_119475,22127,2,0,4
WH_119476,28112,6,0,4
WH_119477,26151,4,1,6
WH_119478,16146,2,1,5
WH_119479,16101,8,0,3
WH_119480,4134,1,5,2
WH_119481,19117,4,2,3
WH_119482,6127,7,1,1
WH_119484,24150,1,0,5
WH_119485,34084,1,0,4
WH_119486,9075,7,0,2
WH_119487,39110,1,0,4
WH_119488,12066,1,0,6
WH_119489,21097,8,0,3
WH_119490,30131,6,1,2
WH_119491,25061,1,1,2
WH_119493,6127,8,0,4
WH_119494,20107,0,0,4
WH_119495,52080,0,0,5
WH_119496,10095,6,4,5
WH_119497,27065,4,0,5
WH_119498,27076,4,0,4
WH_119499,22075,2,0,2
WH_119500,30084,7,0,4
WH_119501,47068,4,0,3
WH_119502,15106,6,2,1
WH_119503,23079,0,2,3
WH_119504,46144,1,0,3
WH_119505,27089,5,3,5
WH_119506,16092,3,0,3
WH_119507,18087,4,0,6
WH_119508,25113,2,1,2
WH_119509,46056,7,0,4
WH_119510,6110,1,0,3
WH_119511,43097,3,0,6
WH_119512,24087,6,0,2
WH_119513,15121,0,0,3
WH_119514,13081,0,1,2
WH_119515,29106,2,0,3
WH_119516,40082,8,0,3
WH_119517,21151,8,0,3
WH_119518,41072,8,0,3
WH_119519,9071,2,0,1
WH_119520,18096,7,0,6
WH_119521,33143,3,0,2
WH_119522,5124,7,2,2
WH_119523,37120,0,0,3
WH_119524,7139,8,3,1
WH_119525,30062,2,0,6
WH_119526,17092,1,0,4
WH_119527,31089,6,0,6
WH_119528,22151,2,1,4
WH_119529,52143,7,0,4
WH_119530,6122,5,0,1
WH_119531,41114,5,1,2
WH_119532,31081,6,4,6
WH_119533,36110,4,0,3
WH_119534,26133,8,1,3
WH_119535,4111,1,3,6
WH_119536,22101,8,0,4
WH_119537,25097,1,0,5
WH_119538,30098,0,1,6
WH_119539,16087,3,3,4
WH_119540,32076,4,5,6
WH_119541,36122,0,0,6
WH_119542,15147,5,1,4
WH_119543,9100,6,0,6
WH_119544,39085,8,1,2
WH_119545,41114,3,0,3
WH_119546,8068,4,0,2
WH_119547,32132,3,2,4
WH_119548,31146,2,0,3
WH_119549,9113,5,0,3
WH_119550,20140,3,0,4
WH_119551,37102,0,0,3
WH_119552,31120,8,3,3
WH_119553,21064,8,0,2
WH_119554,48083,5,1,2
WH_119555,12109,0,0,6
WH_119556,27063,7,3,4
WH_119557,6127,4,5,3
WH_119558,28060,1,0,5
WH_119559,7141,7,1,2
WH_119560,23125,7,1,5
WH_119561,29107,4,0,4
WH_119562,21087,1,0,6
WH_119563,13117,3,1,1
WH_119564,5100,6,3,2
WH_119565,37113,2,2,3
WH_119566,18062,1,1,5
WH_119567,42077,4,0,5
WH_119568,9081,6,1,2
WH_119569,6106,5,0,2
WH_119570,8135,0,3,4
WH_119571,25113,5,0,6
WH_119572,37083,4,0,5
WH_119573,7056,3,0,2
WH_119574,10138,3,0,3
WH_119575,31120,5,2,3
WH_119576,19061,0,0,5
WH_119577,7104,4,0,5
WH_119578,23120,4,0,6
WH_119579,42108,3,0,3
WH_119580,23138,6,2,2
WH_119581,31121,4,0,6
WH_119582,8072,1,2,6
WH_119583,34065,0,0,3
WH_119585,5057,8,4,4
WH_119586,25131,1,3,5
WH_119587,23119,3,0,4
WH_119588,20113,1,0,6
WH_119589,33116,8,0,6
WH_119590,21069,4,0,1
WH_119591,16075,0,0,2
WH_119592,5068,7,0,3
WH_119593,7109,0,0,3
WH_119594,8127,0,0,2
WH_119595,39086,1,0,6
WH_119596,23123,5,0,5
WH_119597,16086,8,0,2
WH_119598,19113,8,0,5
WH_119599,20097,2,1,4
WH_119600,24098,6,1,1
WH_119601,12074,5,0,2
WH_119602,31056,4,3,4
WH_119603,21134,7,0,5
WH_119604,16064,6,2,6
WH_119605,26067,3,0,5
WH_119606,17111,7,0,4
WH_119607,21068,0,1,2
WH_119608,29124,8,2,4
WH_119609,17150,5,0,6
WH_119610,31086,5,4,4
WH_119612,24070,6,5,2
WH_119613,10148,5,1,3
WH_119614,36116,1,0,5
WH_119615,21148,2,0,4
WH_119616,51131,7,0,6
WH_119617,23094,2,1,3
WH_119618,29151,1,0,5
WH_119619,12074,2,0,1
WH_119620,24146,5,2,3
WH_119621,19108,6,2,3
WH_119622,15121,3,1,1
WH_119623,13055,6,0,6
WH_119625,22075,5,0,6
WH_119626,40131,8,0,3
WH_119627,24109,5,0,6
WH_119628,6141,1,0,3
WH_119629,22134,3,3,5
WH_119631,29086,7,4,2
WH_119632,6070,5,0,1
WH_119633,23128,7,0,3
WH_119634,20060,4,0,6
WH_119635,13103,7,0,4
WH_119636,7062,5,2,1
WH_119637,12067,5,1,4
WH_119638,17063,2,2,2
WH_119639,32138,6,0,4
WH_119640,17096,3,4,3
WH_119641,19111,5,1,6
WH_119642,26110,8,0,4
WH_119643,17108,8,1,2
WH_119644,26075,7,0,2
WH_119645,28116,1,0,6
WH_119646,12132,5,0,1
WH_119647,11112,0,1,5
WH_119648,15072,0,0,3
WH_119649,17074,0,0,2
WH_119650,27142,1,0,5
WH_119651,6057,0,2,1
WH_119652,4093,0,0,3
WH_119653,26102,4,0,3
WH_119654,40104,2,2,4
WH_119655,40074,0,0,2
WH_119656,19086,4,3,6
WH_119657,45104,0,0,3
WH_119658,6080,5,0,2
WH_119659,34069,4,1,6
WH_119661,12078,3,0,5
WH_119662,13110,3,0,3
WH_119663,33056,1,0,6
WH_119664,21077,8,0,3
WH_119665,8114,1,0,3
WH_119666,12082,1,0,1
WH_119667,7083,0,0,1
WH_119668,28120,5,0,3
WH_119669,9075,0,1,3
WH_119670,38112,4,0,5
WH_119671,17057,7,0,3
WH_119672,49127,7,0,5
WH_119673,30069,7,0,5
WH_119674,28119,7,0,5
WH_119675,6143,7,0,5
WH_119676,26075,5,0,5
WH_119677,36065,4,0,6
WH_119678,9115,6,3,3
WH_119679,47121,0,0,4
WH_119680,12142,4,0,5
WH_119681,7098,6,0,3
WH_119682,18127,4,0,3
WH_119683,32089,5,0,5
WH_119684,34064,8,1,3
WH_119685,17134,4,0,2
WH_119686,9083,7,2,1
WH_119687,22102,2,0,6
WH_119688,9131,8,1,5
WH_119689,25088,4,3,3
WH_119690,6151,3,0,2
WH_119691,32069,6,1,4
WH_119692,11084,6,0,3
WH_119693,5087,2,0,1
WH_119694,32099,4,3,6
WH_119695,43147,7,0,2
WH_119696,31068,8,3,6
WH_119697,15069,8,0,5
WH_119698,27099,3,2,4
WH_119699,5056,5,1,2
WH_119700,24123,4,2,6
WH_119701,21080,1,2,5
WH_119702,32136,7,0,3
WH_119703,26140,8,0,6
WH_119704,27149,1,0,3
WH_119705,9134,2,0,5
WH_119706,13090,4,0,1
WH_119707,17131,1,0,4
WH_119708,32103,8,0,2
WH_119709,24127,6,3,3
WH_119711,18130,3,3,5
WH_119712,29141,0,0,3
WH_119713,36057,5,1,4
WH_119714,29118,2,0,2
WH_119715,29071,0,1,4
WH_119716,21145,5,0,2
WH_119718,45120,3,1,2
WH_119719,17060,0,0,6
WH_119720,21059,0,0,6
WH_119721,42131,4,0,5
WH_119722,13136,6,3,3
WH_119723,32077,0,1,5
WH_119724,30089,5,1,2
WH_119725,21097,0,1,1
WH_119726,30129,1,0,2
WH_119727,32094,0,1,4
WH_119728,20090,4,1,5
WH_119729,21148,4,3,6
WH_119730,6099,2,0,3
WH_119731,7097,1,0,3
WH_119732,30066,5,1,1
WH_119733,11090,3,0,6
WH_119734,16150,4,0,5
WH_119735,33075,7,1,3
WH_119736,6140,0,0,5
WH_119737,25139,2,0,4
WH_119738,23137,6,0,4
WH_119739,30124,0,0,2
WH_119740,33121,1,0,3
WH_119741,41145,6,0,6
WH_119742,29124,3,1,6
WH_119743,23130,3,2,2
WH_119744,32072,0,1,6
WH_119745,44097,8,1,6
WH_119746,31123,4,0,3
WH_119747,34073,8,0,3
WH_119748,30103,7,0,5
WH_119749,29063,7,0,5
WH_119750,5148,0,0,1
WH_119751,20060,8,1,5
WH_119752,29101,7,0,6
WH_119753,35063,8,1,5
WH_119754,31125,4,2,4
WH_119755,21143,3,0,2
WH_119756,8094,6,0,2
WH_119757,7097,7,0,6
WH_119758,29074,6,0,3
WH_119759,26106,7,0,4
WH_119760,6121,7,0,1
WH_119761,23068,7,1,2
WH_119762,36094,2,0,3
WH_119763,32067,6,0,3
WH_119764,20137,6,1,4
WH_119765,32132,7,0,5
WH_119766,17089,6,2,6
WH_119767,37093,0,0,3
WH_119768,25077,5,0,4
WH_119769,32104,4,1,6
WH_119770,42115,8,0,5
WH_119771,36086,2,0,6
WH_119772,13064,0,0,6
WH_119773,27075,0,1,4
WH_119775,11137,7,1,6
WH_119776,41145,6,4,2
WH_119777,28124,8,1,3
WH_119778,21065,0,0,6
WH_119779,29145,0,0,3
WH_119780,28087,0,2,4
WH_119781,39095,6,0,3
WH_119782,7139,8,0,1
WH_119783,6064,3,1,3
WH_119784,22059,6,0,6
WH_119785,11102,5,0,3
WH_119786,12126,0,1,4
WH_119787,5124,5,1,6
WH_119788,19107,3,0,4
WH_119790,26076,6,0,4
WH_119791,24077,1,0,5
WH_119792,6124,3,0,3
WH_119793,30056,0,2,5
WH_119794,30098,0,0,4
WH_119795,7109,5,1,1
WH_119796,16116,1,0,4
WH_119797,19135,0,0,5
WH_119798,9145,1,0,2
WH_119799,28089,0,0,4
WH_119800,23113,5,4,4
WH_119801,4150,7,0,2
WH_119802,10069,8,0,1
WH_119803,32088,4,0,3
WH_119804,40101,0,0,3
WH_119805,29074,1,0,6
WH_119806,28093,5,0,2
WH_119807,13060,5,0,6
WH_119808,22108,3,1,2
WH_119809,16114,7,0,6
WH_119810,12137,6,0,5
WH_119811,32114,4,0,3
WH_119812,39132,6,0,6
WH_119813,6067,6,3,2
WH_119814,21118,0,1,5
WH_119815,7117,1,0,3
WH_119816,14062,1,0,3
WH_119817,33135,7,0,4
WH_119819,14134,5,1,2
WH_119820,35074,5,3,3
WH_119821,15140,5,0,2
WH_119822,7082,4,0,3
WH_119823,28137,0,3,3
WH_119824,36073,7,3,2
WH_119825,7132,5,1,3
WH_119826,5124,3,1,2
WH_119827,28125,3,0,5
WH_119828,39073,5,1,3
WH_119829,13134,4,3,4
WH_119830,39102,4,0,6
WH_119831,22077,8,1,4
WH_119832,5084,4,2,3
WH_119833,6091,5,0,3
WH_119834,7096,0,0,1
WH_119835,14122,6,0,4
WH_119836,30117,1,0,3
WH_119837,8098,3,0,1
WH_119838,16079,2,3,2
WH_119839,21079,4,0,3
WH_119840,25112,7,1,4
WH_119841,24074,6,0,5
WH_119842,8144,1,0,5
WH_119843,29149,5,1,4
WH_119844,4113,8,0,2
WH_119846,19122,8,1,6
WH_119847,30070,8,0,4
WH_119848,11093,1,1,2
WH_119849,33079,3,1,6
WH_119851,22138,8,0,2
WH_119852,35056,3,1,6
WH_119853,47150,6,0,4
WH_119854,29093,2,0,3
WH_119855,19132,6,0,5
WH_119856,20077,3,0,6
WH_119857,8056,4,0,3
WH_119858,30108,8,0,3
WH_119859,33131,7,4,4
WH_119860,17150,8,0,6
WH_119861,25070,4,1,3
WH_119862,5133,6,2,2
WH_119863,54108,7,0,6
WH_119864,5115,5,0,3
WH_119865,26104,7,1,1
WH_119866,32105,6,1,3
WH_119867,13115,8,0,6
WH_119868,13055,5,3,2
WH_119869,31088,5,0,2
WH_119870,34138,5,1,4
WH_119871,11113,0,0,6
WH_119872,25108,5,0,3
WH_119873,14059,0,0,2
WH_119874,46109,1,0,5
WH_119875,9116,1,2,2
WH_119876,49089,1,0,2
WH_119877,18106,4,0,5
WH_119878,29144,6,0,3
WH_119879,13106,2,0,5
WH_119880,17063,4,5,2
WH_119881,7113,5,0,2
WH_119882,21137,7,2,4
WH_119883,24128,1,0,3
WH_119884,23135,8,0,4
WH_119885,18086,1,0,2
WH_119886,8071,0,2,3
WH_119887,25140,6,2,2
WH_119888,32079,4,0,5
WH_119889,21139,5,4,4
WH_119890,8137,7,1,2
WH_119891,8131,3,0,1
WH_119892,7072,3,0,1
WH_119893,24056,0,1,1
WH_119894,48087,6,0,2
WH_119895,10122,8,2,2
WH_119896,28101,4,3,4
WH_119897,27060,2,0,2
WH_119898,8060,0,2,3
WH_119899,32128,6,0,5
WH_119900,30105,6,0,4
WH_119901,9122,8,1,2
WH_119902,19104,5,0,4
WH_119903,12064,1,0,2
WH_119905,30078,1,1,3
WH_119906,22112,6,0,2
WH_119907,44091,2,0,6
WH_119908,44059,8,0,6
WH_119909,6063,2,0,5
WH_119910,35127,4,0,4
WH_119911,20088,1,0,5
WH_119912,12116,4,0,4
WH_119913,8132,7,3,2
WH_119914,40115,5,0,5
WH_119915,41082,6,2,3
WH_119916,22080,6,0,4
WH_119917,31118,6,0,4
WH_119918,30131,6,0,2
WH_119919,12114,4,1,5
WH_119920,29086,3,4,5
WH_119921,40055,3,1,2
WH_119922,27147,0,0,5
WH_119923,8108,6,0,5
WH_119924,14134,7,0,2
WH_119925,12143,1,0,2
WH_119926,32082,7,0,4
WH_119927,5069,4,0,2
WH_119928,21101,0,0,6
WH_119930,35112,8,0,2
WH_119931,15059,1,3,5
WH_119932,33091,4,0,3
WH_119933,24101,5,2,3
WH_119934,29072,1,0,5
WH_119935,4066,0,3,4
WH_119936,25149,4,0,4
WH_119937,22095,5,1,3
WH_119938,35102,0,0,5
WH_119939,6131,1,0,1
WH_119940,7144,7,0,1
WH_119941,22071,7,1,4
WH_119942,29064,6,0,2
WH_119943,23105,6,2,6
WH_119944,11080,3,0,5
WH_119945,20072,8,1,6
WH_119946,7090,0,1,1
WH_119947,27102,8,0,5
WH_119948,33142,1,2,6
WH_119949,16137,4,0,3
WH_119950,31126,1,0,2
WH_119951,29122,1,0,6
WH_119952,21089,3,0,2
WH_119954,32123,7,0,6
WH_119955,40091,6,1,3
WH_119956,26136,1,4,5
WH_119957,44057,5,1,5
WH_119958,19106,1,2,5
WH_119959,46080,7,1,4
WH_119960,31142,3,1,5
WH_119961,31148,6,1,5
WH_119962,33092,6,0,5
WH_119963,22071,4,0,6
WH_119964,6081,0,0,4
WH_119965,31099,8,0,6
WH_119966,12065,5,1,2
WH_119967,20148,0,0,5
WH_119968,36080,3,0,2
WH_119969,11070,2,2,6
WH_119970,17070,0,0,1
WH_119971,31126,6,0,4
WH_119972,13110,1,1,4
WH_119973,31092,6,0,5
WH_119974,21141,7,0,4
WH_119975,30071,8,0,3
WH_119976,5061,4,0,1
WH_119977,8077,6,0,2
WH_119978,32076,5,0,5
WH_119979,19059,5,1,1
WH_119980,16145,6,0,1
WH_119981,8055,2,0,4
WH_119982,28121,6,0,4
WH_119983,16064,6,2,2
WH_119984,15078,1,0,1
WH_119985,23133,1,3,5
WH_119986,22061,1,0,3
WH_119987,16091,8,0,3
WH_119988,25140,6,2,3
WH_119989,26083,1,1,3
WH_119990,23103,5,0,4
WH_119991,31129,4,0,4
WH_119992,14058,8,3,4
WH_119993,22067,3,0,4
WH_119994,30146,2,0,4
WH_119995,23085,2,1,6
WH_119996,27080,4,0,5
WH_119997,8107,1,1,1
WH_119998,46150,0,0,4
WH_119999,29087,7,0,3
WH_120001,46100,0,0,3
WH_120002,31126,7,0,4
WH_120003,18062,5,5,3
WH_120004,38126,0,0,2
WH_120006,23115,3,2,4
WH_120007,6080,7,0,2
WH_120008,34067,3,0,6
WH_120009,42135,8,1,6
WH_120010,30086,1,0,4
WH_120011,20119,7,0,5
WH_120012,5114,4,4,1
WH_120013,8147,0,0,5
WH_120015,9102,3,0,2
WH_120016,31118,1,4,4
WH_120017,37101,8,0,3
WH_120018,11097,4,0,6
WH_120019,23105,1,0,6
WH_120020,19065,6,1,6
WH_120021,16094,7,0,1
WH_120022,14061,1,1,2
WH_120023,18056,4,1,1
WH_120024,6058,6,2,1
WH_120025,38105,7,0,5
WH_120026,15079,8,1,2
WH_120027,25085,7,0,5
WH_120028,14072,6,4,3
WH_120029,32060,5,0,6
WH_120030,6122,1,3,2
WH_120031,7146,7,0,3
WH_120032,23123,8,0,5
WH_120033,31124,2,3,3
WH_120034,33132,0,0,3
WH_120035,5127,7,4,3
WH_120036,29111,6,0,5
WH_120037,28107,2,0,6
WH_120038,5096,8,0,2
WH_120039,13126,8,2,6
WH_120040,23079,4,0,4
WH_120041,38081,3,0,6
WH_120042,21076,7,0,3
WH_120043,41145,7,1,4
WH_120044,30062,5,0,4
WH_120045,9141,1,0,2
WH_120046,24119,4,3,2
WH_120047,7058,4,0,3
WH_120048,28142,6,0,6
WH_120049,10147,1,0,1
WH_120050,19135,7,5,6
WH_120051,20112,6,4,4
WH_120052,23128,4,0,2
WH_120053,32113,6,0,6
WH_120054,28069,3,0,3
WH_120055,36123,1,1,5
WH_120056,5103,7,2,3
WH_120057,10135,5,2,4
WH_120058,18146,3,0,2
WH_120059,48147,0,0,6
WH_120060,18083,3,3,4
WH_120061,42076,4,0,3
WH_120063,15149,8,0,1
WH_120064,49059,4,0,6
WH_120065,44121,3,0,4
WH_120066,7077,4,0,3
WH_120067,34105,7,0,2
WH_120068,7121,1,2,1
WH_120069,11109,1,0,6
WH_120070,22110,5,1,1
WH_120071,29134,2,0,2
WH_120072,22069,5,0,4
WH_120073,8125,8,0,2
WH_120074,30136,6,0,5
WH_120075,33131,5,2,5
WH_120076,33090,7,0,5
WH_120077,19093,4,0,6
WH_120078,38113,3,1,6
WH_120079,43063,4,0,6
WH_120080,23144,6,2,3
WH_120081,24132,5,2,4
WH_120082,7059,2,5,6
WH_120083,9103,5,2,3
WH_120084,28067,3,0,2
WH_120085,14097,4,0,4
WH_120086,34079,0,2,3
WH_120087,23125,0,0,2
WH_120088,18072,0,4,2
WH_120089,40082,3,1,2
WH_120090,33128,0,0,5
WH_120091,32093,4,0,3
WH_120092,26061,7,0,5
WH_120093,35106,3,0,2
WH_120094,8069,5,1,1
WH_120095,23086,5,4,2
WH_120096,34066,4,2,2
WH_120097,55095,4,0,5
WH_120098,7114,4,0,3
WH_120099,47134,7,0,2
WH_120100,29067,1,0,3
WH_120101,25082,6,0,2
WH_120102,36117,2,1,6
WH_120103,35087,6,0,2
WH_120104,22085,0,2,2
WH_120105,10125,6,1,6
WH_120106,23058,4,0,6
WH_120107,22075,1,0,6
WH_120108,15073,6,0,2
WH_120109,29091,3,1,2
WH_120110,6104,0,3,6
WH_120111,29101,6,2,4
WH_120112,14086,2,3,2
WH_120113,11126,7,0,2
WH_120114,19074,6,3,3
WH_120115,17077,6,3,4
WH_120116,26089,8,0,3
WH_120117,49064,3,0,2
WH_120118,25124,3,3,3
WH_120119,29112,4,0,2
WH_120120,43107,8,0,4
WH_120121,28135,3,1,4
WH_120122,33130,4,0,4
WH_120123,10117,2,0,1
WH_120124,31061,4,1,5
WH_120125,7107,2,0,3
WH_120126,5061,6,2,2
WH_120127,33123,2,1,4
WH_120128,40135,1,0,3
WH_120129,53140,0,0,6
WH_120130,10132,8,0,2
WH_120131,16104,8,4,5
WH_120132,21065,5,3,6
WH_120133,14092,1,1,4
WH_120135,5082,4,1,1
WH_120136,11068,6,1,6
WH_120137,16123,7,4,6
WH_120138,22142,4,0,5
WH_120139,6132,5,0,1
WH_120140,23084,8,0,2
WH_120141,31139,6,0,2
WH_120142,15121,5,0,2
WH_120143,22145,3,0,4
WH_120144,38078,5,0,4
WH_120145,15080,8,1,2
WH_120146,26118,7,0,6
WH_120147,24129,7,2,3
WH_120148,19114,7,1,2
WH_120149,20075,1,1,4
WH_120150,15137,0,3,6
WH_120151,17109,2,5,3
WH_120152,31114,5,0,2
WH_120153,31136,4,1,4
WH_120154,20081,6,0,6
WH_120155,26089,7,2,2
WH_120156,6066,0,0,1
WH_120157,6084,5,1,2
WH_120158,16136,5,0,2
WH_120159,18141,8,0,3
WH_120160,6063,3,0,1
WH_120162,11129,1,0,6
WH_120163,27125,8,2,6
WH_120164,48083,0,0,3
WH_120165,26080,4,1,2
WH_120166,7096,0,0,2
WH_120167,8129,5,0,1
WH_120168,31076,2,0,4
WH_120169,28112,3,3,5
WH_120170,11096,7,1,3
WH_120171,18102,1,0,4
WH_120172,8146,2,1,2
WH_120173,20098,6,4,5
WH_120174,12088,1,0,3
WH_120175,28061,7,0,5
WH_120176,29138,8,0,3
WH_120178,19147,6,0,3
WH_120179,21056,8,0,5
WH_120180,47128,5,0,3
WH_120181,40060,0,0,4
WH_120182,23120,8,0,6
WH_120183,26068,4,1,6
WH_120184,14079,8,1,3
WH_120185,22149,1,0,4
WH_120186,29107,1,1,5
WH_120187,15068,7,0,3
WH_120188,34086,1,1,6
WH_120189,45064,0,0,5
WH_120190,40064,7,1,4
WH_120191,17092,8,1,3
WH_120192,28149,2,0,4
WH_120193,16104,0,5,5
WH_120194,31094,8,0,2
WH_120195,21100,1,0,6
WH_120196,6113,1,3,1
WH_120197,4134,5,2,1
WH_120198,22113,6,0,4
WH_120199,17123,6,0,4
WH_120200,16080,5,0,6
WH_120201,26124,0,0,2
WH_120202,22101,2,0,6
WH_120203,41141,0,1,2
WH_120204,39121,8,0,2
WH_120205,8146,5,0,5
WH_120206,28122,1,1,1
WH_120207,27131,5,0,3
WH_120208,32095,3,0,4
WH_120209,25068,3,0,4
WH_120210,28068,5,2,4
WH_120211,24079,0,0,3
WH_120212,9148,3,1,6
WH_120213,33086,1,0,3
WH_120214,25139,2,0,6
WH_120215,6117,2,0,6
WH_120216,49118,0,0,6
WH_120217,36097,5,0,4
WH_120218,23103,6,1,2
WH_120219,32140,0,0,5
WH_120220,25149,1,0,2
WH_120221,21115,0,0,6
WH_120222,29092,2,0,2
WH_120223,45088,3,0,4
WH_120224,28142,1,0,4
WH_120225,20126,6,0,5
WH_120226,8098,5,5,3
WH_120227,20137,5,1,3
WH_120228,21145,2,0,2
WH_120229,6137,3,0,2
WH_120230,32151,0,0,2
WH_120231,6138,6,0,1
WH_120232,36062,1,0,5
WH_120233,46099,2,0,3
WH_120234,36132,6,0,5
WH_120235,16063,8,0,5
WH_120236,24104,0,0,4
WH_120237,40107,7,0,2
WH_120238,17086,3,0,6
WH_120239,6131,2,0,2
WH_120240,14073,5,0,4
WH_120241,14103,1,0,3
WH_120242,5112,7,1,1
WH_120243,29058,1,0,3
WH_120244,14111,3,1,2
WH_120245,21091,5,3,3
WH_120246,45096,5,0,3
WH_120247,17114,2,0,1
WH_120248,31070,7,2,2
WH_120249,6058,1,3,1
WH_120250,5106,6,2,2
WH_120251,7117,7,0,5
WH_120252,43082,1,0,6
WH_120253,38102,0,0,5
WH_120254,9059,8,0,3
WH_120255,29068,1,0,4
WH_120256,9110,4,0,6
WH_120257,6142,3,3,1
WH_120258,15101,2,1,5
WH_120259,16065,5,1,3
WH_120260,26104,5,0,5
WH_120261,41123,7,0,5
WH_120262,30101,2,0,4
WH_120263,7074,8,1,6
WH_120264,11061,8,2,1
WH_120265,15085,1,2,6
WH_120266,33057,5,1,2
WH_120267,28126,5,1,2
WH_120268,12126,4,3,1
WH_120269,28146,8,1,3
WH_120270,42094,3,0,2
WH_120271,51068,5,0,5
WH_120272,28064,5,1,3
WH_120273,17091,4,0,1
WH_120274,24147,5,0,1
WH_120275,13115,7,0,4
WH_120276,46080,0,0,6
WH_120277,32108,6,4,2
WH_120278,44085,5,0,4
WH_120279,5063,8,3,2
WH_120280,5110,4,2,5
WH_120281,41143,4,0,3
WH_120282,7076,6,0,1
WH_120283,24143,8,0,3
WH_120284,45117,2,1,6
WH_120286,43134,8,1,2
WH_120287,18080,4,0,5
WH_120288,17069,5,0,2
WH_120289,45118,3,0,6
WH_120290,27118,3,0,2
WH_120291,31131,1,5,2
WH_120292,14109,5,2,5
WH_120293,17096,4,0,3
WH_120294,38099,6,1,2
WH_120295,42146,7,0,2
WH_120296,22092,7,0,3
WH_120297,27109,0,0,5
WH_120299,46109,8,2,2
WH_120300,24097,0,0,4
WH_120301,5128,6,0,2
WH_120302,37078,1,0,6
WH_120303,21077,4,2,4
WH_120304,11077,6,0,3
WH_120305,28104,5,0,5
WH_120306,28110,6,0,2
WH_120307,9103,6,0,3
WH_120308,7134,6,0,2
WH_120309,5072,6,0,1
WH_120310,24060,5,1,3
WH_120311,20097,8,0,4
WH_120312,27149,4,0,2
WH_120313,33130,8,1,6
WH_120314,32098,4,0,5
WH_120315,14108,8,1,3
WH_120317,28132,6,1,3
WH_120318,6082,0,0,2
WH_120319,16145,2,0,2
WH_120320,44098,5,2,4
WH_120321,38076,0,0,5
WH_120322,21117,5,0,4
WH_120324,7121,8,1,1
WH_120325,22143,0,0,1
WH_120326,32104,1,0,2
WH_120327,29139,4,1,6
WH_120328,29139,7,0,3
WH_120329,22136,3,0,2
WH_120330,34143,1,1,2
WH_120331,7111,8,0,2
WH_120333,44058,0,0,4
WH_120334,20134,1,2,3
WH_120335,6088,0,2,3
WH_120336,11061,6,0,1
WH_120337,28070,5,0,5
WH_120338,23100,4,3,4
WH_120339,43100,8,0,3
WH_120340,9143,4,0,2
WH_120341,36075,1,1,6
WH_120342,23116,7,0,3
WH_120343,5078,1,0,1
WH_120344,48071,4,4,3
WH_120345,12071,4,0,3
WH_120346,32118,5,0,2
WH_120347,22146,4,0,4
WH_120348,37101,6,1,5
WH_120349,17092,8,1,5
WH_120350,38106,3,0,5
WH_120351,43074,5,1,2
WH_120352,7106,0,0,2
WH_120353,27093,1,2,5
WH_120354,5082,5,0,2
WH_120355,22075,1,4,2
WH_120356,18070,4,1,4
WH_120357,28123,3,0,3
WH_120359,32084,7,1,5
WH_120360,15110,4,3,4
WH_120361,16088,5,0,3
WH_120362,15150,3,0,5
WH_120363,39099,6,0,4
WH_120364,25075,5,0,4
WH_120365,40114,1,0,4
WH_120366,46151,4,0,3
WH_120367,5099,4,0,2
WH_120368,25150,2,0,5
WH_120369,14079,0,1,2
WH_120370,40148,5,0,4
WH_120371,17098,7,3,4
WH_120372,22146,1,0,5
WH_120373,12144,7,0,3
WH_120374,19071,2,3,2
WH_120375,40114,1,0,6
WH_120376,26151,6,0,5
WH_120377,9142,4,1,6
WH_120378,12146,5,0,3
WH_120379,35086,5,2,5
WH_120380,16071,4,0,5
WH_120381,19107,1,0,2
WH_120382,19070,5,0,1
WH_120383,6066,1,2,2
WH_120384,12122,5,1,1
WH_120385,40111,8,1,2
WH_120386,34083,7,0,2
WH_120387,15092,1,0,4
WH_120388,19058,6,4,6
WH_120389,26080,2,0,6
WH_120390,32094,2,0,6
WH_120391,49133,6,1,4
WH_120392,34149,5,0,2
WH_120393,14116,0,3,6
WH_120394,30087,8,0,3
WH_120395,21139,0,4,3
WH_120396,31141,5,0,5
WH_120397,7086,6,0,2
WH_120398,29105,1,1,4
WH_120399,5115,1,0,1
WH_120400,21090,6,0,3
WH_120401,9091,5,0,2
WH_120402,7066,8,2,6
WH_120403,32116,7,0,2
WH_120404,19151,3,0,2
WH_120405,18141,7,1,5
WH_120406,52131,5,0,4
WH_120407,9123,3,0,1
WH_120408,22101,8,3,2
WH_120410,14127,4,0,1
WH_120411,6118,0,0,3
WH_120412,32094,0,0,2
WH_120413,27150,0,0,4
WH_120414,10079,5,0,3
WH_120415,8059,1,3,1
WH_120416,25079,8,0,5
WH_120417,21078,2,0,3
WH_120418,24114,2,0,5
WH_120419,22076,4,0,4
WH_120420,5078,0,3,2
WH_120421,31107,5,0,6
WH_120422,23085,0,0,2
WH_120423,41056,6,1,4
WH_120424,29078,4,1,5
WH_120425,31093,7,0,2
WH_120426,11086,3,0,3
WH_120427,7083,7,0,2
WH_120428,9058,6,0,2
WH_120429,25091,4,1,3
WH_120430,18090,8,1,4
WH_120431,11126,4,1,4
WH_120432,18066,5,0,2
WH_120433,11060,0,0,6
WH_120435,6069,1,2,2
WH_120436,11070,7,0,2
WH_120437,15102,0,0,3
WH_120438,22092,1,3,2
WH_120439,13096,5,3,5
WH_120440,16125,1,5,6
WH_120441,23139,3,1,4
WH_120442,24136,6,1,4
WH_120443,45081,5,0,3
WH_120444,18119,5,0,2
WH_120445,22122,0,0,6
WH_120446,16076,5,0,5
WH_120447,40121,5,1,2
WH_120448,24129,4,1,5
WH_120449,4069,5,2,2
WH_120450,27111,5,0,4
WH_120451,22130,6,0,2
WH_120452,6073,2,2,3
WH_120453,6129,5,0,3
WH_120454,5107,1,1,1
WH_120455,31124,4,2,3
WH_120456,33114,2,0,4
WH_120457,12104,2,1,2
WH_120458,11107,1,0,5
WH_120459,31116,0,0,5
WH_120460,40069,3,0,4
WH_120461,27084,7,1,5
WH_120462,31077,4,0,4
WH_120463,23115,4,0,3
WH_120464,30115,6,1,5
WH_120465,40117,8,1,3
WH_120466,28118,3,0,3
WH_120467,24096,7,3,2
WH_120468,27074,4,0,2
WH_120469,30091,0,1,4
WH_120471,47103,1,0,2
WH_120472,12072,4,0,4
WH_120473,29092,6,0,5
WH_120474,6069,1,0,6
WH_120475,17115,1,2,2
WH_120476,17139,1,0,5
WH_120477,49061,1,0,2
WH_120478,20137,6,0,6
WH_120479,6072,4,0,3
WH_120480,24116,6,5,6
WH_120481,6150,7,0,6
WH_120482,7091,5,0,2
WH_120483,19073,1,2,4
WH_120484,15129,8,3,3
WH_120485,13148,1,0,2
WH_120486,37093,5,0,6
WH_120487,8072,0,0,2
WH_120488,5091,8,0,2
WH_120489,52128,7,0,6
WH_120490,36059,3,0,2
WH_120491,15106,3,2,6
WH_120492,29117,7,0,4
WH_120493,7081,4,0,2
WH_120494,23143,2,1,3
WH_120495,30129,5,0,5
WH_120496,31091,7,0,5
WH_120497,17149,5,2,6
WH_120498,52136,0,0,5
WH_120499,30089,0,0,5
WH_120500,52145,2,1,2
WH_120501,7117,8,0,4
WH_120502,16108,3,2,3
WH_120503,18146,5,1,4
WH_120504,23079,4,2,4
WH_120505,31111,5,0,5
WH_120506,51098,4,0,4
WH_120507,24077,8,0,4
WH_120508,5142,1,0,3
WH_120509,28098,0,0,4
WH_120510,28114,3,0,5
WH_120511,27070,4,1,3
WH_120512,29085,6,0,2
WH_120513,12098,3,0,5
WH_120514,23098,2,0,6
WH_120515,22128,6,2,3
WH_120516,15148,4,3,1
WH_120517,21114,0,1,6
WH_120518,12132,3,3,4
WH_120519,19064,0,0,1
WH_120520,15082,4,0,1
WH_120521,6069,8,1,2
WH_120522,24151,8,0,3
WH_120523,19124,6,0,2
WH_120524,13067,2,0,4
WH_120525,12130,1,0,4
WH_120526,30147,6,0,2
WH_120527,7120,6,2,4
WH_120528,24069,3,4,2
WH_120529,9077,7,1,2
WH_120530,19090,5,0,5
WH_120531,24142,4,2,5
WH_120532,9144,3,0,1
WH_120533,40091,5,0,3
WH_120534,21140,4,0,6
WH_120535,30122,6,3,2
WH_120536,8059,5,0,1
WH_120537,45109,1,2,3
WH_120538,17059,3,2,6
WH_120539,33129,6,2,6
WH_120540,37146,1,0,6
WH_120541,31109,6,1,6
WH_120542,36103,1,0,5
WH_120543,31094,6,0,6
WH_120544,48117,5,4,6
WH_120545,38064,6,1,6
WH_120546,32143,5,0,3
WH_120547,18107,0,3,5
WH_120548,17056,7,0,5
WH_120549,24082,2,0,5
WH_120550,5126,5,0,2
WH_120551,49083,5,0,6
WH_120552,26065,7,2,3
WH_120553,28084,1,0,3
WH_120555,5085,3,1,3
WH_120556,20068,0,0,5
WH_120557,18101,5,2,2
WH_120558,31087,5,0,4
WH_120559,27080,0,1,4
WH_120560,6122,6,0,1
WH_120561,29102,5,2,4
WH_120562,50059,4,0,6
WH_120563,7082,7,0,3
WH_120564,18081,7,0,2
WH_120565,31127,2,0,2
WH_120566,28097,3,0,6
WH_120567,32143,3,0,2
WH_120568,30114,2,0,2
WH_120569,11111,0,0,2
WH_120570,34122,3,0,2
WH_120571,23062,7,0,5
WH_120573,30068,4,0,2
WH_120574,16119,7,1,3
WH_120575,14060,0,3,1
WH_120576,27142,8,0,4
WH_120577,13130,6,0,3
WH_120578,15150,0,1,6
WH_120579,36067,6,1,3
WH_120580,18091,1,5,3
WH_120581,16145,8,0,2
WH_120582,47086,1,0,4
WH_120583,31071,0,1,2
WH_120584,35116,3,0,3
WH_120585,6086,5,4,3
WH_120586,5145,5,1,2
WH_120587,52109,1,0,2
WH_120588,15061,4,1,4
WH_120589,23107,1,1,3
WH_120590,23111,7,0,4
WH_120591,11133,3,3,2
WH_120592,16111,1,0,2
WH_120593,27092,6,0,5
WH_120594,10102,5,0,4
WH_120595,24126,8,2,6
WH_120596,10122,5,0,4
WH_120597,19142,6,2,4
WH_120598,25087,6,3,2
WH_120599,15129,5,0,2
WH_120600,8098,3,0,2
WH_120601,8093,3,0,1
WH_120602,26091,8,4,2
WH_120603,17149,7,2,2
WH_120604,31102,6,0,2
WH_120605,6140,0,1,1
WH_120606,14127,5,0,6
WH_120607,27141,5,0,2
WH_120608,12096,3,0,3
WH_120609,8148,7,1,1
WH_120610,25126,5,0,4
WH_120611,31140,7,2,3
WH_120612,17111,2,0,1
WH_120613,17068,6,2,2
WH_120614,7132,8,0,2
WH_120615,20122,7,0,4
WH_120616,17117,6,1,6
WH_120617,22090,7,0,4
WH_120618,34099,4,0,4
WH_120619,31148,4,0,5
WH_120620,43136,2,0,5
WH_120621,18091,2,3,6
WH_120622,52091,4,0,2
WH_120623,14131,5,1,5
WH_120624,6094,4,0,2
WH_120625,7078,0,2,6
WH_120627,52139,6,0,3
WH_120628,21057,8,1,3
WH_120629,22058,7,1,5
WH_120630,16122,5,0,4
WH_120631,6128,4,0,2
WH_120632,24086,8,0,4
WH_120633,21132,7,0,4
WH_120634,33138,3,1,5
WH_120635,29150,0,0,5
WH_120636,6121,1,0,6
WH_120637,16098,7,0,2
WH_120638,32088,5,2,6
WH_120639,35103,7,1,3
WH_120640,26101,0,0,3
WH_120641,29150,7,0,3
WH_120642,48091,7,0,4
WH_120643,29141,7,5,6
WH_120644,27126,5,0,6
WH_120645,16065,8,0,1
WH_120646,20062,8,0,6
WH_120647,25069,8,0,6
WH_120648,49119,3,0,3
WH_120649,29116,8,0,6
WH_120651,8110,5,0,1
WH_120652,18094,1,3,4
WH_120653,16121,4,0,3
WH_120654,52123,8,0,6
WH_120655,8112,6,0,3
WH_120656,35069,8,2,2
WH_120657,6057,3,0,3
WH_120658,35079,2,0,5
WH_120659,23147,1,0,4
WH_120660,32140,1,1,4
WH_120661,25096,8,0,2
WH_120662,16071,8,1,5
WH_120663,32087,5,2,4
WH_120664,25144,0,0,6
WH_120665,21103,5,2,4
WH_120666,10098,7,0,3
WH_120667,6123,4,3,4
WH_120668,19127,7,0,3
WH_120669,29061,0,0,4
WH_120670,33085,5,0,3
WH_120671,30076,4,0,6
WH_120672,39076,3,0,5
WH_120673,23097,6,0,3
WH_120674,10102,1,0,1
WH_120675,27113,0,0,5
WH_120676,5077,0,3,1
WH_120677,13139,5,0,1
WH_120678,31077,6,0,6
WH_120679,22099,1,0,3
WH_120680,18100,0,1,4
WH_120681,36094,1,2,5
WH_120682,7078,5,0,3
WH_120683,6110,2,2,3
WH_120684,33151,4,0,4
WH_120685,27114,1,0,4
WH_120686,24056,6,0,3
WH_120687,16067,3,0,3
WH_120688,20130,6,0,6
WH_120689,15083,3,0,1
WH_120690,14086,6,3,4
WH_120691,22121,4,0,5
WH_120692,21103,6,0,6
WH_120693,6109,7,1,3
WH_120694,27142,4,5,2
WH_120695,48068,1,0,4
WH_120696,29069,4,1,3
WH_120697,10093,6,2,1
WH_120698,11110,5,2,1
WH_120699,22070,1,0,5
WH_120700,7146,0,4,6
WH_120701,33101,5,3,6
WH_120702,37076,8,0,6
WH_120703,36138,4,0,6
WH_120704,28118,3,0,5
WH_120705,22095,3,0,5
WH_120706,21107,8,2,2
WH_120707,33084,0,1,6
WH_120708,41095,3,0,6
WH_120709,18082,7,0,3
WH_120710,5057,3,3,3
WH_120711,30068,1,0,3
WH_120712,35106,6,0,3
WH_120713,26111,5,1,2
WH_120714,35071,2,1,4
WH_120715,26067,6,2,2
WH_120716,6080,4,0,2
WH_120717,6126,1,0,3
WH_120718,17061,5,0,2
WH_120719,5140,2,1,2
WH_120720,26109,3,1,4
WH_120721,20102,7,0,6
WH_120722,23095,8,1,2
WH_120723,18068,3,0,4
WH_120724,32056,6,5,3
WH_120725,30071,0,1,6
WH_120726,20114,3,1,2
WH_120727,16055,2,3,5
WH_120729,40105,0,0,3
WH_120730,37065,4,0,5
WH_120731,27085,3,5,2
WH_120732,28124,1,0,5
WH_120733,20111,0,0,5
WH_120734,16071,1,0,1
WH_120736,35139,7,0,4
WH_120737,38084,0,1,4
WH_120738,6120,2,1,2
WH_120739,23082,8,0,5
WH_120740,20078,2,0,2
WH_120741,14087,1,0,6
WH_120742,6085,7,0,2
WH_120743,30090,4,0,5
WH_120744,17117,2,2,4
WH_120745,9101,6,1,1
WH_120746,23092,8,1,5
WH_120747,19080,1,2,4
WH_120748,20124,4,0,5
WH_120749,14065,8,0,6
WH_120750,12125,4,0,3
WH_120751,16100,5,0,6
WH_120752,19129,1,0,5
WH_120753,27071,1,0,3
WH_120754,28066,5,0,2
WH_120755,13143,1,0,1
WH_120757,25113,8,0,3
WH_120758,43112,1,0,2
WH_120759,13065,1,1,4
WH_120760,28133,0,0,5
WH_120761,14084,1,0,3
WH_120762,27056,7,4,5
WH_120763,28104,2,1,3
WH_120764,33072,7,1,2
WH_120765,17137,8,0,4
WH_120766,20138,3,0,4
WH_120767,22068,6,0,6
WH_120768,27118,3,2,2
WH_120769,14070,0,1,4
WH_120770,7115,4,0,2
WH_120771,16109,6,5,5
WH_120772,18112,6,1,1
WH_120773,23114,6,0,4
WH_120774,4093,1,0,1
WH_120775,24130,4,2,5
WH_120776,32144,3,0,5
WH_120777,8065,1,1,5
WH_120778,31071,8,0,6
WH_120779,5135,8,1,3
WH_120780,19113,2,0,2
WH_120782,23110,7,1,2
WH_120783,6059,4,2,1
WH_120784,19142,7,3,2
WH_120785,25128,8,1,5
WH_120786,24135,3,0,6
WH_120787,34127,6,0,5
WH_120788,16070,7,3,4
WH_120789,48063,0,0,3
WH_120790,28071,1,1,4
WH_120791,17100,1,0,6
WH_120792,41057,8,1,2
WH_120793,21142,1,0,5
WH_120794,13133,5,4,6
WH_120795,18072,0,0,4
WH_120796,24074,3,1,4
WH_120797,29105,2,0,1
WH_120798,38107,8,0,4
WH_120799,14135,5,0,2
WH_120800,48138,0,0,4
WH_120801,5059,3,0,1
WH_120802,16074,4,4,1
WH_120803,21144,3,1,5
WH_120804,26080,8,1,4
WH_120805,22089,1,0,4
WH_120806,29098,4,0,4
WH_120807,16137,0,2,1
WH_120808,21064,1,1,3
WH_120809,5058,8,2,2
WH_120810,31144,6,0,3
WH_120811,36085,8,0,3
WH_120812,22142,5,1,2
WH_120813,26063,2,0,3
WH_120814,28064,8,0,3
WH_120815,22107,0,0,6
WH_120816,42143,0,0,6
WH_120817,33099,0,0,3
WH_120818,19136,5,2,4
WH_120819,18136,0,0,6
WH_120820,38104,1,0,3
WH_120821,13062,8,0,1
WH_120822,7090,5,0,4
WH_120823,5128,5,3,2
WH_120824,28062,3,0,2
WH_120825,30128,4,0,5
WH_120826,26136,8,0,3
WH_120827,28057,3,1,5
WH_120828,35133,4,1,6
WH_120829,26081,0,0,4
WH_120830,18140,0,3,3
WH_120831,31090,7,0,2
WH_120832,7057,0,0,3
WH_120833,31065,3,0,6
WH_120834,33100,5,0,6
WH_120835,29080,7,0,3
WH_120836,6083,6,0,3
WH_120837,7081,8,4,3
WH_120838,11088,6,1,4
WH_120839,24102,7,0,5
WH_120840,31121,5,0,4
WH_120841,27104,7,0,5
WH_120842,31123,4,0,5
WH_120843,30056,6,0,4
WH_120844,29058,2,0,6
WH_120845,25066,6,4,6
WH_120846,43123,5,0,4
WH_120847,15057,0,0,2
WH_120848,15122,1,1,3
WH_120849,31090,1,0,4
WH_120850,43136,3,0,3
WH_120851,13122,6,1,5
WH_120852,42062,7,0,3
WH_120853,14121,8,1,2
WH_120854,22123,3,4,5
WH_120856,8062,0,0,3
WH_120857,35058,7,0,5
WH_120859,25079,8,1,4
WH_120860,23060,3,0,3
WH_120861,23072,5,4,5
WH_120862,10103,5,0,3
WH_120863,8139,0,0,1
WH_120864,16133,0,0,1
WH_120865,16065,3,0,3
WH_120866,20141,5,1,4
WH_120867,9100,0,0,3
WH_120868,38100,5,0,5
WH_120869,25123,0,4,6
WH_120870,13091,4,0,2
WH_120871,17062,3,1,2
WH_120872,24139,0,0,6
WH_120874,29064,3,0,3
WH_120875,22137,2,0,2
WH_120876,25094,5,0,6
WH_120877,8102,1,3,5
WH_120878,7095,3,1,5
WH_120879,32117,0,0,6
WH_120880,5098,8,2,1
WH_120881,17082,4,0,1
WH_120882,27141,0,1,6
WH_120883,52056,6,1,6
WH_120884,16090,6,0,4
WH_120885,18134,6,0,3
WH_120886,24068,4,0,2
WH_120887,20109,3,0,5
WH_120888,13136,2,0,2
WH_120889,32134,3,0,2
WH_120890,26106,8,0,6
WH_120891,48127,1,0,4
WH_120892,13100,6,0,1
WH_120893,25104,4,0,3
WH_120894,8144,0,2,2
WH_120895,4094,7,0,2
WH_120896,22120,2,1,3
WH_120897,8064,6,3,2
WH_120898,22148,2,1,3
WH_120899,21151,6,0,4
WH_120900,6136,8,2,4
WH_120901,8088,4,0,3
WH_120902,51148,8,0,6
WH_120903,32070,3,3,4
WH_120904,12059,7,3,2
WH_120905,24111,0,0,2
WH_120906,44095,3,0,3
WH_120907,30121,6,0,5
WH_120908,8076,0,4,1
WH_120909,5140,8,3,1
WH_120910,6113,7,1,1
WH_120911,27070,3,0,5
WH_120912,25096,5,0,2
WH_120913,21085,5,0,3
WH_120914,5138,3,0,3
WH_120915,8129,7,0,2
WH_120916,28119,6,0,3
WH_120917,34079,6,1,4
WH_120918,20082,5,0,4
WH_120919,39100,3,0,4
WH_120920,28151,0,2,4
WH_120921,34084,2,0,2
WH_120922,18080,1,2,2
WH_120923,21134,4,2,6
WH_120924,21088,4,3,2
WH_120925,22126,3,0,3
WH_120926,8124,6,1,2
WH_120927,43129,8,0,5
WH_120928,43090,4,0,4
WH_120929,23086,8,0,2
WH_120930,21120,1,2,5
WH_120931,20145,8,2,5
WH_120932,18105,1,3,4
WH_120933,24128,1,0,1
WH_120934,39094,1,0,2
WH_120936,11070,6,1,4
WH_120938,34133,0,1,6
WH_120939,9129,4,0,4
WH_120940,26133,3,1,4
WH_120941,42128,3,0,2
WH_120942,31121,5,0,2
WH_120943,9151,0,0,1
WH_120944,8134,0,0,1
WH_120945,11068,3,1,4
WH_120946,7056,0,2,4
WH_120947,15137,5,2,6
WH_120948,8068,0,0,1
WH_120949,14060,7,3,5
WH_120950,31111,4,1,4
WH_120951,31151,1,0,5
WH_120953,26058,5,0,2
WH_120954,37123,7,0,4
WH_120955,8135,0,3,3
WH_120956,6070,0,4,5
WH_120957,18080,3,2,5
WH_120958,37108,7,1,3
WH_120959,41104,1,0,3
WH_120960,20145,7,1,3
WH_120961,45131,4,0,2
WH_120963,51074,8,1,6
WH_120964,36140,2,0,5
WH_120965,17093,3,1,4
WH_120966,34061,4,0,4
WH_120967,43059,5,0,6
WH_120968,5137,0,1,5
WH_120969,17124,8,0,5
WH_120970,14076,7,0,3
WH_120971,27125,2,0,4
WH_120972,6144,8,1,1
WH_120973,14065,8,0,6
WH_120974,24124,1,0,6
WH_120975,31085,4,1,2
WH_120976,18075,8,5,3
WH_120977,16096,7,0,5
WH_120978,29073,5,0,6
WH_120979,30132,7,0,5
WH_120980,31093,1,0,5
WH_120981,5061,4,0,3
WH_120983,13104,5,0,2
WH_120984,6094,3,2,1
WH_120985,27140,5,2,2
WH_120986,27055,1,3,4
WH_120987,46088,8,0,5
WH_120988,16123,7,0,3
WH_120989,23140,1,0,5
WH_120992,25102,7,4,3
WH_120993,26089,6,2,2
WH_120994,19091,7,3,4
WH_120995,22101,6,0,1
WH_120996,13056,8,1,5
WH_120997,32119,1,0,6
WH_120998,33103,5,0,3
WH_120999,13094,5,1,6
WH_121000,29144,1,0,1
WH_121001,45069,4,0,4
WH_121002,7070,5,1,2
WH_121003,27133,3,0,4
WH_121004,34150,2,1,3
WH_121005,48097,8,0,3
WH_121006,33087,5,0,3
WH_121007,23091,7,0,4
WH_121008,19118,5,0,5
WH_121009,20147,8,5,6
WH_121010,13110,2,3,2
WH_121011,21112,5,0,2
WH_121012,8140,4,0,1
WH_121013,17134,6,2,6
WH_121014,12089,5,2,1
WH_121015,29087,5,0,3
WH_121016,29074,0,0,6
WH_121017,27096,7,1,3
WH_121018,29057,0,0,6
WH_121019,37104,3,1,3
WH_121021,55144,4,0,3
WH_121022,7136,3,3,6
WH_121023,10105,4,0,1
WH_121024,16059,5,2,4
WH_121025,7064,4,0,5
WH_121026,14107,6,0,5
WH_121027,36149,8,0,2
WH_121028,17141,7,0,4
WH_121029,21089,6,0,6
WH_121030,13139,3,0,3
WH_121031,12080,0,0,5
WH_121032,15146,5,0,4
WH_121034,21069,8,0,5
WH_121035,34146,3,0,4
WH_121036,17082,0,1,4
WH_121037,25089,6,0,6
WH_121038,19061,0,1,3
WH_121039,42133,1,0,3
WH_121040,15143,7,1,2
WH_121041,31059,7,0,5
WH_121042,7147,1,3,1
WH_121043,18129,2,0,4
WH_121044,14085,0,1,2
WH_121045,5055,0,0,1
WH_121046,31097,4,0,6
WH_121047,9126,1,2,3
WH_121048,20147,1,0,2
WH_121049,27129,1,1,3
WH_121050,29066,2,1,4
WH_121051,28090,3,0,5
WH_121052,7122,6,1,3
WH_121053,38123,5,0,6
WH_121054,18088,2,0,2
WH_121055,26112,5,0,6
WH_121056,20101,8,0,5
WH_121057,27147,4,0,5
WH_121058,17102,4,1,2
WH_121059,30097,6,1,5
WH_121060,35074,6,1,4
WH_121061,23065,0,0,5
WH_121062,31105,7,0,2
WH_121063,13100,5,4,5
WH_121064,5079,3,0,2
WH_121065,13151,4,3,3
WH_121066,18089,4,2,2
WH_121067,5095,8,1,2
WH_121068,28097,6,1,3
WH_121069,7071,6,0,3
WH_121070,23097,1,0,4
WH_121071,26134,2,1,2
WH_121072,45138,3,0,2
WH_121073,30142,0,3,4
WH_121074,36078,7,0,4
WH_121075,10095,4,0,6
WH_121076,34102,7,0,4
WH_121077,39100,8,0,6
WH_121078,19082,2,4,5
WH_121079,26088,3,0,4
WH_121080,16147,3,0,3
WH_121081,19062,5,0,2
WH_121082,17074,2,0,5
WH_121083,25074,8,1,4
WH_121084,39104,0,0,5
WH_121085,23059,3,0,4
WH_121086,17084,1,0,6
WH_121087,12091,8,2,3
WH_121088,17091,3,0,6
WH_121089,30127,6,0,5
WH_121090,22147,7,0,5
WH_121091,12108,7,1,6
WH_121092,25063,0,3,2
WH_121093,7062,3,2,3
WH_121094,25100,5,0,3
WH_121095,49111,7,0,6
WH_121096,48088,8,0,2
WH_121097,32107,7,0,5
WH_121098,23091,8,0,4
WH_121099,5128,3,3,1
WH_121100,7142,0,1,1
WH_121101,18128,2,2,6
WH_121102,10149,1,0,3
WH_121103,53093,6,0,2
WH_121104,4142,5,1,1
WH_121105,19078,6,4,5
WH_121106,11108,1,0,2
WH_121107,31122,6,0,5
WH_121108,28135,6,0,4
WH_121109,26067,8,1,2
WH_121110,27147,6,1,3
WH_121111,28140,7,0,5
WH_121112,41131,2,0,3
WH_121113,46099,3,0,4
WH_121114,45106,0,0,5
WH_121115,37067,3,0,2
WH_121116,31069,5,0,6
WH_121117,14135,0,3,3
WH_121118,31114,0,0,5
WH_121119,25090,4,2,2
WH_121120,7056,7,0,2
WH_121121,25097,1,1,5
WH_121122,17086,1,0,4
WH_121123,23091,6,0,3
WH_121124,16078,0,2,3
WH_121125,15089,5,0,3
WH_121126,5090,3,2,3
WH_121127,6077,4,1,3
WH_121128,53117,7,0,6
WH_121129,43090,5,0,2
WH_121130,5061,1,1,5
WH_121131,17110,1,1,4
WH_121132,26073,0,0,6
WH_121133,33078,4,2,3
WH_121134,26133,7,0,6
WH_121135,24069,5,0,5
WH_121136,28071,0,0,4
WH_121137,7056,1,0,2
WH_121138,21059,7,0,6
WH_121139,24074,7,3,4
WH_121140,5133,1,3,1
WH_121141,16141,4,0,1
WH_121142,24121,7,0,5
WH_121143,6128,1,0,1
WH_121144,18101,2,2,6
WH_121145,13085,6,0,4
WH_121146,39112,8,2,4
WH_121147,7078,7,2,6
WH_121148,10141,8,0,2
WH_121149,8130,7,0,1
WH_121150,14086,6,1,2
WH_121151,28095,6,0,2
WH_121152,28096,8,1,6
WH_121153,20120,1,0,6
WH_121154,13151,6,0,5
WH_121155,18100,0,2,6
WH_121156,7137,6,0,2
WH_121157,30094,0,4,2
WH_121158,6141,7,0,1
WH_121159,28151,8,0,4
WH_121160,32143,1,0,2
WH_121161,22149,7,0,1
WH_121162,19136,1,2,4
WH_121163,46063,6,0,3
WH_121164,16106,4,0,4
WH_121165,5084,8,0,3
WH_121166,24082,8,0,3
WH_121167,15071,0,2,3
WH_121168,23140,7,3,4
WH_121169,23103,6,1,3
WH_121170,24074,4,0,5
WH_121171,44078,8,1,2
WH_121172,26075,6,1,6
WH_121173,16084,5,0,2
WH_121175,8124,1,0,1
WH_121176,28143,1,0,3
WH_121177,26077,7,1,4
WH_121179,17069,6,0,6
WH_121180,23149,3,0,4
WH_121181,31149,2,0,3
WH_121182,28079,5,1,2
WH_121183,4131,8,1,3
WH_121184,26103,1,2,6
WH_121185,21094,6,0,3
WH_121186,22071,2,0,2
WH_121187,17068,5,3,6
WH_121188,21100,0,0,5
WH_121189,39147,1,1,2
WH_121190,31073,6,0,5
WH_121191,5115,4,0,1
WH_121192,8102,0,1,1
WH_121193,30094,0,1,2
WH_121194,29093,8,3,4
WH_121195,35093,6,1,6
WH_121196,7127,0,0,1
WH_121197,8118,4,1,6
WH_121198,29058,3,0,4
WH_121199,28092,7,3,4
WH_121200,7132,4,1,2
WH_121201,46077,4,0,5
WH_121202,8139,2,0,1
WH_121203,12149,0,0,3
WH_121204,20077,3,0,3
WH_121205,49108,1,2,5
WH_121206,48151,4,1,4
WH_121207,21086,3,1,3
WH_121208,38138,2,0,2
WH_121209,19058,1,1,4
WH_121210,30135,6,0,5
WH_121211,23100,0,1,6
WH_121212,29059,2,3,2
WH_121213,18121,3,0,4
WH_121214,8066,2,5,3
WH_121215,27055,4,0,1
WH_121216,16116,1,0,1
WH_121217,27094,7,0,3
WH_121218,17087,4,0,4
WH_121219,21129,4,0,2
WH_121220,18135,8,0,3
WH_121221,19129,0,0,1
WH_121222,16081,8,3,6
WH_121223,21063,6,0,3
WH_121224,34123,2,0,2
WH_121225,54061,7,0,6
WH_121226,30104,3,0,6
WH_121227,23136,0,0,4
WH_121228,8081,0,0,2
WH_121229,20093,4,1,6
WH_121230,15072,5,0,5
WH_121231,6150,2,0,1
WH_121232,18066,1,1,6
WH_121233,38137,6,0,2
WH_121234,24124,8,0,5
WH_121235,7151,8,0,1
WH_121236,11138,2,1,5
WH_121237,8096,6,0,1
WH_121238,7067,4,1,3
WH_121239,6134,1,0,1
WH_121240,40133,2,0,3
WH_121241,26072,4,0,6
WH_121242,23090,0,0,4
WH_121243,30123,0,0,6
WH_121244,36096,7,0,3
WH_121245,19084,3,1,5
WH_121246,33066,6,0,4
WH_121247,26056,5,4,6
WH_121248,7140,8,1,5
WH_121249,7083,7,0,1
WH_121250,24081,4,0,3
WH_121251,21136,7,0,3
WH_121252,32062,4,0,5
WH_121253,9138,3,0,6
WH_121254,45087,3,0,5
WH_121255,18090,7,2,5
WH_121256,38115,8,0,3
WH_121257,25075,4,0,6
WH_121258,6107,4,0,3
WH_121259,21125,3,0,3
WH_121260,44058,4,1,3
WH_121261,39072,4,0,6
WH_121262,6087,8,0,1
WH_121263,15068,7,2,5
WH_121264,16086,4,3,6
WH_121265,32064,6,0,4
WH_121266,30090,4,0,6
WH_121267,32066,7,0,4
WH_121268,11087,1,0,1
WH_121269,49097,8,0,3
WH_121270,8065,4,0,1
WH_121271,17146,7,0,4
WH_121272,28069,5,0,5
WH_121273,24138,0,0,3
WH_121274,30113,3,5,5
WH_121275,25073,6,0,4
WH_121276,19064,4,0,3
WH_121277,24094,1,1,5
WH_121278,22111,8,0,4
WH_121279,19100,5,1,3
WH_121280,31063,7,0,5
WH_121282,21071,7,5,5
WH_121283,32080,4,1,5
WH_121284,20109,6,0,6
WH_121285,13080,5,5,3
WH_121286,17078,2,0,6
WH_121287,30109,7,1,6
WH_121288,28103,5,2,2
WH_121289,23083,5,3,6
WH_121291,25075,3,0,6
WH_121292,30086,5,3,4
WH_121293,15061,6,2,3
WH_121294,42089,0,0,3
WH_121295,20056,4,0,4
WH_121296,31089,0,0,5
WH_121297,14074,0,2,3
WH_121298,28062,8,0,5
WH_121299,15135,5,2,3
WH_121300,6097,1,1,2
WH_121301,25104,3,2,5
WH_121302,48093,4,0,6
WH_121303,5141,0,2,5
WH_121304,27148,2,0,2
WH_121305,23114,1,0,4
WH_121306,26109,0,0,5
WH_121307,30134,1,3,4
WH_121308,23055,1,0,4
WH_121309,6055,3,0,1
WH_121310,51128,5,0,6
WH_121311,24134,1,2,5
WH_121312,23097,6,0,2
WH_121313,7142,1,1,4
WH_121314,28083,2,0,3
WH_121315,18076,6,1,5
WH_121316,29090,4,0,3
WH_121317,39061,1,0,2
WH_121318,14103,5,1,6
WH_121319,17151,6,2,5
WH_121320,34151,2,0,4
WH_121322,8132,5,2,1
WH_121323,19135,8,0,5
WH_121325,29081,2,3,2
WH_121326,7136,6,1,2
WH_121327,20128,5,0,6
WH_121328,13064,4,0,6
WH_121329,28080,4,0,2
WH_121330,14151,4,0,4
WH_121331,30065,2,0,4
WH_121332,17138,0,2,3
WH_121333,17081,3,0,5
WH_121334,29131,7,2,4
WH_121335,18073,7,1,2
WH_121336,26080,1,1,3
WH_121337,27080,2,3,2
WH_121338,40105,0,0,5
WH_121339,30085,7,3,3
WH_121340,13057,1,0,1
WH_121341,26148,1,1,5
WH_121342,8120,1,1,3
WH_121343,28058,7,0,2
WH_121344,17095,1,1,2
WH_121345,15129,4,0,2
WH_121346,20144,4,0,3
WH_121347,23123,6,0,4
WH_121348,21125,4,3,4
WH_121349,28099,2,0,4
WH_121350,27145,0,0,4
WH_121351,15119,2,0,2
WH_121352,12073,1,0,5
WH_121353,15067,6,0,5
WH_121354,25100,3,0,1
WH_121355,13101,1,0,1
WH_121356,30074,3,0,5
WH_121357,18115,0,4,3
WH_121358,28100,3,4,4
WH_121359,54090,1,0,6
WH_121361,33082,8,4,3
WH_121362,20119,6,0,6
WH_121364,29120,4,0,5
WH_121365,7092,6,0,4
WH_121366,18129,8,1,4
WH_121367,23151,7,0,4
WH_121368,17111,8,0,3
WH_121369,16097,4,0,5
WH_121370,9147,0,0,2
WH_121371,28059,0,0,3
WH_121372,26104,4,0,3
WH_121373,8064,4,3,6
WH_121374,29082,5,0,3
WH_121375,26139,5,0,2
WH_121376,40099,5,0,4
WH_121377,8058,1,0,6
WH_121378,23138,3,1,3
WH_121379,31126,5,1,4
WH_121380,36080,3,1,4
WH_121381,42106,0,0,6
WH_121382,26055,6,1,2
WH_121383,29088,5,0,2
WH_121384,27107,8,1,3
WH_121385,25061,0,0,6
WH_121386,6084,0,4,2
WH_121387,28061,3,1,4
WH_121388,21092,1,1,2
WH_121389,46074,0,0,3
WH_121390,34079,7,0,3
WH_121391,38085,0,0,6
WH_121392,29137,0,0,2
WH_121393,26122,7,3,5
WH_121394,45136,3,4,3
WH_121395,20065,7,0,4
WH_121396,27063,6,0,2
WH_121397,36077,2,0,4
WH_121398,18063,5,0,5
WH_121399,35098,4,3,5
WH_121400,49119,4,0,2
WH_121401,21063,5,2,4
WH_121402,21113,4,3,3
WH_121403,23100,0,0,5
WH_121404,26136,4,0,4
WH_121405,48102,6,0,3
WH_121406,45142,2,0,4
WH_121407,22086,1,0,3
WH_121408,22133,7,1,6
WH_121409,25097,4,0,6
WH_121410,6067,4,3,2
WH_121411,33112,0,0,5
WH_121412,11096,3,5,1
WH_121413,16091,8,0,6
WH_121414,5150,1,1,2
WH_121415,31126,4,0,5
WH_121416,11110,1,0,4
WH_121417,7071,8,2,3
WH_121418,27056,4,4,3
WH_121419,11116,5,0,5
WH_121420,16112,8,1,6
WH_121421,5119,7,2,1
WH_121422,45124,7,3,6
WH_121424,47131,3,0,4
WH_121425,15086,0,0,4
WH_121426,17117,7,1,4
WH_121427,34136,5,3,3
WH_121428,31058,6,4,2
WH_121429,23135,1,0,3
WH_121430,33066,5,3,4
WH_121431,5140,5,2,6
WH_121432,13081,5,0,5
WH_121433,22114,2,0,4
WH_121435,8069,4,2,1
WH_121436,43073,5,1,2
WH_121438,28102,7,0,3
WH_121439,26066,0,0,3
WH_121440,32063,5,0,3
WH_121441,31118,2,0,3
WH_121442,34148,3,1,5
WH_121443,24096,4,1,2
WH_121444,29147,8,1,4
WH_121445,26103,2,0,6
WH_121446,7105,3,0,4
WH_121447,37068,4,0,2
WH_121448,14092,7,2,4
WH_121449,20073,8,0,2
WH_121450,26150,1,1,6
WH_121451,17100,6,0,3
WH_121452,13079,0,1,5
WH_121453,7142,0,0,2
WH_121454,25104,0,3,4
WH_121455,14121,3,1,3
WH_121456,23109,0,0,2
WH_121458,22109,1,0,3
WH_121459,28077,8,4,6
WH_121460,13083,0,0,6
WH_121461,26072,3,0,2
WH_121462,26067,4,0,6
WH_121463,24102,5,1,5
WH_121464,15115,1,2,2
WH_121465,22077,4,0,4
WH_121466,22079,0,1,5
WH_121467,19117,3,5,4
WH_121468,24139,3,0,5
WH_121469,6067,6,0,3
WH_121470,28103,0,0,4
WH_121471,43117,4,2,5
WH_121472,32057,3,0,2
WH_121473,47124,2,1,5
WH_121474,28120,3,5,3
WH_121475,24129,5,0,6
WH_121476,39107,0,0,5
WH_121477,36070,1,0,5
WH_121478,5139,1,2,1
WH_121479,19086,7,1,3
WH_121480,25105,4,0,5
WH_121481,20146,3,0,2
WH_121482,11080,8,0,2
WH_121483,11134,7,2,5
WH_121484,9128,0,0,3
WH_121485,26146,5,0,5
WH_121486,20075,3,0,6
WH_121487,12114,6,3,5
WH_121488,31130,7,2,3
WH_121489,25120,6,0,3
WH_121490,25094,1,0,6
WH_121491,36120,0,0,2
WH_121492,32073,5,0,5
WH_121493,18116,2,3,2
WH_121494,22069,1,0,3
WH_121495,24143,8,0,2
WH_121496,8089,4,0,6
WH_121497,8087,5,0,3
WH_121498,39135,3,0,2
WH_121499,8137,3,0,1
WH_121500,51126,1,0,3
WH_121501,7134,5,0,1
WH_121502,7086,0,1,3
WH_121503,11090,4,4,5
WH_121504,12120,7,0,4
WH_121506,29098,4,0,2
WH_121507,17106,8,3,6
WH_121508,45081,5,0,6
WH_121509,6057,7,3,1
WH_121510,4083,7,1,2
WH_121511,27131,8,1,3
WH_121513,14075,5,0,1
WH_121514,12115,0,2,5
WH_121515,24060,1,0,1
WH_121516,19125,5,2,4
WH_121518,42149,6,0,5
WH_121519,12150,7,0,3
WH_121520,26101,1,3,4
WH_121522,4103,2,0,2
WH_121523,13148,6,0,5
WH_121524,6136,4,0,3
WH_121525,12147,7,0,4
WH_121526,24130,2,0,2
WH_121527,25085,1,0,5
WH_121528,5109,2,0,3
WH_121529,23077,6,3,6
WH_121530,32084,8,0,2
WH_121531,40089,5,1,6
WH_121532,10136,4,0,6
WH_121533,23127,4,0,3
WH_121534,35090,8,1,6
WH_121536,37100,0,0,6
WH_121537,16099,8,3,1
WH_121538,17083,1,0,6
WH_121539,7059,6,0,1
WH_121540,31092,8,3,2
WH_121542,25071,2,0,3
WH_121543,22104,8,0,5
WH_121544,43124,5,0,4
WH_121545,28139,7,0,4
WH_121546,30071,8,3,2
WH_121547,27072,6,0,6
WH_121548,24085,0,0,1
WH_121549,12129,7,0,3
WH_121550,31137,7,3,2
WH_121551,11127,4,1,4
WH_121552,23126,1,0,5
WH_121553,12074,3,0,5
WH_121554,30142,7,0,5
WH_121555,19059,4,0,6
WH_121556,50065,4,0,5
WH_121557,6061,5,3,2
WH_121558,7073,5,2,5
WH_121559,27133,2,0,2
WH_121560,10116,6,4,4
WH_121561,6084,5,0,3
WH_121562,18089,5,2,4
WH_121563,30070,8,3,4
WH_121564,30088,3,1,4
WH_121565,7135,2,3,2
WH_121566,15131,3,2,3
WH_121567,6070,1,0,2
WH_121568,16073,5,1,2
WH_121569,13105,1,0,3
WH_121570,22086,0,1,5
WH_121571,15107,1,0,2
WH_121572,9100,3,3,3
WH_121573,20098,5,0,6
WH_121574,31125,8,0,4
WH_121575,26107,6,0,1
WH_121576,18062,7,0,2
WH_121577,7142,4,4,1
WH_121578,18102,5,2,4
WH_121579,45069,4,0,6
WH_121580,31063,8,0,4
WH_121581,19113,4,0,3
WH_121582,49136,7,0,6
WH_121583,6062,2,0,3
WH_121584,28077,0,1,3
WH_121585,26090,2,1,5
WH_121586,21137,5,1,6
WH_121587,25058,6,1,2
WH_121588,13135,6,0,6
WH_121589,30064,5,0,2
WH_121590,16081,7,0,6
WH_121592,6090,6,0,3
WH_121593,15087,0,1,1
WH_121594,22093,0,0,3
WH_121595,16127,2,0,5
WH_121596,42149,7,1,2
WH_121597,15109,5,0,6
WH_121598,6091,3,0,2
WH_121599,14122,6,3,6
WH_121600,31141,8,3,3
WH_121602,16072,4,1,1
WH_121603,31096,7,0,3
WH_121604,23142,4,3,2
WH_121605,24126,3,0,2
WH_121607,17143,2,3,2
WH_121608,8127,0,3,4
WH_121609,11055,0,2,4
WH_121610,18101,8,3,2
WH_121611,43089,1,0,6
WH_121612,11149,6,0,3
WH_121613,42130,3,0,2
WH_121614,30132,0,0,2
WH_121615,7059,1,4,3
WH_121616,31125,3,1,5
WH_121617,26098,7,2,6
WH_121618,24142,6,1,3
WH_121619,32129,8,2,4
WH_121620,32091,6,0,2
WH_121621,20148,5,1,2
WH_121622,31119,3,0,5
WH_121623,30118,0,0,6
WH_121624,22137,8,0,6
WH_121625,32091,1,0,3
WH_121626,26064,8,1,6
WH_121627,25098,4,1,6
WH_121628,22088,2,0,5
WH_121629,33106,4,0,3
WH_121630,13121,7,0,6
WH_121631,13129,2,3,5
WH_121632,12117,8,0,1
WH_121633,22062,2,3,5
WH_121634,17094,5,0,1
WH_121635,31130,0,0,5
WH_121636,6080,2,0,4
WH_121637,4127,6,3,2
WH_121638,27080,0,1,2
WH_121639,33134,3,0,3
WH_121640,6075,1,1,2
WH_121641,30098,1,0,4
WH_121642,4066,7,2,2
WH_121643,32143,5,2,2
WH_121644,17092,7,0,6
WH_121645,27087,1,4,6
WH_121646,32098,6,0,6
WH_121647,22100,3,0,3
WH_121648,32128,5,0,1
WH_121649,45085,8,0,5
WH_121650,15061,6,0,1
WH_121651,40147,7,1,4
WH_121652,22110,8,0,2
WH_121653,23126,8,3,6
WH_121654,32083,6,0,5
WH_121655,25099,8,0,5
WH_121656,24056,5,0,4
WH_121657,6069,1,0,6
WH_121658,21118,4,2,6
WH_121659,20081,3,0,4
WH_121660,18119,5,0,3
WH_121661,36149,0,0,4
WH_121662,40101,3,0,6
WH_121663,45087,1,0,5
WH_121664,47071,7,0,3
WH_121665,32088,5,2,3
WH_121666,5092,2,1,3
WH_121667,29071,0,0,5
WH_121668,15084,7,0,5
WH_121670,17145,3,0,1
WH_121671,16072,6,0,5
WH_121672,15107,5,0,4
WH_121674,24120,4,0,2
WH_121675,12080,8,0,6
WH_121676,43064,6,1,4
WH_121677,12058,7,4,5
WH_121678,26102,4,0,3
WH_121679,28132,4,0,6
WH_121680,22067,0,0,4
WH_121681,20063,6,0,6
WH_121682,32117,4,2,2
WH_121683,35115,7,0,3
WH_121685,18115,5,2,6
WH_121686,20116,3,0,3
WH_121687,32094,3,3,5
WH_121688,41148,1,1,3
WH_121689,14056,0,0,6
WH_121690,14074,3,1,4
WH_121692,28149,8,0,4
WH_121693,18139,1,0,3
WH_121694,16148,7,0,3
WH_121695,28120,7,0,2
WH_121696,23134,8,0,3
WH_121697,25125,5,1,4
WH_121698,24084,3,4,2
WH_121699,28150,7,2,6
WH_121700,12091,7,4,5
WH_121701,33074,4,0,6
WH_121702,22089,4,0,4
WH_121703,13124,6,0,3
WH_121704,45078,6,1,4
WH_121705,19121,1,3,4
WH_121706,21090,3,1,5
WH_121707,6082,8,1,3
WH_121708,34079,3,0,5
WH_121709,17128,2,0,2
WH_121710,9118,3,0,2
WH_121711,5071,5,1,2
WH_121712,7132,0,4,5
WH_121714,14114,3,2,2
WH_121715,26085,8,3,3
WH_121716,13145,0,1,4
WH_121717,33057,2,0,2
WH_121718,21114,6,0,5
WH_121719,26109,4,0,6
WH_121720,23122,1,0,3
WH_121721,27060,1,0,3
WH_121722,29149,7,0,3
WH_121723,8146,0,1,2
WH_121724,26118,3,0,5
WH_121725,4112,1,0,2
WH_121726,17106,5,2,2
WH_121727,21086,3,0,5
WH_121728,28091,6,4,5
WH_121729,27058,1,1,6
WH_121730,25137,3,0,6
WH_121731,31075,7,0,2
WH_121732,17077,0,0,3
WH_121733,32093,3,0,2
WH_121734,22083,3,0,2
WH_121735,32135,7,0,5
WH_121737,8121,4,0,4
WH_121738,13142,3,0,1
WH_121739,6131,0,0,6
WH_121740,17067,8,1,6
WH_121741,8136,8,4,6
WH_121742,21109,4,3,6
WH_121743,13099,3,2,4
WH_121744,26113,1,3,3
WH_121745,13144,7,0,2
WH_121746,34113,5,0,2
WH_121747,23091,5,0,5
WH_121748,42119,5,0,2
WH_121749,7128,5,0,2
WH_121750,29098,0,1,3
WH_121751,17065,3,1,6
WH_121752,7131,6,0,1
WH_121753,27130,3,0,4
WH_121754,48069,3,0,6
WH_121755,15119,8,0,1
WH_121756,26061,5,0,2
WH_121757,11136,0,0,1
WH_121758,24075,1,0,5
WH_121759,23090,3,0,2
WH_121760,24068,3,0,3
WH_121761,9075,1,2,1
WH_121762,21090,2,1,3
WH_121763,7057,4,0,5
WH_121764,17115,6,0,1
WH_121766,22091,5,0,3
WH_121767,30087,7,3,3
WH_121769,25140,0,3,6
WH_121770,30093,2,0,3
WH_121771,28059,8,1,6
WH_121772,45131,7,0,6
WH_121773,7074,3,0,2
WH_121774,27060,6,1,3
WH_121775,32094,8,0,6
WH_121776,8135,5,1,2
WH_121778,13071,3,0,5
WH_121779,40076,3,0,4
WH_121780,31057,0,0,2
WH_121781,10093,6,0,3
WH_121782,7138,1,3,2
WH_121783,20055,5,1,6
WH_121784,7150,7,1,6
WH_121785,24077,5,3,2
WH_121786,4100,0,1,2
WH_121788,34141,8,0,4
WH_121789,29139,3,1,5
WH_121790,17139,5,4,2
WH_121792,23118,3,0,1
WH_121793,8097,6,3,6
WH_121794,31142,3,0,4
WH_121795,7070,0,0,4
WH_121796,7125,5,0,4
WH_121797,44140,1,0,5
WH_121798,5102,8,1,3
WH_121799,26122,5,4,4
WH_121800,25086,1,0,5
WH_121801,5147,7,0,3
WH_121802,24096,1,0,3
WH_121803,20058,6,0,2
WH_121804,19138,3,3,6
WH_121806,25059,0,0,3
WH_121807,15142,1,1,4
WH_121808,41092,0,1,4
WH_121809,24058,1,0,2
WH_121810,24125,2,0,6
WH_121811,51070,6,0,2
WH_121813,42093,1,0,6
WH_121814,24124,8,0,3
WH_121815,16072,4,0,3
WH_121816,8140,0,0,2
WH_121817,28099,7,1,5
WH_121818,5065,3,0,1
WH_121819,32128,1,0,3
WH_121820,13141,6,0,6
WH_121821,28102,5,1,3
WH_121822,36081,5,0,2
WH_121823,31108,4,0,5
WH_121824,15121,5,5,1
WH_121825,35146,5,0,6
WH_121826,20088,1,0,3
WH_121827,27089,3,0,5
WH_121828,7143,8,1,2
WH_121829,28059,3,4,5
WH_121830,17062,4,0,1
WH_121831,48102,4,0,3
WH_121832,26143,0,4,5
WH_121833,24116,0,0,2
WH_121834,41126,5,0,4
WH_121835,22084,6,1,4
WH_121836,25116,2,0,5
WH_121837,28130,3,0,6
WH_121838,28067,4,0,1
WH_121839,32068,2,0,2
WH_121840,7133,7,1,3
WH_121841,24087,5,1,3
WH_121842,6121,1,0,1
WH_121843,7104,7,0,1
WH_121844,16121,4,1,1
WH_121845,11115,3,1,6
WH_121846,14094,8,0,1
WH_121847,5069,8,1,2
WH_121848,25148,3,2,4
WH_121849,39065,5,1,6
WH_121850,5059,5,5,1
WH_121852,32097,4,0,4
WH_121853,6086,3,3,1
WH_121854,17077,3,0,2
WH_121855,23129,5,0,3
WH_121856,16099,1,1,2
WH_121857,38128,8,0,6
WH_121858,11092,5,1,2
WH_121859,32083,8,0,4
WH_121860,30098,0,4,3
WH_121861,31122,3,0,3
WH_121862,38138,4,0,6
WH_121863,10087,5,1,4
WH_121864,30064,5,2,4
WH_121865,24105,7,0,3
WH_121866,28128,1,1,5
WH_121867,20088,8,0,2
WH_121868,24151,0,0,5
WH_121869,11118,1,3,2
WH_121870,24082,4,4,2
WH_121871,49099,0,0,3
WH_121872,40075,6,1,2
WH_121873,18094,0,2,3
WH_121874,16062,8,3,5
WH_121875,26133,7,3,5
WH_121876,11072,0,1,3
WH_121877,41119,5,0,2
WH_121878,19072,4,1,5
WH_121879,16103,8,1,6
WH_121880,11143,0,0,1
WH_121881,34098,4,0,3
WH_121882,24058,6,0,4
WH_121883,11137,5,2,2
WH_121884,26091,7,2,5
WH_121885,26135,5,0,5
WH_121886,9144,8,0,2
WH_121887,21114,8,0,6
WH_121888,30094,7,1,2
WH_121889,14105,3,0,6
WH_121890,29074,0,0,2
WH_121891,48120,2,0,3
WH_121892,16070,3,0,5
WH_121893,9123,8,1,3
WH_121894,14073,5,0,1
WH_121895,24127,5,0,2
WH_121896,12098,1,0,2
WH_121897,31095,2,0,4
WH_121898,10111,0,0,2
WH_121899,23138,0,0,6
WH_121900,5076,6,0,1
WH_121901,38093,0,0,5
WH_121902,23080,7,0,3
WH_121903,29145,5,0,6
WH_121904,44104,7,1,6
WH_121906,36102,6,0,4
WH_121907,28074,1,2,5
WH_121908,19082,8,0,3
WH_121909,24093,8,0,4
WH_121910,20149,8,0,6
WH_121911,31085,1,4,6
WH_121912,14093,4,0,6
WH_121913,17088,6,0,1
WH_121914,24117,4,0,4
WH_121915,5074,3,0,2
WH_121916,22070,5,0,6
WH_121917,47100,8,0,4
WH_121918,7141,8,1,2
WH_121919,33090,8,0,5
WH_121920,31088,7,0,2
WH_121921,11073,1,0,5
WH_121922,21084,4,0,2
WH_121923,25083,5,0,3
WH_121925,26076,3,0,1
WH_121927,52088,3,1,3
WH_121928,27100,0,0,6
WH_121929,36123,3,0,2
WH_121930,31069,8,0,5
WH_121931,31081,2,0,4
WH_121932,28129,5,0,4
WH_121933,34086,7,0,3
WH_121934,8121,3,0,2
WH_121935,30138,0,0,2
WH_121936,30145,8,0,3
WH_121937,39108,0,0,5
WH_121938,39150,3,0,4
WH_121939,24130,3,2,4
WH_121940,21133,3,1,3
WH_121943,24118,6,2,3
WH_121944,32075,1,0,2
WH_121945,11095,7,3,5
WH_121946,17083,0,0,4
WH_121947,17107,0,1,5
WH_121948,5068,0,2,3
WH_121949,27073,8,2,6
WH_121950,21094,7,4,2
WH_121951,18132,6,1,5
WH_121952,9089,5,3,3
WH_121953,5076,5,1,1
WH_121954,40133,4,4,3
WH_121955,15149,4,0,2
WH_121956,16110,3,0,1
WH_121957,32120,6,0,2
WH_121960,26070,5,2,4
WH_121961,22141,4,0,2
WH_121962,28109,5,0,5
WH_121963,46139,4,0,4
WH_121964,10143,5,0,5
WH_121965,42063,4,0,4
WH_121966,16102,6,1,3
WH_121967,25145,4,1,3
WH_121968,31094,5,0,4
WH_121969,17136,0,1,6
WH_121970,50136,1,0,2
WH_121971,5093,2,1,6
WH_121972,6126,2,0,2
WH_121973,21124,3,3,3
WH_121974,21128,7,4,2
WH_121975,25104,7,1,5
WH_121976,39078,1,0,4
WH_121977,14108,6,3,6
WH_121978,29119,3,0,4
WH_121979,21147,0,2,2
WH_121980,23108,1,0,6
WH_121981,10100,6,2,2
WH_121982,23101,4,3,6
WH_121983,18150,6,0,4
WH_121984,17076,7,0,1
WH_121985,25120,8,0,6
WH_121986,8067,4,1,3
WH_121987,23142,7,0,4
WH_121988,36063,5,0,2
WH_121989,13121,3,2,2
WH_121990,12059,8,0,6
WH_121991,23084,0,1,3
WH_121992,48122,4,0,4
WH_121993,33082,2,1,3
WH_121994,13099,3,1,1
WH_121995,12112,6,0,2
WH_121996,8071,5,4,5
WH_121997,4086,0,2,2
WH_121998,30074,6,0,6
WH_121999,8131,8,3,2
WH_122000,32151,4,0,4
WH_122001,6095,5,1,1
WH_122002,22134,7,0,2
WH_122003,51065,4,1,6
WH_122004,30137,7,0,3
WH_122005,30112,1,0,5
WH_122006,6130,8,1,2
WH_122007,47091,0,1,3
WH_122008,34120,4,0,6
WH_122010,27089,1,5,3
WH_122011,27115,7,1,5
WH_122012,5090,7,0,1
WH_122013,9090,7,1,6
WH_122014,7115,4,0,2
WH_122015,11137,2,0,3
WH_122016,27098,5,0,3
WH_122017,16088,6,1,6
WH_122018,31133,8,0,2
WH_122019,15094,7,5,6
WH_122020,43142,8,1,6
WH_122021,7133,6,2,2
WH_122022,24146,2,1,6
WH_122023,31126,5,0,6
WH_122024,25086,8,0,6
WH_122025,34138,2,1,4
WH_122026,23085,6,0,6
WH_122028,37150,7,2,3
WH_122029,29136,8,0,3
WH_122030,5113,7,3,3
WH_122031,6143,8,1,2
WH_122032,21055,7,3,2
WH_122033,29139,2,0,6
WH_122034,16120,1,0,1
WH_122035,29141,8,0,3
WH_122036,13134,0,1,4
WH_122037,42134,5,0,6
WH_122038,20095,7,3,3
WH_122039,30132,7,0,5
WH_122040,31104,7,0,2
WH_122041,5089,8,1,1
WH_122042,20119,5,0,5
WH_122043,22112,3,0,5
WH_122044,35121,4,1,6
WH_122045,23140,6,2,4
WH_122046,24084,7,0,2
WH_122047,38116,4,1,2
WH_122048,24127,8,0,3
WH_122049,28094,1,1,4
WH_122050,6063,0,0,2
WH_122051,38069,0,1,4
WH_122052,40120,3,1,5
WH_122053,7091,0,0,3
WH_122054,26115,0,2,2
WH_122055,5119,4,0,2
WH_122056,9144,4,1,2
WH_122057,30060,5,2,2
WH_122058,10148,8,0,1
WH_122059,33085,0,0,5
WH_122060,24084,4,0,6
WH_122061,26095,2,0,6
WH_122062,25149,0,0,5
WH_122064,15085,1,0,3
WH_122065,12074,5,2,3
WH_122066,33076,0,0,3
WH_122067,4086,1,1,1
WH_122069,33141,8,0,3
WH_122070,31127,7,0,5
WH_122071,18132,4,0,2
WH_122072,30082,2,0,2
WH_122073,26068,4,0,4
WH_122075,8098,3,0,4
WH_122076,34105,2,0,6
WH_122077,31135,8,0,3
WH_122078,29087,6,1,2
WH_122079,26135,3,1,6
WH_122080,22131,5,3,5
WH_122081,24063,6,0,4
WH_122082,29091,4,1,5
WH_122083,28056,7,0,2
WH_122084,22075,3,0,5
WH_122085,20135,5,0,6
WH_122086,22091,0,1,2
WH_122087,18075,2,1,6
WH_122088,43084,6,0,5
WH_122089,33098,5,2,5
WH_122090,23132,3,2,2
WH_122091,47088,4,0,2
WH_122092,28083,0,0,4
WH_122093,24119,5,0,4
WH_122094,18071,4,1,2
WH_122095,23142,1,1,3
WH_122096,18086,1,3,3
WH_122097,41078,0,0,6
WH_122098,18082,5,0,4
WH_122099,26077,4,0,6
WH_122100,41111,0,0,6
WH_122101,33074,0,0,4
WH_122102,21131,4,2,4
WH_122103,36137,7,0,2
WH_122104,29064,2,2,3
WH_122105,29080,4,1,6
WH_122106,8088,2,0,1
WH_122107,7136,7,2,1
WH_122108,23056,6,1,2
WH_122109,23139,7,1,2
WH_122110,17133,0,0,2
WH_122111,11123,3,1,6
WH_122112,10128,0,0,2
WH_122113,7121,8,3,4
WH_122114,24087,4,0,3
WH_122115,5150,5,0,3
WH_122116,29135,5,0,2
WH_122117,51124,3,0,4
WH_122118,5103,3,5,1
WH_122119,40086,8,0,3
WH_122120,30090,3,2,3
WH_122121,31096,7,2,3
WH_122122,22139,8,0,3
WH_122123,34107,1,1,2
WH_122124,30055,2,0,3
WH_122125,20087,4,1,5
WH_122126,15131,8,0,5
WH_122127,14080,3,0,5
WH_122128,45109,3,0,5
WH_122129,11117,0,0,3
WH_122130,6127,2,2,2
WH_122131,28086,2,0,5
WH_122132,5147,0,3,1
WH_122133,16063,7,0,5
WH_122134,18114,1,0,6
WH_122135,26114,8,0,2
WH_122136,22082,3,1,2
WH_122137,32093,0,1,5
WH_122138,29130,7,0,6
WH_122139,30102,5,0,2
WH_122140,21128,7,0,6
WH_122141,5069,0,2,2
WH_122142,46138,5,0,2
WH_122144,10068,1,2,5
WH_122145,29138,8,1,2
WH_122146,33108,3,1,5
WH_122147,24072,7,2,6
WH_122148,15055,6,2,3
WH_122149,14103,7,2,6
WH_122150,44134,8,0,6
WH_122151,24100,1,1,2
WH_122152,26089,7,1,6
WH_122153,34066,1,0,6
WH_122154,10102,6,1,2
WH_122155,28137,5,3,6
WH_122156,24084,7,0,6
WH_122157,27056,6,0,5
WH_122158,5098,6,0,2
WH_122159,29088,4,0,5
WH_122160,15136,3,0,2
WH_122161,23150,3,0,4
WH_122162,36138,7,0,3
WH_122163,35146,0,0,4
WH_122164,35055,4,1,4
WH_122165,10097,2,3,5
WH_122166,23127,0,0,5
WH_122167,41100,0,1,2
WH_122168,24100,6,1,6
WH_122169,21089,2,0,6
WH_122170,6079,6,1,2
WH_122171,25081,2,0,6
WH_122172,36147,6,0,4
WH_122173,29102,5,1,4
WH_122174,14064,2,0,5
WH_122175,18128,0,2,6
WH_122176,6147,8,0,2
WH_122177,25128,4,1,6
WH_122178,32066,6,0,5
WH_122179,19064,1,1,4
WH_122180,30139,2,0,4
WH_122181,32059,3,0,2
WH_122182,6066,4,3,3
WH_122183,16139,8,1,6
WH_122184,9107,6,1,1
WH_122185,14141,3,2,1
WH_122186,30081,0,1,5
WH_122187,23147,1,0,2
WH_122188,22139,1,0,1
WH_122189,48140,7,0,4
WH_122190,13067,2,0,6
WH_122191,24126,6,0,4
WH_122192,36057,3,0,4
WH_122193,16137,1,1,6
WH_122194,5083,2,3,3
WH_122195,6076,0,0,3
WH_122196,31070,4,3,3
WH_122197,26115,0,1,6
WH_122198,37112,4,0,6
WH_122199,28103,1,4,6
WH_122200,31083,2,0,5
WH_122201,21073,8,1,5
WH_122202,7063,1,1,1
WH_122203,26083,7,2,6
WH_122204,8096,6,0,1
WH_122205,23128,5,0,2
WH_122206,7061,3,0,2
WH_122207,24139,4,2,4
WH_122208,6084,4,0,2
WH_122209,5094,1,0,3
WH_122210,28103,4,1,2
WH_122211,10060,1,1,4
WH_122212,22112,8,4,4
WH_122213,32119,7,3,3
WH_122214,18073,8,3,4
WH_122215,34070,5,1,2
WH_122216,12142,6,0,2
WH_122217,16134,4,0,2
WH_122218,7070,0,2,3
WH_122219,10126,6,5,5
WH_122220,21101,7,0,2
WH_122221,34088,6,0,6
WH_122222,35116,6,0,4
WH_122223,21109,6,0,2
WH_122224,19104,7,1,6
WH_122225,20118,4,0,4
WH_122226,28140,1,0,5
WH_122228,24077,6,0,3
WH_122229,32057,0,0,3
WH_122230,7104,4,0,3
WH_122231,15055,2,0,4
WH_122233,19070,7,0,2
WH_122234,38092,2,1,4
WH_122235,6073,0,0,2
WH_122236,37065,5,1,2
WH_122237,41059,0,0,6
WH_122238,30094,6,1,6
WH_122239,23095,8,0,5
WH_122240,5076,3,3,2
WH_122241,14100,2,0,2
WH_122242,52141,4,0,3
WH_122243,35151,0,0,4
WH_122244,7098,5,2,1
WH_122245,54061,7,0,2
WH_122246,38086,5,1,2
WH_122247,48070,8,0,2
WH_122248,32077,0,0,3
WH_122249,15086,5,1,2
WH_122250,12060,7,0,1
WH_122251,31120,8,2,4
WH_122252,28109,3,0,4
WH_122253,21104,2,0,4
WH_122254,25143,5,2,2
WH_122255,6059,1,0,2
WH_122256,35109,8,0,5
WH_122257,24090,7,0,2
WH_122258,23073,0,1,3
WH_122259,32066,4,3,3
WH_122260,12133,8,3,6
WH_122261,14080,3,0,4
WH_122262,28084,0,1,5
WH_122263,8143,8,1,1
WH_122264,36072,0,0,5
WH_122265,25099,3,2,4
WH_122266,9059,6,2,6
WH_122267,16115,7,0,1
WH_122268,7056,1,5,2
WH_122269,43077,4,0,3
WH_122270,27151,6,0,4
WH_122271,20116,7,1,3
WH_122272,29138,4,0,3
WH_122273,32114,2,0,2
WH_122275,16108,3,3,1
WH_122276,8094,6,1,3
WH_122277,13110,2,0,2
WH_122278,5090,4,3,3
WH_122279,21065,0,0,6
WH_122280,30064,0,0,3
WH_122281,8082,7,0,5
WH_122282,49133,3,1,4
WH_122283,44072,5,0,2
WH_122284,26109,4,0,3
WH_122285,27076,8,1,3
WH_122286,23094,7,1,4
WH_122287,14072,7,1,3
WH_122288,5079,0,0,1
WH_122289,10071,4,0,2
WH_122290,8084,3,1,4
WH_122291,41108,6,0,6
WH_122292,26124,4,2,2
WH_122293,25061,3,0,5
WH_122294,25095,3,3,3
WH_122295,36114,3,0,3
WH_122298,24079,8,0,5
WH_122299,21072,0,3,6
WH_122300,19147,1,0,5
WH_122301,50100,0,0,4
WH_122302,5086,4,1,2
WH_122303,17068,4,0,4
WH_122304,8122,6,0,1
WH_122305,15135,7,1,4
WH_122306,30127,0,3,2
WH_122307,34139,4,1,2
WH_122308,51064,4,0,2
WH_122309,19145,4,0,4
WH_122310,44148,0,1,6
WH_122311,23100,5,0,5
WH_122312,43134,5,0,3
WH_122313,11064,1,0,1
WH_122314,37100,5,0,3
WH_122316,24061,7,0,4
WH_122317,30102,5,0,4
WH_122318,28061,2,0,2
WH_122319,30084,5,0,5
WH_122320,21073,0,0,6
WH_122321,23127,4,5,4
WH_122322,39090,6,0,6
WH_122323,41076,2,1,3
WH_122324,8073,8,0,3
WH_122326,17136,3,0,4
WH_122327,22097,3,0,1
WH_122328,11132,8,1,3
WH_122329,30144,7,0,3
WH_122330,7122,0,1,3
WH_122332,45102,2,1,3
WH_122333,34092,7,0,2
WH_122334,16142,2,0,3
WH_122335,6117,5,0,5
WH_122336,27144,3,2,2
WH_122337,12133,3,0,1
WH_122338,21070,5,0,6
WH_122339,9112,7,0,2
WH_122340,18070,1,2,2
WH_122341,21077,6,2,4
WH_122342,31122,5,2,5
WH_122343,7138,1,0,1
WH_122344,6135,5,3,3
WH_122345,29078,7,0,3
WH_122346,8067,7,2,6
WH_122347,32096,7,0,2
WH_122348,46060,1,0,2
WH_122349,16058,0,1,2
WH_122350,30076,1,5,5
WH_122351,19122,1,2,5
WH_122352,19083,7,1,5
WH_122353,13107,8,0,4
WH_122354,10072,5,0,4
WH_122355,19073,1,2,4
WH_122356,24083,6,3,5
WH_122357,10126,3,4,3
WH_122358,6093,5,2,1
WH_122359,27142,7,0,6
WH_122360,21106,1,0,4
WH_122361,22100,0,0,3
WH_122362,6099,0,0,6
WH_122363,18118,3,3,4
WH_122364,28113,4,4,2
WH_122365,31135,8,1,5
WH_122366,19115,0,0,5
WH_122367,32141,7,0,3
WH_122368,25143,6,1,4
WH_122369,37109,6,0,2
WH_122370,35108,2,1,3
WH_122371,14073,6,0,3
WH_122372,6122,3,0,1
WH_122373,28128,0,0,6
WH_122374,25057,8,0,2
WH_122375,5107,8,3,1
WH_122376,23055,4,0,5
WH_122377,13111,0,0,4
WH_122378,23108,6,0,3
WH_122379,18138,5,0,4
WH_122380,33059,3,0,5
WH_122381,22096,6,1,4
WH_122382,29064,0,0,3
WH_122383,18055,8,1,2
WH_122384,11123,3,3,5
WH_122385,12091,6,2,3
WH_122386,13148,0,2,6
WH_122387,19064,6,0,4
WH_122388,32133,8,3,4
WH_122389,30147,8,5,2
WH_122390,35089,3,0,6
WH_122391,7149,3,0,3
WH_122392,29061,2,0,3
WH_122393,6070,7,0,3
WH_122394,26130,5,0,1
WH_122395,15116,7,0,4
WH_122396,18112,6,0,4
WH_122397,22146,3,0,3
WH_122398,19064,1,0,5
WH_122399,18116,8,0,3
WH_122400,9103,4,0,5
WH_122401,36094,8,0,3
WH_122402,15100,8,1,3
WH_122403,19140,0,0,2
WH_122404,29128,1,1,5
WH_122405,20078,3,0,6
WH_122406,28097,7,0,3
WH_122407,19070,1,0,6
WH_122408,32101,6,0,3
WH_122409,15092,3,0,5
WH_122410,25062,6,0,6
WH_122411,31094,0,4,3
WH_122412,28063,6,4,3
WH_122413,14056,3,1,5
WH_122414,35075,8,0,2
WH_122415,24151,8,0,6
WH_122416,6104,0,1,2
WH_122417,6122,6,2,2
WH_122418,20056,4,1,4
WH_122419,21109,0,2,4
WH_122420,7088,5,0,1
WH_122421,37124,4,1,6
WH_122422,22099,2,4,5
WH_122423,26140,8,0,2
WH_122424,12085,7,0,4
WH_122425,11122,8,0,3
WH_122427,5088,4,0,3
WH_122428,27145,1,1,4
WH_122429,28150,1,0,5
WH_122430,10125,2,0,2
WH_122431,6083,6,0,2
WH_122432,33148,1,2,6
WH_122433,30145,1,0,3
WH_122434,15097,1,0,4
WH_122435,25055,1,0,4
WH_122436,19121,4,3,2
WH_122437,30118,0,2,5
WH_122438,13129,4,1,3
WH_122439,16131,3,0,6
WH_122440,12084,2,0,3
WH_122441,45133,1,0,6
WH_122443,15116,7,0,2
WH_122444,33108,0,1,6
WH_122445,30070,8,0,2
WH_122446,31123,8,0,4
WH_122447,16137,8,0,4
WH_122448,17082,0,1,4
WH_122449,16092,3,0,5
WH_122450,35066,5,0,5
WH_122451,32066,4,0,2
WH_122452,17097,5,0,1
WH_122453,12095,4,1,5
WH_122454,13134,8,1,4
WH_122456,13101,0,1,3
WH_122457,29135,3,0,3
WH_122458,17109,5,0,6
WH_122459,38106,7,1,4
WH_122460,12113,6,2,2
WH_122461,15061,2,0,5
WH_122462,38143,7,1,2
WH_122463,32064,5,1,5
WH_122464,10079,5,3,1
WH_122465,9112,3,0,4
WH_122466,23151,8,0,2
WH_122467,30081,1,0,6
WH_122468,34136,7,3,4
WH_122469,5084,7,0,3
WH_122470,26067,0,1,3
WH_122471,18057,4,0,6
WH_122472,5074,2,1,3
WH_122473,22082,5,0,4
WH_122474,32093,1,0,5
WH_122475,19113,7,3,2
WH_122476,36108,0,0,3
WH_122477,24084,8,0,4
WH_122478,23147,7,0,4
WH_122479,5147,1,3,2
WH_122480,17125,6,1,6
WH_122481,38065,5,1,6
WH_122482,11056,2,2,1
WH_122483,18074,1,2,1
WH_122484,32067,2,0,3
WH_122485,33148,0,2,3
WH_122486,6129,1,0,1
WH_122487,8065,0,2,4
WH_122488,10119,5,1,3
WH_122489,7127,6,0,2
WH_122490,44090,2,0,4
WH_122491,5144,6,0,1
WH_122492,28146,0,0,2
WH_122493,8100,5,0,1
WH_122494,33067,2,1,4
WH_122495,27072,3,0,1
WH_122496,27141,4,1,5
WH_122498,34099,7,1,6
WH_122499,6090,2,3,2
WH_122501,21085,1,4,6
WH_122502,31072,6,0,2
WH_122503,36111,4,0,4
WH_122504,46063,5,2,5
WH_122505,17110,3,1,2
WH_122506,40145,1,1,3
WH_122507,34116,2,0,4
WH_122508,25145,3,0,3
WH_122509,18094,0,0,6
WH_122510,29109,8,1,2
WH_122512,29062,7,3,2
WH_122513,21077,6,0,6
WH_122514,49084,0,0,6
WH_122515,43148,3,1,4
WH_122516,28144,4,0,4
WH_122517,17091,1,0,2
WH_122518,36092,7,0,6
WH_122519,31135,7,0,5
WH_122520,22120,0,1,3
WH_122521,17056,4,0,3
WH_122522,8140,7,2,1
WH_122523,23108,0,0,4
WH_122524,47132,4,0,6
WH_122525,39065,5,0,6
WH_122526,28148,6,0,6
WH_122527,40137,6,0,4
WH_122528,7079,4,1,1
WH_122529,25110,3,1,6
WH_122530,31133,6,0,2
WH_122531,29126,7,1,3
WH_122532,10077,3,0,5
WH_122533,8065,0,0,1
WH_122534,11056,3,2,3
WH_122535,20062,2,3,3
WH_122536,43118,0,0,2
WH_122537,38120,4,0,3
WH_122538,33099,6,0,4
WH_122539,19106,2,3,5
WH_122541,5060,3,5,3
WH_122542,14131,0,1,2
WH_122543,14055,4,0,1
WH_122544,22104,7,0,6
WH_122545,49055,7,0,3
WH_122546,23114,5,0,5
WH_122548,30113,4,1,4
WH_122549,7151,1,1,1
WH_122550,17105,2,0,2
WH_122551,17062,6,3,2
WH_122552,15120,1,0,6
WH_122553,14060,6,0,3
WH_122554,14111,5,1,3
WH_122555,15150,4,2,2
WH_122556,12115,4,0,1
WH_122557,24056,6,0,1
WH_122558,31137,7,0,2
WH_122559,13091,8,1,3
WH_122560,31079,1,0,3
WH_122561,33134,1,1,2
WH_122562,18090,6,0,4
WH_122563,14058,5,2,3
WH_122564,34136,2,0,4
WH_122565,20077,6,0,5
WH_122566,28125,7,1,4
WH_122567,24082,0,3,2
WH_122569,16091,4,5,1
WH_122570,21136,2,0,6
WH_122571,42120,4,0,4
WH_122572,18065,4,1,3
WH_122573,27080,4,0,4
WH_122574,29148,1,1,3
WH_122575,38087,1,0,2
WH_122576,16148,5,1,2
WH_122577,30103,7,0,5
WH_122578,32097,4,0,2
WH_122579,40109,2,0,3
WH_122580,21139,6,2,2
WH_122581,21103,8,1,4
WH_122582,26144,5,0,3
WH_122583,10130,1,3,4
WH_122584,8128,0,0,3
WH_122585,20117,2,5,2
WH_122586,10149,0,1,4
WH_122587,20123,4,0,6
WH_122588,19101,4,2,2
WH_122589,22065,0,0,6
WH_122590,31064,7,0,5
WH_122591,7148,3,1,1
WH_122592,46139,8,0,4
WH_122594,44143,2,0,5
WH_122595,19081,6,3,5
WH_122596,14091,5,0,6
WH_122597,26086,6,0,4
WH_122598,5076,3,3,3
WH_122599,29066,6,0,6
WH_122600,45061,3,1,5
WH_122601,31121,8,0,5
WH_122602,11149,2,1,1
WH_122603,52070,4,0,5
WH_122604,36151,6,1,6
WH_122605,13134,3,0,1
WH_122606,28084,0,0,4
WH_122607,34090,6,0,3
WH_122608,34129,2,0,4
WH_122609,35146,1,0,3
WH_122610,6108,8,2,2
WH_122611,45121,7,1,5
WH_122612,33131,2,0,6
WH_122613,17097,5,0,1
WH_122615,25065,8,2,3
WH_122616,18059,7,0,3
WH_122617,26089,6,0,4
WH_122618,29055,0,0,4
WH_122619,15114,7,3,3
WH_122620,24089,6,0,1
WH_122621,24064,7,0,4
WH_122622,26065,1,0,3
WH_122623,18062,8,0,2
WH_122624,23106,8,2,3
WH_122625,25084,5,0,5
WH_122626,29105,8,3,2
WH_122627,29124,0,2,6
WH_122628,17117,3,0,6
WH_122629,11117,4,0,6
WH_122630,28071,5,0,5
WH_122631,23085,2,0,4
WH_122632,6150,8,1,3
WH_122633,29085,6,1,4
WH_122634,6081,7,3,3
WH_122635,29096,5,0,2
WH_122636,5131,4,0,2
WH_122637,31145,0,0,5
WH_122638,27147,3,0,5
WH_122639,6111,8,4,2
WH_122640,23135,6,0,2
WH_122641,19106,1,2,4
WH_122642,18125,8,2,5
WH_122643,21084,5,0,6
WH_122644,31070,3,0,3
WH_122646,24068,3,0,5
WH_122647,27060,3,0,2
WH_122648,33121,5,0,2
WH_122649,10130,1,2,5
WH_122650,30083,0,0,6
WH_122651,26108,1,0,6
WH_122652,15119,8,0,6
WH_122653,14142,0,2,3
WH_122654,47080,4,0,4
WH_122655,25082,0,0,4
WH_122656,23075,0,1,5
WH_122657,7133,3,4,3
WH_122658,8079,8,1,6
WH_122659,29147,1,0,5
WH_122660,24102,7,1,5
WH_122661,26072,1,0,2
WH_122662,24131,7,2,2
WH_122663,28133,1,0,2
WH_122664,5093,5,0,2
WH_122665,34073,2,0,6
WH_122666,16062,5,0,1
WH_122667,21150,6,0,2
WH_122668,31082,6,0,2
WH_122669,30062,6,0,6
WH_122670,12148,3,5,4
WH_122671,16103,0,2,5
WH_122672,33080,2,0,2
WH_122673,20150,3,0,2
WH_122674,30141,5,0,2
WH_122675,16133,7,1,6
WH_122676,33057,8,0,2
WH_122677,12131,7,4,3
WH_122678,9116,4,0,3
WH_122679,21084,2,0,5
WH_122680,7074,8,0,3
WH_122681,13087,6,1,4
WH_122682,30097,3,2,4
WH_122683,23141,8,0,4
WH_122684,46109,3,1,6
WH_122685,31069,6,0,5
WH_122686,23070,3,4,4
WH_122687,30126,3,0,3
WH_122688,27086,0,1,5
WH_122689,32098,6,0,2
WH_122690,29056,8,4,6
WH_122691,33123,3,1,4
WH_122692,30069,1,0,2
WH_122693,11120,8,1,1
WH_122694,26134,1,0,3
WH_122695,24086,6,0,6
WH_122696,47101,5,0,3
WH_122697,39131,5,0,5
WH_122698,24066,6,0,5
WH_122699,7060,8,0,1
WH_122700,6104,3,3,4
WH_122701,19145,7,0,6
WH_122702,6115,3,3,2
WH_122703,24119,4,1,4
WH_122704,31107,5,0,6
WH_122706,15139,5,0,1
WH_122707,37079,2,0,6
WH_122708,25076,8,2,4
WH_122709,30132,4,0,3
WH_122710,32131,1,0,4
WH_122711,52080,4,0,2
WH_122712,30125,2,1,5
WH_122713,21094,1,0,2
WH_122714,30067,1,4,5
WH_122715,15131,1,3,6
WH_122716,49118,4,0,6
WH_122717,4072,3,3,2
WH_122718,17107,2,0,6
WH_122719,21066,4,1,6
WH_122720,7100,1,0,2
WH_122721,6070,1,0,5
WH_122722,24137,4,0,5
WH_122723,7139,7,0,2
WH_122724,32118,1,1,4
WH_122725,31105,4,1,4
WH_122726,49130,6,0,5
WH_122727,36118,4,0,6
WH_122728,43113,7,1,6
WH_122729,9086,3,0,2
WH_122730,18066,3,1,6
WH_122732,41092,4,1,2
WH_122733,21123,8,0,3
WH_122734,18127,0,1,5
WH_122735,27134,6,4,2
WH_122736,20119,2,0,2
WH_122737,30070,0,0,6
WH_122738,29056,7,1,5
WH_122739,11114,0,2,2
WH_122740,19114,3,0,2
WH_122741,23087,1,2,2
WH_122742,35135,2,0,4
WH_122743,29067,8,0,6
WH_122744,5145,3,0,1
WH_122745,13088,8,4,5
WH_122746,30066,0,0,6
WH_122747,26063,1,0,3
WH_122748,7064,5,0,3
WH_122749,37084,6,0,2
WH_122750,28112,7,1,2
WH_122751,11128,7,0,3
WH_122752,9114,1,2,1
WH_122753,31096,0,0,2
WH_122754,34099,0,1,2
WH_122755,35076,7,0,2
WH_122756,28131,7,0,5
WH_122758,24120,6,0,4
WH_122759,17128,6,0,1
WH_122760,5117,3,5,3
WH_122761,18069,4,2,4
WH_122762,36132,6,0,2
WH_122763,33114,7,0,6
WH_122764,23119,6,3,6
WH_122765,9138,1,0,3
WH_122766,29064,3,0,2
WH_122767,45068,8,0,6
WH_122768,23071,8,2,4
WH_122769,15112,1,3,6
WH_122770,11148,0,2,5
WH_122771,19075,2,0,1
WH_122772,13071,7,0,2
WH_122773,30110,8,0,2
WH_122774,27116,7,0,2
WH_122775,17128,8,0,3
WH_122776,10098,5,0,4
WH_122777,40055,8,0,6
WH_122778,53128,5,0,5
WH_122779,28131,1,0,4
WH_122781,28106,2,3,5
WH_122782,21077,0,0,5
WH_122783,17074,2,0,2
WH_122784,31076,6,2,3
WH_122785,28061,4,3,5
WH_122786,39096,3,0,2
WH_122787,17151,0,1,2
WH_122788,21100,0,0,5
WH_122789,7111,1,1,2
WH_122790,16107,4,2,1
WH_122791,8102,4,3,6
WH_122792,44075,5,0,4
WH_122794,22109,4,0,2
WH_122795,19092,1,1,2
WH_122796,33089,6,0,5
WH_122798,12056,3,2,2
WH_122799,22074,2,0,4
WH_122800,38064,1,0,3
WH_122801,28067,2,0,3
WH_122802,8099,6,1,4
WH_122803,42070,1,1,2
WH_122804,5066,5,3,3
WH_122805,7127,2,0,1
WH_122806,6057,3,1,4
WH_122807,31136,1,1,5
WH_122808,18107,3,1,5
WH_122809,30144,3,3,3
WH_122810,4141,2,2,2
WH_122811,27076,5,0,6
WH_122812,23090,4,1,5
WH_122813,5074,7,2,1
WH_122814,5141,6,0,1
WH_122815,5101,4,0,1
WH_122816,18091,4,0,4
WH_122817,13123,7,0,3
WH_122818,46114,5,1,4
WH_122819,28136,4,0,3
WH_122820,20073,5,3,5
WH_122821,20056,3,2,5
WH_122822,9073,6,0,3
WH_122823,27141,7,0,4
WH_122824,29119,8,0,2
WH_122825,34078,0,0,5
WH_122826,40083,3,0,6
WH_122827,28075,1,0,6
WH_122828,19077,4,2,1
WH_122829,25081,7,0,2
WH_122830,25109,1,0,4
WH_122831,32114,4,1,3
WH_122832,32059,3,0,6
WH_122833,8098,6,1,1
WH_122834,34151,7,0,5
WH_122835,21080,0,0,2
WH_122836,15080,3,0,2
WH_122837,24089,3,0,5
WH_122838,5072,1,0,2
WH_122839,25083,3,0,3
WH_122840,9118,3,5,3
WH_122841,29131,6,0,6
WH_122842,23121,7,0,6
WH_122843,23099,7,0,2
WH_122844,19089,0,0,3
WH_122845,33096,6,0,4
WH_122846,6103,8,1,2
WH_122847,19096,7,0,4
WH_122848,30098,7,0,4
WH_122849,41132,0,0,2
WH_122850,25082,8,1,3
WH_122851,9122,3,0,3
WH_122852,4108,7,0,1
WH_122853,41123,1,0,5
WH_122854,16121,0,4,3
WH_122855,27140,2,3,6
WH_122856,35103,3,2,2
WH_122857,7120,3,0,2
WH_122858,43065,3,0,2
WH_122859,20135,8,0,4
WH_122860,23117,3,0,2
WH_122861,34125,1,2,3
WH_122862,26127,0,0,2
WH_122863,26132,5,3,2
WH_122864,12077,3,0,6
WH_122865,10108,7,0,3
WH_122866,31108,5,1,5
WH_122867,8063,8,3,6
WH_122868,36073,5,0,3
WH_122869,6082,3,0,5
WH_122870,24078,4,0,6
WH_122871,22081,1,2,5
WH_122872,30106,8,1,2
WH_122873,31095,2,2,3
WH_122874,5097,8,1,3
WH_122875,21068,6,0,4
WH_122876,21127,3,0,4
WH_122877,20115,8,3,2
WH_122878,24070,6,0,6
WH_122879,6070,3,0,2
WH_122880,47102,3,0,5
WH_122881,19085,8,0,6
WH_122882,26073,7,0,3
WH_122883,10087,7,4,3
WH_122884,19124,4,1,2
WH_122885,20082,5,5,2
WH_122886,32081,3,0,4
WH_122889,32131,8,1,3
WH_122890,22126,4,0,6
WH_122891,33141,5,3,3
WH_122892,31100,7,0,6
WH_122893,12070,8,0,4
WH_122894,20062,6,0,2
WH_122895,19102,4,0,3
WH_122896,52098,8,0,3
WH_122897,8095,5,0,3
WH_122898,20057,3,4,4
WH_122899,19142,5,3,5
WH_122900,27118,0,2,4
WH_122901,21071,0,0,3
WH_122902,31145,4,1,2
WH_122903,15132,2,2,4
WH_122904,48078,8,0,3
WH_122905,16131,0,1,2
WH_122906,45077,1,1,4
WH_122907,6085,8,0,3
WH_122908,45113,1,0,3
WH_122909,11082,0,0,1
WH_122911,24130,1,1,2
WH_122912,24085,4,0,4
WH_122913,38134,1,1,3
WH_122914,9092,4,0,1
WH_122915,29103,5,0,4
WH_122916,14090,8,5,4
WH_122917,20064,7,1,6
WH_122918,5116,8,0,3
WH_122919,16103,4,0,4
WH_122920,13078,5,0,1
WH_122921,36061,3,0,3
WH_122922,26082,5,3,2
WH_122923,31056,1,0,4
WH_122924,14073,7,2,5
WH_122925,27147,5,0,6
WH_122926,17100,1,3,5
WH_122927,21078,5,3,1
WH_122928,6072,4,3,3
WH_122929,21124,3,4,3
WH_122930,41145,6,1,6
WH_122931,5106,2,0,3
WH_122932,16105,7,0,5
WH_122933,9146,0,0,1
WH_122934,21087,4,5,5
WH_122935,15151,2,0,6
WH_122936,32098,0,1,6
WH_122937,18080,5,0,5
WH_122938,5057,3,1,2
WH_122939,20140,3,0,2
WH_122940,30090,1,2,2
WH_122941,19060,4,0,4
WH_122942,31087,3,1,3
WH_122943,14099,5,5,4
WH_122944,31107,1,0,6
WH_122945,16098,7,1,5
WH_122946,4120,4,2,2
WH_122947,42079,4,1,4
WH_122948,8087,8,0,3
WH_122949,40145,2,0,5
WH_122950,19075,6,1,3
WH_122951,27090,3,0,2
WH_122952,36151,1,0,4
WH_122953,34151,1,1,5
WH_122954,46080,3,1,2
WH_122955,12112,5,0,1
WH_122956,14103,0,1,4
WH_122957,17127,3,0,6
WH_122959,23124,6,0,6
WH_122960,10088,1,0,4
WH_122961,17086,4,1,6
WH_122962,7128,8,2,1
WH_122963,29094,6,2,4
WH_122964,10132,0,1,2
WH_122965,18083,7,0,6
WH_122966,27137,6,0,4
WH_122967,29117,3,1,4
WH_122968,31135,1,0,3
WH_122969,23116,2,0,6
WH_122970,19103,4,0,3
WH_122971,15115,1,2,6
WH_122972,52095,2,1,6
WH_122973,50132,5,0,5
WH_122974,11132,1,1,5
WH_122975,32091,8,3,2
WH_122976,10145,4,1,5
WH_122977,29061,3,5,5
WH_122978,19078,3,4,4
WH_122979,33115,6,0,3
WH_122980,13119,8,1,2
WH_122981,30109,0,0,6
WH_122982,8076,3,0,6
WH_122983,19115,7,0,3
WH_122984,6083,0,0,6
WH_122985,20119,1,2,6
WH_122986,15059,8,2,3
WH_122987,33144,6,0,4
WH_122988,6124,1,2,1
WH_122989,25132,7,0,2
WH_122990,22108,4,0,4
WH_122991,25104,0,0,2
WH_122992,28149,4,0,2
WH_122993,36149,6,0,6
WH_122994,25097,8,0,3
WH_122995,33109,3,0,2
WH_122996,18139,1,0,3
WH_122997,31095,3,0,6
WH_122998,5099,2,0,1
WH_122999,7102,6,0,3
WH_123000,8134,3,0,2
WH_123001,6064,3,1,3
WH_123002,27119,4,2,4
WH_123003,17095,7,0,5
WH_123004,15151,8,0,3
WH_123005,29090,3,0,4
WH_123006,6083,8,0,3
WH_123007,33066,6,0,5
WH_123008,12136,7,0,1
WH_123009,32060,0,0,4
WH_123010,27149,6,0,6
WH_123011,17122,6,1,2
WH_123012,29090,1,0,6
WH_123013,21067,1,2,6
WH_123015,29118,0,2,3
WH_123016,15076,5,2,6
WH_123017,11117,4,1,2
WH_123018,52075,7,0,6
WH_123019,41082,7,1,6
WH_123020,8121,6,0,1
WH_123021,10059,7,0,1
WH_123022,15087,0,0,6
WH_123023,25143,7,0,3
WH_123024,22071,0,2,4
WH_123025,24112,0,0,1
WH_123026,34123,6,4,3
WH_123027,26055,4,0,6
WH_123028,26070,7,1,2
WH_123029,8109,4,0,2
WH_123030,14062,4,0,1
WH_123031,6065,8,0,2
WH_123032,31070,3,0,3
WH_123033,40067,7,0,6
WH_123034,18135,8,0,1
WH_123035,37125,1,2,3
WH_123036,18110,3,0,2
WH_123037,32112,8,0,2
WH_123038,30064,0,0,6
WH_123039,17121,6,0,6
WH_123041,15140,7,3,3
WH_123042,7057,4,1,4
WH_123043,35142,0,0,2
WH_123045,18106,2,1,6
WH_123046,34056,7,3,4
WH_123047,6070,4,0,1
WH_123048,30115,4,0,4
WH_123049,13085,2,0,4
WH_123050,22071,2,0,3
WH_123051,33084,6,0,3
WH_123052,19124,8,0,6
WH_123053,5138,0,2,4
WH_123054,18129,6,0,2
WH_123055,7112,6,3,2
WH_123056,16100,3,3,3
WH_123057,24058,2,0,3
WH_123058,7136,3,1,4
WH_123059,28112,7,0,6
WH_123060,52096,1,0,3
WH_123061,33071,7,0,3
WH_123062,24139,7,1,5
WH_123063,7109,5,0,1
WH_123064,5071,3,5,3
WH_123065,13135,0,0,2
WH_123066,16076,2,2,6
WH_123067,13118,5,0,5
WH_123068,30099,8,4,3
WH_123069,31066,8,4,5
WH_123070,36081,0,1,6
WH_123071,28085,6,0,4
WH_123072,5063,0,3,5
WH_123073,27118,3,0,2
WH_123074,26134,5,0,5
WH_123075,18124,4,0,3
WH_123078,41078,1,0,2
WH_123079,5077,1,3,4
WH_123081,19105,5,0,2
WH_123082,37139,8,1,4
WH_123083,15087,1,0,2
WH_123085,5076,0,1,1
WH_123086,22115,8,1,3
WH_123087,19083,0,1,2
WH_123088,14127,7,0,2
WH_123089,6102,8,0,3
WH_123090,6121,2,1,2
WH_123091,23134,0,0,6
WH_123092,13110,4,4,1
WH_123093,5081,5,3,3
WH_123094,38063,0,0,2
WH_123095,37098,8,0,2
WH_123096,15133,4,1,3
WH_123097,32140,6,1,5
WH_123098,35104,7,0,3
WH_123099,30139,4,1,6
WH_123100,20131,4,2,2
WH_123101,6112,8,0,3
WH_123102,6139,0,1,2
WH_123103,8108,6,0,1
WH_123104,11062,7,1,1
WH_123105,32072,7,0,5
WH_123106,28064,8,0,2
WH_123107,29116,2,0,3
WH_123108,20117,1,2,3
WH_123109,17074,6,0,4
WH_123110,25151,0,0,6
WH_123111,7112,3,1,3
WH_123112,5125,2,1,1
WH_123113,21132,0,1,4
WH_123114,6150,6,4,1
WH_123115,32062,2,0,5
WH_123116,38096,1,0,4
WH_123117,39086,5,0,2
WH_123118,12095,4,0,1
WH_123119,47083,0,0,5
WH_123120,35145,4,0,4
WH_123121,29118,1,4,6
WH_123122,44139,6,0,5
WH_123123,20076,3,0,6
WH_123124,45108,5,0,2
WH_123125,42130,8,0,2
WH_123126,32100,3,0,6
WH_123127,27100,3,2,3
WH_123128,32084,4,2,6
WH_123129,16102,0,0,2
WH_123130,27090,2,2,5
WH_123131,28122,6,2,4
WH_123132,9095,6,0,2
WH_123133,31147,6,0,2
WH_123134,29113,4,4,5
WH_123135,23114,8,0,6
WH_123136,18115,1,0,2
WH_123137,24112,8,0,2
WH_123138,11098,3,1,6
WH_123139,6076,7,0,3
WH_123140,19075,5,0,6
WH_123141,13063,0,0,2
WH_123142,12116,8,0,2
WH_123143,5110,3,3,1
WH_123144,18095,1,2,6
WH_123145,5076,6,1,2
WH_123146,26127,6,2,6
WH_123147,30056,0,0,3
WH_123148,33133,4,1,2
WH_123149,31103,5,0,3
WH_123150,24073,0,0,3
WH_123151,30073,7,0,5
WH_123152,42151,1,0,3
WH_123153,10109,6,0,4
WH_123154,26114,2,0,5
WH_123155,15149,8,3,3
WH_123156,48127,3,0,6
WH_123157,23085,4,1,6
WH_123158,7103,8,0,1
WH_123159,24148,2,0,5
WH_123160,22058,7,0,5
WH_123161,10107,1,0,1
WH_123162,38120,0,0,5
WH_123163,27082,5,2,3
WH_123164,37126,1,1,6
WH_123165,11113,0,3,1
WH_123166,29081,2,0,5
WH_123167,48110,5,0,3
WH_123168,21140,7,0,6
WH_123169,15129,0,0,4
WH_123170,32081,7,0,2
WH_123171,6083,5,0,1
WH_123172,36100,6,0,5
WH_123174,19132,7,0,4
WH_123175,39082,0,1,3
WH_123176,17100,2,0,4
WH_123177,10129,3,0,3
WH_123178,31148,7,1,4
WH_123180,26064,3,0,5
WH_123181,31148,3,0,3
WH_123182,31068,6,0,3
WH_123183,14072,3,0,1
WH_123184,5128,4,0,2
WH_123185,23070,3,4,2
WH_123186,33092,3,0,5
WH_123187,12105,3,0,5
WH_123188,19147,0,0,6
WH_123189,17120,6,0,3
WH_123190,13089,8,0,2
WH_123191,45126,4,0,5
WH_123192,15086,8,0,4
WH_123193,37093,3,1,3
WH_123194,24065,8,0,2
WH_123195,16144,3,3,2
WH_123196,36091,3,0,2
WH_123199,31123,5,1,2
WH_123200,26070,8,2,5
WH_123201,13096,0,0,1
WH_123202,8085,0,1,3
WH_123203,39079,0,0,3
WH_123204,14140,6,0,3
WH_123205,4062,6,0,2
WH_123206,32096,8,0,3
WH_123207,6055,5,0,3
WH_123208,50136,8,2,5
WH_123209,21083,5,0,4
WH_123210,20085,8,0,5
WH_123211,20109,1,3,2
WH_123212,33144,1,2,6
WH_123213,9112,7,1,3
WH_123214,24112,8,0,6
WH_123215,10056,3,0,3
WH_123216,6117,7,3,1
WH_123217,26070,3,2,2
WH_123218,7074,4,3,5
WH_123219,9148,0,0,1
WH_123220,25062,7,0,2
WH_123221,24101,2,1,4
WH_123222,17115,1,0,2
WH_123223,12144,0,0,2
WH_123224,35071,8,0,4
WH_123225,18126,7,4,3
WH_123226,37079,1,0,2
WH_123227,30149,3,0,4
WH_123228,7096,6,3,5
WH_123229,21108,1,0,5
WH_123231,24103,4,0,5
WH_123232,44062,0,1,5
WH_123233,9117,2,0,2
WH_123234,17132,6,4,3
WH_123235,12117,5,0,3
WH_123236,27130,0,1,5
WH_123237,27125,1,3,2
WH_123238,31139,1,0,2
WH_123239,27071,4,0,6
WH_123240,19086,3,0,5
WH_123241,27115,2,0,3
WH_123242,6117,0,0,2
WH_123243,45127,5,0,3
WH_123244,29142,0,2,6
WH_123246,23097,4,4,2
WH_123247,23068,1,0,6
WH_123248,22096,5,1,6
WH_123249,34147,1,1,2
WH_123250,14088,7,0,1
WH_123251,16068,0,3,4
WH_123252,6098,8,0,3
WH_123253,40151,0,0,2
WH_123254,41105,3,0,2
WH_123255,27055,4,4,5
WH_123256,24147,4,0,6
WH_123257,51083,5,0,4
WH_123258,15116,7,0,5
WH_123260,49057,3,0,2
WH_123261,7073,2,1,6
WH_123262,21143,6,0,3
WH_123263,12078,2,0,3
WH_123264,28062,5,1,6
WH_123265,23101,1,0,2
WH_123266,24074,5,0,3
WH_123267,29077,7,2,5
WH_123268,6080,8,1,2
WH_123269,31107,2,0,2
WH_123270,32113,4,0,5
WH_123271,17147,0,0,3
WH_123272,12098,7,0,3
WH_123273,7091,4,2,3
WH_123274,23134,8,1,5
WH_123275,14056,4,3,5
WH_123276,37105,5,0,3
WH_123277,28128,7,3,6
WH_123278,17139,1,3,5
WH_123279,28147,5,1,6
WH_123280,14102,4,1,3
WH_123281,27122,1,0,4
WH_123282,32139,3,1,3
WH_123283,18085,8,0,3
WH_123284,23127,3,0,3
WH_123285,14122,8,0,1
WH_123286,16128,8,0,2
WH_123287,28110,4,2,6
WH_123289,6064,7,1,2
WH_123291,34106,7,2,5
WH_123292,25089,1,2,4
WH_123293,19070,3,0,3
WH_123294,39060,7,1,6
WH_123295,33106,1,0,3
WH_123296,11092,1,1,1
WH_123297,21067,6,0,2
WH_123298,17121,7,0,4
WH_123299,41130,8,0,4
WH_123300,5090,7,0,3
WH_123301,26067,0,0,5
WH_123302,30134,6,1,2
WH_123303,7148,6,0,1
WH_123304,17098,3,2,6
WH_123305,24114,3,0,4
WH_123306,7067,3,0,3
WH_123307,23131,6,0,6
WH_123308,42089,7,0,4
WH_123309,12057,0,2,3
WH_123310,27130,0,0,2
WH_123311,34076,1,1,5
WH_123312,22074,5,0,2
WH_123313,12130,0,0,3
WH_123314,41140,3,1,2
WH_123315,13096,4,0,2
WH_123316,16139,6,0,6
WH_123317,15090,4,1,5
WH_123318,5063,7,2,2
WH_123319,12112,5,0,4
WH_123320,29081,3,2,2
WH_123321,6149,0,0,3
WH_123322,30079,0,0,3
WH_123323,7112,6,3,6
WH_123324,15105,0,0,3
WH_123325,51117,4,0,3
WH_123326,30095,7,0,4
WH_123327,15092,1,0,3
WH_123328,6115,8,4,3
WH_123329,5083,2,3,1
WH_123330,23088,0,0,2
WH_123331,44075,7,0,5
WH_123332,13139,4,0,2
WH_123333,34078,1,0,4
WH_123334,33123,4,0,3
WH_123335,42063,0,0,3
WH_123336,21101,8,0,6
WH_123337,20130,0,0,1
WH_123338,16145,1,1,6
WH_123339,46110,0,0,5
WH_123340,14067,4,2,2
WH_123341,27134,2,3,5
WH_123343,13125,4,4,4
WH_123344,37141,3,1,2
WH_123345,14141,5,0,6
WH_123346,9087,0,0,3
WH_123347,13124,8,0,3
WH_123348,31113,2,4,4
WH_123349,5088,4,0,2
WH_123350,31127,3,1,2
WH_123351,21144,2,4,6
WH_123352,10122,4,3,2
WH_123354,27114,7,1,4
WH_123355,8064,4,4,3
WH_123356,19078,3,0,3
WH_123357,7070,5,2,3
WH_123358,4151,4,5,3
WH_123359,31074,8,0,5
WH_123360,17061,1,1,3
WH_123361,40149,0,1,5
WH_123362,6079,4,2,5
WH_123363,24087,6,4,2
WH_123364,23065,3,0,4
WH_123365,9092,3,1,1
WH_123366,45088,7,1,3
WH_123367,6123,0,0,6
WH_123368,14127,1,0,3
WH_123369,21134,2,1,2
WH_123370,27133,7,3,3
WH_123371,25079,8,2,6
WH_123372,26086,6,0,5
WH_123373,21085,0,0,4
WH_123374,26136,1,0,5
WH_123375,33134,6,0,6
WH_123376,39075,0,0,5
WH_123377,27112,5,0,2
WH_123378,19112,6,3,5
WH_123379,19111,8,3,5
WH_123380,37093,3,0,3
WH_123381,28107,2,1,4
WH_123382,17077,7,1,4
WH_123383,17112,8,2,4
WH_123384,16057,1,0,3
WH_123385,16094,2,0,3
WH_123386,17127,0,1,6
WH_123387,28094,8,0,6
WH_123388,47099,5,0,3
WH_123389,48073,4,0,2
WH_123390,26117,4,0,2
WH_123391,26084,1,0,5
WH_123392,6067,6,1,5
WH_123393,47130,1,0,6
WH_123395,25093,2,0,6
WH_123396,35129,4,1,2
WH_123397,39065,6,0,2
WH_123398,20072,8,2,6
WH_123399,14147,3,2,3
WH_123400,19108,6,3,3
WH_123401,28069,5,3,3
WH_123402,33135,6,0,2
WH_123403,13057,1,0,5
WH_123404,19063,6,1,5
WH_123405,14085,5,1,1
WH_123406,14062,1,0,2
WH_123407,33122,3,0,6
WH_123408,23076,1,0,1
WH_123409,27142,8,0,5
WH_123410,24085,8,0,2
WH_123411,24133,6,0,2
WH_123413,11070,6,0,5
WH_123414,15070,0,2,4
WH_123415,28094,7,0,6
WH_123416,27073,7,1,3
WH_123417,23127,0,0,3
WH_123418,31145,5,0,6
WH_123419,28140,5,0,3
WH_123420,35102,5,0,3
WH_123421,19104,6,0,2
WH_123422,15122,2,0,2
WH_123423,18090,7,0,2
WH_123425,15059,2,4,3
WH_123426,25102,2,1,2
WH_123427,30122,3,3,5
WH_123428,38083,0,0,2
WH_123429,44099,7,0,2
WH_123430,25085,7,1,5
WH_123431,20065,2,1,4
WH_123432,19085,5,0,4
WH_123433,25103,5,0,2
WH_123434,17126,0,1,3
WH_123435,31090,0,1,4
WH_123436,14075,5,0,2
WH_123437,38140,1,2,2
WH_123438,28096,5,0,2
WH_123439,27144,1,3,2
WH_123440,28122,3,0,5
WH_123441,29142,1,1,2
WH_123442,31111,1,0,2
WH_123443,13113,2,4,3
WH_123444,27125,3,0,1
WH_123445,41095,1,0,5
WH_123446,16065,0,0,5
WH_123447,16131,4,3,4
WH_123448,25055,5,0,5
WH_123449,29071,3,1,6
WH_123450,7123,5,2,5
WH_123451,34080,4,0,4
WH_123452,29064,0,0,4
WH_123453,6109,1,0,3
WH_123454,27099,8,1,4
WH_123455,6107,1,2,4
WH_123456,15109,5,0,5
WH_123457,18132,8,0,2
WH_123458,43123,3,0,2
WH_123459,7098,6,0,4
WH_123460,12132,4,5,5
WH_123461,8113,4,0,1
WH_123462,22123,8,0,1
WH_123463,22082,2,0,1
WH_123465,29093,7,1,6
WH_123466,37147,7,1,6
WH_123467,31088,4,0,6
WH_123468,27094,2,0,3
WH_123469,37145,1,0,4
WH_123470,15150,8,0,1
WH_123471,24120,7,0,3
WH_123472,12099,2,0,5
WH_123473,29075,7,2,4
WH_123474,22088,2,3,4
WH_123475,9125,1,0,1
WH_123476,11075,1,1,2
WH_123478,25105,7,1,4
WH_123479,6142,5,1,2
WH_123480,21063,1,0,4
WH_123481,21091,6,0,3
WH_123482,21102,1,2,6
WH_123483,13085,6,1,4
WH_123484,22121,1,0,2
WH_123485,41063,2,0,2
WH_123486,39056,4,1,3
WH_123487,27135,3,0,1
WH_123488,30111,5,0,6
WH_123489,20060,2,2,1
WH_123490,14080,4,2,4
WH_123491,19084,8,0,2
WH_123492,8107,3,0,3
WH_123493,32063,7,0,3
WH_123494,11132,7,0,6
WH_123495,51086,1,0,5
WH_123496,22060,6,0,5
WH_123497,7117,8,4,4
WH_123498,29148,0,0,5
WH_123499,18143,1,1,2
WH_123500,5098,2,2,2
WH_123501,24141,4,0,4
WH_123502,18136,4,0,1
WH_123503,21055,0,1,4
WH_123504,25118,4,1,4
WH_123505,34091,4,1,6
WH_123506,24106,7,1,3
WH_123507,26114,6,0,4
WH_123508,22127,4,0,4
WH_123509,29059,8,0,5
WH_123510,29094,5,4,5
WH_123511,42105,3,2,5
WH_123512,29069,3,0,5
WH_123513,5079,4,3,2
WH_123514,35069,7,0,4
WH_123515,14065,4,0,6
WH_123516,18061,1,0,6
WH_123517,21130,1,3,3
WH_123518,13096,4,1,5
WH_123519,6115,7,4,2
WH_123520,12123,5,4,1
WH_123521,23129,7,4,5
WH_123522,22120,8,1,2
WH_123523,7141,4,2,5
WH_123524,9066,1,0,2
WH_123525,43125,6,0,4
WH_123526,7108,1,0,5
WH_123527,45146,5,1,6
WH_123528,30128,1,0,3
WH_123529,23125,2,0,4
WH_123530,31063,3,0,3
WH_123531,35124,1,0,3
WH_123532,33133,3,0,5
WH_123533,30144,7,0,2
WH_123534,30066,5,0,6
WH_123535,22076,4,4,5
WH_123536,45125,7,0,3
WH_123537,24107,8,0,5
WH_123538,5109,3,0,3
WH_123539,24066,4,0,4
WH_123540,26148,8,3,4
WH_123541,20108,1,0,6
WH_123542,40121,3,0,4
WH_123543,32133,3,2,6
WH_123544,8145,4,5,5
WH_123545,43070,6,0,3
WH_123546,9106,7,0,3
WH_123547,42093,2,0,5
WH_123548,34135,3,0,5
WH_123549,9145,1,0,4
WH_123550,31134,5,1,6
WH_123551,23139,1,0,2
WH_123552,21123,3,0,3
WH_123553,35119,6,0,4
WH_123554,30063,5,3,4
WH_123555,32104,0,0,5
WH_123556,12117,6,2,5
WH_123557,16144,2,0,1
WH_123558,5062,8,0,2
WH_123559,10141,0,0,3
WH_123560,21132,4,0,3
WH_123561,6096,5,1,1
WH_123562,32124,2,0,4
WH_123563,27063,5,0,3
WH_123564,30084,0,3,5
WH_123565,11112,5,1,2
WH_123566,38140,8,0,6
WH_123567,31151,6,4,4
WH_123568,51083,5,0,5
WH_123569,22116,6,4,5
WH_123570,16061,1,0,1
WH_123571,9125,1,0,2
WH_123572,17125,1,1,6
WH_123573,44111,1,0,2
WH_123574,37145,8,0,5
WH_123575,39074,5,1,3
WH_123576,11132,2,2,6
WH_123577,39140,2,0,3
WH_123578,15055,2,1,3
WH_123579,23148,8,3,3
WH_123580,8097,7,0,1
WH_123581,21075,8,3,5
WH_123582,6103,8,0,2
WH_123583,33069,8,0,5
WH_123584,28102,6,0,5
WH_123585,27122,1,0,6
WH_123586,10117,3,0,1
WH_123587,30135,4,0,3
WH_123588,40122,5,2,6
WH_123589,35092,1,3,2
WH_123590,15120,8,0,2
WH_123591,13136,6,2,2
WH_123592,21130,2,0,6
WH_123593,23072,4,0,3
WH_123594,21093,0,0,2
WH_123595,6094,1,1,6
WH_123596,33056,5,3,3
WH_123597,6108,8,1,1
WH_123598,30067,7,0,6
WH_123599,6126,8,0,3
WH_123600,19070,6,0,3
WH_123601,22140,5,0,1
WH_123602,32082,5,0,2
WH_123603,29125,6,0,2
WH_123604,34073,4,0,4
WH_123605,8143,5,2,1
WH_123606,31107,3,0,2
WH_123607,9121,1,0,3
WH_123608,25055,5,0,4
WH_123609,44062,3,0,6
WH_123610,6072,2,3,2
WH_123611,24127,3,4,5
WH_123612,34137,2,0,5
WH_123613,22101,3,0,4
WH_123614,12132,4,0,2
WH_123615,4060,0,0,1
WH_123616,20062,5,2,3
WH_123617,28061,1,0,4
WH_123618,23072,7,2,2
WH_123619,14095,0,0,6
WH_123620,24058,3,2,4
WH_123621,4142,3,2,2
WH_123622,37081,4,0,4
WH_123623,50082,8,0,4
WH_123624,23094,4,0,4
WH_123625,28110,3,0,5
WH_123626,6136,1,0,6
WH_123627,21079,7,1,4
WH_123628,17118,7,0,4
WH_123629,19070,1,0,3
WH_123630,31145,7,0,6
WH_123631,18141,1,2,6
WH_123632,29151,4,2,5
WH_123633,24080,0,0,2
WH_123634,21078,5,1,6
WH_123635,21144,5,1,4
WH_123636,5081,3,0,2
WH_123637,24081,6,0,3
WH_123638,45104,5,0,3
WH_123639,12087,2,0,4
WH_123640,15101,2,1,6
WH_123641,24116,6,0,1
WH_123642,44064,5,0,4
WH_123643,19141,5,1,3
WH_123644,40126,8,1,3
WH_123645,36103,5,0,5
WH_123646,32117,1,0,5
WH_123647,32068,1,0,4
WH_123648,21121,6,0,2
WH_123649,29120,3,0,3
WH_123650,14104,5,1,5
WH_123651,35056,1,0,5
WH_123652,10069,4,2,2
WH_123653,13106,4,0,5
WH_123654,22062,2,0,5
WH_123655,24061,4,1,2
WH_123656,36136,7,0,5
WH_123657,12069,4,0,3
WH_123658,19091,4,0,1
WH_123659,24148,5,2,5
WH_123660,33117,5,2,3
WH_123661,29066,8,0,2
WH_123662,16069,0,4,5
WH_123663,25076,1,0,1
WH_123664,41070,0,1,6
WH_123665,42096,5,0,6
WH_123666,17136,0,0,5
WH_123667,18073,4,0,3
WH_123668,49080,4,0,5
WH_123669,30111,7,1,3
WH_123670,31118,7,0,3
WH_123671,26145,5,0,6
WH_123672,43124,6,0,5
WH_123674,24118,4,0,3
WH_123675,8149,0,4,2
WH_123676,28090,7,0,3
WH_123677,20103,7,0,3
WH_123678,27099,4,5,4
WH_123679,16104,1,0,3
WH_123680,29074,7,0,3
WH_123681,36128,4,0,2
WH_123682,19087,3,2,3
WH_123683,38102,3,0,3
WH_123684,31106,5,0,3
WH_123685,22087,6,1,6
WH_123686,8124,3,1,5
WH_123687,28091,0,1,5
WH_123688,30069,7,0,4
WH_123689,11100,0,0,4
WH_123690,12119,5,1,1
WH_123691,4125,8,0,3
WH_123692,31098,0,3,2
WH_123693,32119,7,0,2
WH_123694,18068,8,0,1
WH_123695,13109,1,0,5
WH_123696,6088,7,1,3
WH_123697,23079,2,0,4
WH_123698,26150,0,0,4
WH_123699,20085,0,0,6
WH_123700,12145,0,0,4
WH_123701,33103,8,0,5
WH_123702,16089,7,0,6
WH_123703,16151,4,1,5
WH_123704,11056,8,1,4
WH_123705,27082,1,0,6
WH_123706,23065,5,0,3
WH_123707,53084,4,0,3
WH_123708,31113,6,0,6
WH_123709,9060,7,0,3
WH_123710,39127,4,1,3
WH_123711,29105,1,1,6
WH_123712,24080,5,1,3
WH_123713,14149,7,0,2
WH_123714,13132,0,1,1
WH_123715,20069,3,3,5
WH_123716,19095,1,0,5
WH_123717,40079,1,0,5
WH_123718,32089,5,1,5
WH_123719,9102,1,0,3
WH_123720,13114,6,2,2
WH_123721,36078,8,1,3
WH_123722,29077,8,1,5
WH_123723,22074,4,0,6
WH_123724,29086,5,0,2
WH_123725,5072,3,4,1
WH_123726,19131,5,1,2
WH_123727,16099,5,0,6
WH_123728,42133,1,1,3
WH_123729,37070,0,0,6
WH_123730,20107,3,0,2
WH_123732,19088,6,2,5
WH_123733,27095,0,0,6
WH_123734,17080,4,0,3
WH_123735,38123,5,0,5
WH_123736,30098,5,3,6
WH_123737,4074,8,0,2
WH_123738,24064,5,0,6
WH_123739,11148,5,0,3
WH_123740,34059,4,0,6
WH_123741,35150,5,0,2
WH_123742,4118,1,1,3
WH_123743,9134,7,0,3
WH_123744,25140,0,0,3
WH_123745,6061,7,0,2
WH_123746,27142,3,1,6
WH_123747,29113,7,0,6
WH_123748,22101,0,0,2
WH_123749,17107,8,0,4
WH_123750,28115,7,0,5
WH_123751,21088,0,3,4
WH_123752,25067,1,0,4
WH_123753,23134,4,3,5
WH_123754,28091,8,0,5
WH_123755,14142,8,4,5
WH_123756,5112,4,0,2
WH_123757,28079,6,0,1
WH_123758,31076,6,0,3
WH_123759,6055,8,1,1
WH_123760,5124,1,0,2
WH_123761,8145,1,0,3
WH_123762,51078,3,0,4
WH_123763,7087,6,1,2
WH_123764,24121,4,0,3
WH_123765,8129,3,3,3
WH_123766,48060,6,0,4
WH_123767,28099,3,0,4
WH_123768,30127,1,0,4
WH_123769,9091,1,3,3
WH_123770,38085,8,0,6
WH_123771,40090,0,0,6
WH_123772,7074,0,0,1
WH_123773,32131,6,2,4
WH_123774,17141,6,1,6
WH_123775,14098,7,1,3
WH_123776,7099,5,0,3
WH_123777,21149,7,0,2
WH_123778,5077,1,1,1
WH_123779,16125,4,1,2
WH_123780,43127,7,0,4
WH_123781,23096,5,0,2
WH_123782,33063,6,0,4
WH_123783,22127,5,0,6
WH_123784,22114,8,0,3
WH_123785,49099,5,0,5
WH_123786,40061,0,0,4
WH_123787,27072,0,0,4
WH_123788,18144,4,3,3
WH_123789,14072,1,1,5
WH_123790,10105,5,4,6
WH_123791,32143,8,0,6
WH_123792,18125,7,0,6
WH_123793,13102,1,0,1
WH_123794,42144,2,1,6
WH_123795,31110,1,0,4
WH_123796,19085,0,0,3
WH_123797,30084,5,3,2
WH_123798,31068,7,0,5
WH_123799,32129,2,0,3
WH_123800,21128,6,0,4
WH_123801,6129,3,0,2
WH_123803,17145,2,0,5
WH_123804,48071,3,1,5
WH_123805,19120,5,1,3
WH_123806,36073,6,1,3
WH_123807,31061,3,0,6
WH_123808,15081,0,1,3
WH_123809,9071,3,0,5
WH_123810,7101,3,1,5
WH_123811,22119,6,4,2
WH_123812,8110,3,4,1
WH_123813,23121,0,0,2
WH_123814,18111,6,1,4
WH_123815,27140,3,2,4
WH_123816,5069,8,1,6
WH_123817,24119,4,0,2
WH_123818,10129,5,0,1
WH_123819,8119,6,0,2
WH_123820,14069,0,1,4
WH_123821,13073,3,0,1
WH_123822,19064,0,0,5
WH_123823,53139,6,0,2
WH_123824,8080,6,0,1
WH_123825,26136,8,0,6
WH_123826,38117,2,0,4
WH_123827,6125,4,5,1
WH_123828,14137,6,0,3
WH_123829,27082,8,1,2
WH_123830,11125,5,0,4
WH_123831,39150,7,1,3
WH_123832,6092,6,0,2
WH_123833,37126,4,0,4
WH_123834,37135,0,1,5
WH_123835,18077,1,0,1
WH_123836,25105,8,0,2
WH_123837,42083,0,0,5
WH_123838,16136,1,1,2
WH_123839,10128,6,0,1
WH_123840,10100,8,0,2
WH_123841,24113,3,1,4
WH_123842,25119,2,0,4
WH_123844,28143,0,0,5
WH_123845,30100,2,3,4
WH_123846,17096,3,1,6
WH_123847,21130,3,0,3
WH_123848,25108,8,0,3
WH_123849,23122,7,2,2
WH_123850,26124,5,0,1
WH_123851,36090,4,0,2
WH_123852,42129,6,0,4
WH_123853,55120,6,0,6
WH_123854,5134,3,0,2
WH_123855,13084,6,2,3
WH_123857,29074,0,1,4
WH_123858,6107,3,0,3
WH_123859,5142,8,0,1
WH_123860,13105,2,2,2
WH_123861,20109,4,2,6
WH_123862,11129,3,0,6
WH_123863,10138,0,0,1
WH_123864,24105,3,0,2
WH_123865,38072,3,1,2
WH_123866,23110,4,0,5
WH_123867,31088,5,0,4
WH_123869,6102,7,0,1
WH_123870,33098,7,1,6
WH_123871,31123,7,1,5
WH_123872,31103,7,3,4
WH_123873,31055,4,0,6
WH_123874,23111,4,0,2
WH_123875,31101,4,0,2
WH_123876,25081,3,5,3
WH_123877,32062,6,0,4
WH_123878,13056,0,1,5
WH_123879,6119,7,1,2
WH_123881,33060,8,3,4
WH_123882,45072,3,0,4
WH_123883,37142,3,4,4
WH_123884,7069,4,0,6
WH_123885,22076,8,0,4
WH_123886,26066,4,0,4
WH_123887,39062,8,0,3
WH_123888,12140,8,0,3
WH_123889,17055,5,0,1
WH_123890,19119,8,0,3
WH_123891,30151,1,0,4
WH_123892,7124,4,0,2
WH_123893,28144,4,2,3
WH_123894,52111,8,0,3
WH_123895,39074,8,0,4
WH_123896,39121,8,1,3
WH_123897,43077,7,0,2
WH_123898,11087,5,0,3
WH_123899,18067,4,1,5
WH_123900,23111,1,0,2
WH_123901,6063,3,3,2
WH_123902,27139,5,0,4
WH_123903,30121,5,0,6
WH_123904,5124,5,1,3
WH_123905,9083,4,0,3
WH_123906,35102,2,0,6
WH_123907,41130,7,1,6
WH_123908,31070,4,0,5
WH_123909,6102,7,0,2
WH_123910,11123,2,0,1
WH_123911,32064,8,0,2
WH_123912,11059,1,1,6
WH_123913,10059,8,0,1
WH_123914,42091,0,1,3
WH_123915,31137,3,2,5
WH_123917,5136,6,0,5
WH_123918,19127,8,0,2
WH_123919,7125,0,1,5
WH_123920,23105,3,1,6
WH_123921,4102,3,3,3
WH_123922,32085,3,4,4
WH_123923,23080,7,0,2
WH_123924,22142,5,1,2
WH_123925,34143,7,1,6
WH_123926,7144,4,1,3
WH_123927,27136,4,0,4
WH_123928,30091,3,0,2
WH_123929,17100,1,0,6
WH_123931,25105,5,1,2
WH_123932,36066,6,0,2
WH_123934,24118,8,1,6
WH_123935,23144,6,3,3
WH_123936,34061,2,0,5
WH_123937,31065,0,1,4
WH_123938,21078,0,0,3
WH_123939,27098,3,0,4
WH_123940,11122,6,1,6
WH_123941,40059,4,0,2
WH_123942,32077,4,0,5
WH_123943,17082,0,1,5
WH_123945,28056,7,3,4
WH_123946,40094,4,1,6
WH_123947,13085,5,0,5
WH_123948,26105,1,0,6
WH_123949,27085,3,1,6
WH_123950,35096,4,0,6
WH_123951,16074,3,2,1
WH_123952,15078,5,0,3
WH_123953,22143,7,1,6
WH_123954,11055,5,0,2
WH_123955,15128,8,0,1
WH_123956,27077,6,0,2
WH_123957,9127,4,2,1
WH_123958,12065,0,0,1
WH_123959,20089,6,2,5
WH_123960,14108,2,1,6
WH_123961,10107,0,0,3
WH_123962,31142,5,0,2
WH_123963,22070,6,0,2
WH_123964,23134,3,0,3
WH_123965,24115,0,0,1
WH_123966,18124,4,2,2
WH_123967,5128,3,1,6
WH_123968,26127,8,1,3
WH_123969,31117,8,0,6
WH_123970,25112,5,0,3
WH_123971,13135,2,2,3
WH_123972,24127,6,0,4
WH_123974,8093,3,1,3
WH_123975,16085,8,0,3
WH_123976,50081,8,0,2
WH_123977,22103,8,3,3
WH_123978,17078,4,4,2
WH_123979,15089,5,3,4
WH_123980,38090,5,0,4
WH_123981,30096,3,2,5
WH_123982,6082,7,0,2
WH_123983,43068,4,0,6
WH_123984,30107,5,3,2
WH_123985,32119,5,0,4
WH_123986,11106,6,0,3
WH_123987,24080,1,1,5
WH_123988,8145,4,0,1
WH_123989,14058,7,0,2
WH_123990,15069,0,3,1
WH_123991,33090,7,0,4
WH_123992,18066,3,0,2
WH_123993,41061,5,2,5
WH_123994,52142,0,0,4
WH_123995,30055,8,0,2
WH_123996,36090,0,0,6
WH_123997,30103,5,0,6
WH_123998,52068,6,1,6
WH_123999,17083,3,0,4
WH_124001,17149,5,2,4
WH_124002,8073,1,0,2
WH_124003,7109,5,2,1
WH_124004,30094,8,1,3
WH_124005,19072,3,1,3
WH_124006,5055,0,2,1
WH_124007,15086,3,2,5
WH_124008,7099,8,1,2
WH_124009,28070,3,1,5
WH_124010,26124,1,0,3
WH_124011,30110,3,1,3
WH_124012,24119,8,0,2
WH_124013,29070,1,0,3
WH_124014,30108,3,0,5
WH_124015,27125,2,1,3
WH_124016,17073,6,0,4
WH_124017,22079,3,0,4
WH_124018,28109,6,0,2
WH_124019,20130,4,3,2
WH_124020,14101,3,0,6
WH_124021,5061,0,1,3
WH_124022,16068,8,0,3
WH_124023,13119,4,2,3
WH_124024,31150,0,0,3
WH_124025,45144,3,0,6
WH_124026,10084,2,3,4
WH_124027,22149,0,0,3
WH_124028,46135,4,0,5
WH_124029,17073,3,1,4
WH_124030,23072,1,0,3
WH_124031,34140,3,0,5
WH_124032,21138,7,0,4
WH_124033,11058,8,0,5
WH_124034,6144,1,1,2
WH_124035,7060,4,0,3
WH_124036,25108,1,1,5
WH_124037,15125,3,1,3
WH_124039,23082,3,0,2
WH_124040,6123,7,0,6
WH_124042,25130,3,4,6
WH_124043,31131,2,0,5
WH_124044,29125,0,0,4
WH_124045,18113,2,2,4
WH_124046,7097,4,0,1
WH_124047,26112,8,0,6
WH_124048,32132,6,0,2
WH_124050,39065,6,0,4
WH_124051,28123,0,0,2
WH_124052,8126,3,0,4
WH_124053,11068,7,0,2
WH_124054,33066,3,2,4
WH_124055,6114,7,0,1
WH_124056,33077,4,0,2
WH_124057,14103,1,1,5
WH_124058,23069,5,1,5
WH_124059,52136,3,0,4
WH_124060,4115,4,0,3
WH_124061,26097,5,0,2
WH_124062,39140,5,0,5
WH_124063,12121,2,2,4
WH_124064,24138,1,0,6
WH_124065,34070,1,0,3
WH_124066,16141,6,0,6
WH_124067,41078,2,0,5
WH_124068,17129,6,0,5
WH_124069,8094,5,1,6
WH_124070,21128,6,0,4
WH_124071,25067,7,1,5
WH_124072,23115,0,0,3
WH_124073,10106,4,2,3
WH_124074,16094,8,0,5
WH_124075,26084,6,0,6
WH_124076,45108,3,0,4
WH_124077,6132,0,0,3
WH_124078,6079,4,0,1
WH_124080,19096,5,0,4
WH_124081,22084,4,0,2
WH_124082,5102,1,2,2
WH_124083,22083,7,3,2
WH_124084,18058,2,3,3
WH_124085,18077,3,0,3
WH_124086,20132,5,0,4
WH_124087,43148,7,0,2
WH_124088,26097,4,2,3
WH_124089,17077,5,2,2
WH_124090,13082,1,0,5
WH_124091,19128,2,0,5
WH_124092,25062,1,0,6
WH_124093,22059,3,0,4
WH_124094,16115,8,0,3
WH_124095,30143,4,0,2
WH_124096,13060,4,0,1
WH_124097,17138,1,1,2
WH_124098,19079,7,0,4
WH_124099,53076,5,0,2
WH_124100,31138,3,3,6
WH_124101,32140,0,0,5
WH_124102,37141,1,1,2
WH_124103,24135,0,0,3
WH_124104,14069,5,0,6
WH_124105,38109,3,0,2
WH_124106,21135,6,0,6
WH_124107,15058,6,1,4
WH_124108,11149,8,1,5
WH_124109,30112,2,3,4
WH_124110,22099,6,1,1
WH_124111,28145,6,0,4
WH_124112,34104,1,2,2
WH_124113,30088,3,0,2
WH_124114,9112,8,0,1
WH_124115,41126,1,1,3
WH_124116,32127,4,3,2
WH_124117,21079,4,0,5
WH_124118,25139,5,0,3
WH_124119,33080,1,1,3
WH_124120,28082,4,1,4
WH_124121,13075,2,2,6
WH_124122,40146,3,0,4
WH_124123,13087,0,0,1
WH_124124,29097,0,0,4
WH_124125,31063,3,0,6
WH_124126,35083,7,0,4
WH_124127,9067,1,0,1
WH_124128,16139,4,0,6
WH_124129,27112,8,1,5
WH_124130,18092,1,1,1
WH_124131,17080,7,2,3
WH_124132,14066,6,1,6
WH_124133,5086,4,3,1
WH_124134,14143,3,2,5
WH_124135,40127,5,0,5
WH_124136,6100,6,1,3
WH_124137,19132,0,0,3
WH_124138,30108,3,1,2
WH_124139,6056,8,0,3
WH_124140,23145,4,3,6
WH_124141,49062,7,0,3
WH_124142,5130,5,0,1
WH_124143,30118,7,0,4
WH_124144,8105,1,0,2
WH_124145,32149,4,0,4
WH_124146,19150,8,0,6
WH_124147,24093,7,2,6
WH_124148,23110,4,0,5
WH_124149,6075,8,1,1
WH_124150,23138,7,0,5
WH_124151,33068,3,0,2
WH_124152,12066,1,2,2
WH_124153,24137,4,1,5
WH_124154,31108,3,2,6
WH_124155,31135,5,1,3
WH_124156,30105,1,0,6
WH_124157,9081,3,0,3
WH_124158,13110,5,0,2
WH_124159,6146,5,3,3
WH_124160,33078,5,1,2
WH_124161,32064,7,1,5
WH_124162,26115,1,0,6
WH_124163,19075,3,5,5
WH_124164,32110,1,4,6
WH_124165,22107,5,1,4
WH_124166,8144,2,2,4
WH_124167,26133,3,0,4
WH_124168,13088,8,0,5
WH_124169,25134,7,0,3
WH_124170,14090,2,0,5
WH_124171,12106,0,0,2
WH_124172,26078,2,0,5
WH_124173,17092,6,0,2
WH_124174,10118,3,0,2
WH_124175,25071,8,0,5
WH_124176,21148,8,0,2
WH_124177,11141,5,0,1
WH_124178,26098,4,1,6
WH_124179,22074,7,0,4
WH_124180,31117,2,1,6
WH_124181,25097,8,4,6
WH_124182,21059,0,2,5
WH_124183,8079,2,3,1
WH_124185,30080,5,0,6
WH_124186,5070,7,0,3
WH_124187,11145,2,0,4
WH_124188,28092,6,1,3
WH_124189,10064,2,0,5
WH_124190,23100,4,1,3
WH_124191,24107,6,0,6
WH_124192,19135,8,0,5
WH_124193,27135,2,2,6
WH_124194,23060,3,0,4
WH_124195,43072,7,3,2
WH_124196,21074,6,0,3
WH_124197,28135,8,0,3
WH_124198,24112,3,0,4
WH_124200,12092,8,0,6
WH_124201,13147,1,0,5
WH_124202,34073,3,0,3
WH_124203,18143,5,2,6
WH_124204,29082,1,0,6
WH_124205,7123,7,0,6
WH_124206,23091,7,0,3
WH_124207,26143,8,0,1
WH_124209,12122,8,3,3
WH_124210,20147,6,1,4
WH_124211,29129,6,1,5
WH_124212,26078,7,1,6
WH_124213,8087,6,0,1
WH_124214,29104,6,4,6
WH_124215,7064,4,1,3
WH_124216,11089,5,0,3
WH_124217,28128,1,4,3
WH_124218,32127,1,0,6
WH_124219,13151,7,0,3
WH_124220,27128,0,0,5
WH_124221,38091,0,2,5
WH_124222,26062,2,1,3
WH_124223,13123,6,1,5
WH_124224,5066,6,1,2
WH_124225,33055,3,0,2
WH_124226,22064,3,1,6
WH_124227,15138,3,3,6
WH_124228,23065,7,0,4
WH_124229,21123,5,1,3
WH_124230,24137,6,0,5
WH_124231,5056,0,0,2
WH_124232,29141,1,0,5
WH_124233,31140,5,2,3
WH_124234,17071,8,0,5
WH_124235,16090,3,0,2
WH_124236,14069,8,0,3
WH_124237,26126,4,0,6
WH_124238,30091,2,1,2
WH_124239,18081,7,2,2
WH_124240,12086,6,0,6
WH_124241,19148,0,2,2
WH_124242,7089,2,0,1
WH_124243,22151,6,0,5
WH_124244,23123,7,3,3
WH_124245,39131,1,0,4
WH_124246,12116,0,0,1
WH_124247,5082,1,0,1
WH_124248,10076,3,3,1
WH_124249,24140,5,0,5
WH_124250,6088,4,3,5
WH_124251,13059,7,2,4
WH_124252,24100,8,3,6
WH_124253,32058,1,0,2
WH_124254,32078,7,0,2
WH_124255,32056,6,0,4
WH_124256,6121,6,1,2
WH_124257,13120,0,3,6
WH_124258,24123,6,0,2
WH_124259,5101,2,0,1
WH_124260,20096,2,0,6
WH_124261,7087,1,0,3
WH_124262,21135,4,0,5
WH_124264,20109,1,0,5
WH_124265,29069,7,2,2
WH_124266,13061,8,0,3
WH_124267,9150,3,0,3
WH_124268,21146,2,0,4
WH_124269,8089,1,2,3
WH_124270,7112,5,1,3
WH_124271,7097,6,0,2
WH_124272,29068,3,0,3
WH_124273,31084,3,5,5
WH_124274,30070,8,0,4
WH_124275,33125,5,0,4
WH_124276,21055,0,1,3
WH_124277,43085,5,0,2
WH_124278,14074,4,0,3
WH_124279,16066,1,4,3
WH_124280,13151,4,2,4
WH_124281,21149,4,0,4
WH_124282,18068,8,1,3
WH_124283,22116,1,1,2
WH_124284,22079,7,0,5
WH_124285,8150,5,3,5
WH_124286,40129,3,2,2
WH_124287,28146,4,1,5
WH_124288,39119,8,0,4
WH_124289,19092,8,4,5
WH_124290,8110,6,0,1
WH_124291,20063,3,3,6
WH_124292,23147,1,0,5
WH_124293,20069,8,0,5
WH_124294,28144,1,0,4
WH_124295,16093,2,0,4
WH_124296,19088,4,1,4
WH_124297,21055,5,0,2
WH_124298,18106,8,3,4
WH_124299,27080,0,0,2
WH_124300,47151,1,0,5
WH_124301,27074,4,0,4
WH_124302,18124,7,3,2
WH_124303,24151,6,0,4
WH_124304,36120,1,1,2
WH_124305,39084,3,0,3
WH_124306,26062,3,0,4
WH_124307,21148,4,0,3
WH_124308,23144,5,0,3
WH_124309,17119,3,0,1
WH_124310,31078,2,2,3
WH_124311,36082,7,0,4
WH_124312,21148,6,1,4
WH_124313,22086,3,3,2
WH_124314,18068,5,1,4
WH_124315,26147,7,3,6
WH_124316,37092,4,0,3
WH_124317,23106,6,0,6
WH_124318,25096,6,0,2
WH_124319,8055,5,3,3
WH_124320,14138,3,4,1
WH_124321,6097,8,4,3
WH_124322,40097,3,0,4
WH_124323,27058,4,0,5
WH_124324,30058,1,0,4
WH_124325,45135,3,0,3
WH_124326,39078,5,0,6
WH_124327,31121,6,3,5
WH_124328,21075,3,0,5
WH_124329,31109,4,0,2
WH_124330,12109,0,0,1
WH_124331,17101,6,0,3
WH_124333,8095,8,0,5
WH_124334,12151,0,0,3
WH_124335,24104,1,0,3
WH_124336,13141,7,0,5
WH_124337,16070,7,0,3
WH_124338,18097,8,0,1
WH_124339,15066,4,1,4
WH_124340,11127,4,0,1
WH_124341,8092,3,0,6
WH_124342,21083,3,0,6
WH_124343,5070,1,3,1
WH_124344,25133,3,4,3
WH_124345,44131,7,0,3
WH_124346,34129,0,0,2
WH_124347,33072,5,0,3
WH_124348,11098,7,0,2
WH_124349,31076,4,0,5
WH_124350,24096,1,0,4
WH_124351,39151,8,0,4
WH_124352,12119,5,0,1
WH_124353,28066,2,3,5
WH_124354,42125,7,1,2
WH_124355,27098,7,0,4
WH_124356,28067,1,0,2
WH_124357,17142,7,0,1
WH_124358,44119,0,1,4
WH_124359,15148,6,3,4
WH_124360,21109,0,0,2
WH_124361,24064,3,0,3
WH_124362,18151,1,0,6
WH_124363,6093,3,3,2
WH_124364,47098,7,1,2
WH_124365,35083,4,2,3
WH_124366,14120,1,0,2
WH_124367,29113,1,0,5
WH_124368,6066,4,4,2
WH_124369,9065,0,0,2
WH_124370,33123,8,0,2
WH_124371,17123,3,0,2
WH_124372,8143,0,0,2
WH_124373,26089,6,0,6
WH_124374,23095,1,1,6
WH_124375,29086,8,0,3
WH_124376,23088,7,0,5
WH_124377,53067,8,0,4
WH_124378,32081,4,4,6
WH_124379,13145,2,1,3
WH_124380,5146,5,1,1
WH_124381,32122,0,2,2
WH_124382,22073,2,0,6
WH_124384,8068,8,0,2
WH_124385,21146,6,2,3
WH_124386,22093,6,0,5
WH_124387,35145,6,0,6
WH_124388,12078,2,0,4
WH_124389,38062,4,0,6
WH_124390,29073,4,0,2
WH_124391,37139,7,0,4
WH_124392,15100,4,0,3
WH_124393,30101,4,2,5
WH_124394,10127,0,0,1
WH_124395,24115,8,0,4
WH_124396,22146,0,0,6
WH_124397,12133,1,4,2
WH_124398,27109,7,0,2
WH_124400,8106,7,3,1
WH_124401,22095,6,4,5
WH_124402,27095,4,0,1
WH_124403,21067,7,1,2
WH_124404,5061,7,3,5
WH_124405,26110,8,1,2
WH_124406,33092,1,0,4
WH_124407,10105,1,4,5
WH_124408,4145,0,2,2
WH_124409,12073,8,2,4
WH_124410,20078,8,1,3
WH_124411,11128,5,0,3
WH_124413,32084,5,2,2
WH_124414,47070,3,0,5
WH_124415,6123,2,0,3
WH_124416,28129,5,0,1
WH_124417,7082,8,0,3
WH_124418,37059,5,1,2
WH_124419,33060,3,2,3
WH_124420,17062,5,4,3
WH_124421,12066,7,1,4
WH_124422,25065,4,0,5
WH_124423,9057,5,3,5
WH_124424,30089,0,0,1
WH_124425,25119,4,1,5
WH_124426,39063,6,0,4
WH_124427,19109,3,2,3
WH_124428,29099,3,0,2
WH_124429,49060,2,0,3
WH_124431,17130,6,0,6
WH_124432,16114,7,0,1
WH_124433,29146,0,0,3
WH_124434,20118,3,0,4
WH_124435,15144,3,3,3
WH_124436,21072,3,0,5
WH_124437,13131,7,0,2
WH_124438,7095,0,0,2
WH_124439,30136,3,2,4
WH_124440,11130,3,3,1
WH_124441,25079,2,0,4
WH_124442,14073,4,0,2
WH_124443,28135,6,0,3
WH_124444,14122,8,0,5
WH_124445,24099,1,0,5
WH_124446,35095,4,0,5
WH_124447,12134,5,0,1
WH_124448,29083,7,0,2
WH_124449,13072,7,0,3
WH_124450,17075,5,0,4
WH_124451,20087,5,4,5
WH_124452,33149,6,0,3
WH_124453,25146,4,2,3
WH_124454,23135,7,1,4
WH_124455,27087,0,0,3
WH_124456,8111,6,0,1
WH_124457,37146,0,1,2
WH_124458,14116,8,0,6
WH_124459,32073,3,0,4
WH_124460,48062,8,0,6
WH_124461,23062,4,1,1
WH_124462,31113,4,0,5
WH_124463,44143,7,0,6
WH_124464,34135,4,0,3
WH_124465,13081,3,3,1
WH_124466,42136,8,0,3
WH_124467,5081,6,0,3
WH_124468,22092,6,2,2
WH_124469,28120,0,0,3
WH_124470,22066,6,0,4
WH_124471,16061,5,1,6
WH_124472,45138,8,0,2
WH_124473,8089,3,1,6
WH_124474,41065,7,0,3
WH_124475,31106,1,2,5
WH_124477,9120,8,2,3
WH_124478,30098,2,0,4
WH_124479,39148,6,1,2
WH_124480,22140,4,0,3
WH_124481,27149,6,0,2
WH_124482,15131,7,0,1
WH_124483,32140,3,1,5
WH_124484,28095,1,0,5
WH_124485,29133,6,2,2
WH_124486,7148,0,1,1
WH_124487,28067,7,0,2
WH_124488,46073,7,0,5
WH_124489,14120,8,0,4
WH_124490,18057,1,1,2
WH_124491,33068,2,0,6
WH_124492,25067,1,0,2
WH_124493,13059,8,0,4
WH_124494,35086,1,0,6
WH_124495,25107,4,0,4
WH_124496,21056,1,1,5
WH_124497,17089,7,1,2
WH_124498,8081,3,2,5
WH_124499,17080,6,2,5
WH_124500,28139,0,0,5
WH_124501,23127,3,0,2
WH_124502,15099,8,0,6
WH_124503,5101,8,1,3
WH_124504,6087,5,1,1
WH_124505,33096,5,1,3
WH_124506,46105,3,0,2
WH_124507,16139,2,3,2
WH_124508,7129,6,0,1
WH_124509,47145,5,0,5
WH_124510,20102,8,0,2
WH_124511,33139,3,0,5
WH_124512,31064,7,0,4
WH_124513,23056,4,0,6
WH_124514,29113,4,0,6
WH_124515,28149,3,2,6
WH_124516,43133,7,0,5
WH_124517,18130,3,0,3
WH_124518,29071,5,0,2
WH_124519,8074,2,0,3
WH_124520,38120,4,0,3
WH_124521,13125,6,0,5
WH_124522,22128,5,2,6
WH_124523,23095,1,0,4
WH_124524,35055,0,0,2
WH_124525,6146,4,1,2
WH_124526,27125,1,5,3
WH_124527,11080,0,2,6
WH_124528,23134,6,1,6
WH_124529,36107,6,0,6
WH_124530,29056,3,0,5
WH_124531,27057,6,2,6
WH_124532,41137,8,0,5
WH_124533,13097,7,0,2
WH_124534,25095,0,0,5
WH_124535,23121,4,1,2
WH_124536,21109,3,0,3
WH_124537,34086,3,0,3
WH_124538,29063,1,0,5
WH_124539,7092,7,4,1
WH_124540,9078,7,0,2
WH_124541,34117,3,3,6
WH_124542,15101,1,0,3
WH_124543,7066,0,1,3
WH_124544,22106,5,0,2
WH_124545,5142,6,0,2
WH_124546,29061,8,1,2
WH_124547,55150,4,0,5
WH_124548,24081,0,0,2
WH_124549,29093,6,0,5
WH_124550,23100,0,0,4
WH_124551,18057,7,0,3
WH_124552,25138,0,5,5
WH_124553,23092,1,0,1
WH_124554,13114,1,0,3
WH_124555,30132,1,0,2
WH_124556,12126,6,0,1
WH_124557,22070,7,4,2
WH_124558,6091,8,0,2
WH_124559,23109,7,0,3
WH_124560,16061,4,0,2
WH_124561,15075,3,0,2
WH_124562,21098,0,0,2
WH_124563,28092,5,1,4
WH_124564,15060,3,0,3
WH_124565,9098,5,1,2
WH_124566,27117,3,0,4
WH_124567,16146,0,0,4
WH_124568,25141,1,0,6
WH_124569,31150,5,0,2
WH_124571,25104,1,0,3
WH_124572,19136,3,2,4
WH_124573,6067,0,1,2
WH_124575,27088,7,0,5
WH_124576,27069,6,0,5
WH_124577,7100,1,0,2
WH_124578,26061,0,0,4
WH_124579,24117,5,3,2
WH_124580,39116,7,0,5
WH_124581,28109,8,1,4
WH_124582,25106,3,0,2
WH_124583,32136,0,0,5
WH_124584,28081,1,0,2
WH_124585,34117,1,0,6
WH_124587,29063,3,0,5
WH_124589,6098,4,0,2
WH_124590,4120,7,0,1
WH_124591,9085,3,0,2
WH_124592,28104,6,0,5
WH_124593,16125,8,1,5
WH_124594,45147,2,1,4
WH_124595,22099,8,0,1
WH_124596,32087,3,0,5
WH_124597,14115,1,0,3
WH_124598,45131,1,0,2
WH_124599,32107,3,0,3
WH_124600,12080,2,1,3
WH_124601,32132,0,2,3
WH_124602,40104,8,0,4
WH_124603,42112,1,0,2
WH_124604,38120,3,1,5
WH_124605,24110,7,0,5
WH_124606,24090,7,0,3
WH_124607,22135,2,3,6
WH_124608,24073,8,0,3
WH_124609,28140,8,0,3
WH_124610,13127,7,2,4
WH_124611,31068,4,0,2
WH_124612,22062,1,0,3
WH_124613,21084,0,0,4
WH_124614,7067,7,3,4
WH_124615,22083,1,0,3
WH_124616,15070,7,1,3
WH_124618,20079,6,0,6
WH_124619,5055,3,1,5
WH_124620,32062,3,0,2
WH_124621,29063,3,0,2
WH_124622,29106,3,0,5
WH_124623,29075,3,0,3
WH_124624,5081,8,0,3
WH_124625,35137,1,1,5
WH_124626,22087,5,0,2
WH_124627,30112,8,2,6
WH_124628,54135,3,0,5
WH_124629,27088,6,0,1
WH_124630,27104,2,0,2
WH_124631,17117,1,0,2
WH_124632,31128,4,3,3
WH_124633,28064,3,1,6
WH_124634,37065,4,0,2
WH_124635,27057,7,1,3
WH_124636,13150,5,1,2
WH_124639,26129,7,1,4
WH_124641,12096,0,1,2
WH_124642,29110,8,0,2
WH_124643,44140,8,0,3
WH_124645,36097,0,0,3
WH_124646,29123,6,0,4
WH_124647,51110,6,0,6
WH_124648,27138,5,0,5
WH_124649,5142,1,2,3
WH_124650,12079,1,2,5
WH_124652,29110,7,0,5
WH_124653,8151,1,0,1
WH_124654,28091,6,0,2
WH_124655,6057,7,0,3
WH_124656,16117,4,1,2
WH_124657,28105,3,0,6
WH_124658,4119,1,5,1
WH_124659,12134,7,0,6
WH_124660,5146,1,0,1
WH_124661,23077,6,0,3
WH_124662,19066,7,0,4
WH_124664,23106,1,2,6
WH_124665,31063,6,0,6
WH_124666,11150,6,0,3
WH_124667,36060,0,0,2
WH_124668,24086,5,0,2
WH_124669,32080,8,0,6
WH_124670,5081,7,2,3
WH_124671,9095,7,1,3
WH_124672,29057,1,0,3
WH_124673,7127,3,0,3
WH_124674,19081,7,0,1
WH_124675,31150,4,0,5
WH_124676,49118,0,0,6
WH_124677,55115,5,0,6
WH_124678,36143,1,0,4
WH_124679,29096,4,1,3
WH_124680,17090,0,1,6
WH_124681,21122,8,0,4
WH_124682,18100,0,1,4
WH_124683,15084,2,3,5
WH_124684,6104,2,3,1
WH_124685,10083,8,2,4
WH_124686,23122,7,0,2
WH_124687,16134,1,0,1
WH_124688,12118,0,2,3
WH_124689,10067,2,0,2
WH_124690,7133,6,0,3
WH_124691,31137,0,0,2
WH_124692,8083,1,0,3
WH_124693,16060,8,0,3
WH_124695,16078,8,0,6
WH_124696,18131,0,2,3
WH_124697,30098,3,2,6
WH_124698,14103,1,0,4
WH_124699,28114,7,0,2
WH_124700,16128,5,0,6
WH_124701,31118,8,0,3
WH_124703,25089,0,0,2
WH_124704,16065,1,2,2
WH_124705,11079,1,0,5
WH_124706,47085,1,0,6
WH_124707,8142,1,0,2
WH_124708,7078,8,0,5
WH_124709,8142,0,0,3
WH_124710,17133,7,0,2
WH_124711,7079,1,0,2
WH_124712,8067,8,0,2
WH_124713,25068,3,0,6
WH_124714,14141,7,0,2
WH_124715,17091,5,0,3
WH_124716,18065,5,1,1
WH_124717,16126,1,0,5
WH_124718,27105,1,1,3
WH_124720,11093,6,0,4
WH_124721,30127,3,0,5
WH_124722,24064,6,2,5
WH_124723,37135,1,0,2
WH_124724,14090,0,1,2
WH_124725,27147,0,0,2
WH_124726,13127,2,0,5
WH_124727,29098,0,0,2
WH_124728,34133,0,2,6
WH_124729,26078,6,0,3
WH_124730,33107,6,0,3
WH_124731,31116,6,0,5
WH_124733,32111,5,4,3
WH_124734,33071,6,1,4
WH_124735,42107,1,0,3
WH_124736,42088,8,0,5
WH_124737,19071,8,4,6
WH_124738,19065,8,1,6
WH_124739,41140,3,0,2
WH_124740,26125,4,1,2
WH_124741,46127,3,0,3
WH_124742,20095,2,0,5
WH_124743,39113,6,2,3
WH_124744,11133,0,0,2
WH_124745,18102,7,0,1
WH_124746,20107,3,0,6
WH_124747,24130,2,3,3
WH_124748,11066,6,0,2
WH_124749,13080,1,3,4
WH_124750,15104,8,1,2
WH_124751,33142,8,1,6
WH_124752,40073,7,0,4
WH_124753,6099,2,0,3
WH_124754,19073,1,0,4
WH_124755,23151,1,0,5
WH_124756,6084,4,0,3
WH_124757,6141,0,1,3
WH_124758,31144,3,0,2
WH_124759,22095,3,0,3
WH_124760,44098,1,1,5
WH_124761,9077,7,0,2
WH_124762,27091,4,0,6
WH_124763,33134,4,1,6
WH_124764,12074,0,4,1
WH_124765,26102,1,0,6
WH_124766,25102,3,2,1
WH_124767,26144,3,3,3
WH_124768,16101,6,1,3
WH_124769,14056,6,0,1
WH_124770,15110,5,1,3
WH_124771,30073,3,0,3
WH_124772,14140,7,3,6
WH_124773,8096,0,0,2
WH_124774,38133,1,0,2
WH_124775,31142,1,0,4
WH_124776,23149,2,0,4
WH_124777,15057,7,0,4
WH_124778,22137,4,0,4
WH_124779,24081,8,0,3
WH_124780,24118,6,0,6
WH_124781,5081,7,4,1
WH_124782,24116,0,0,6
WH_124783,31096,8,3,2
WH_124784,27085,0,0,6
WH_124785,27141,6,0,6
WH_124786,7110,6,4,3
WH_124787,40090,4,0,6
WH_124788,20084,8,0,2
WH_124789,6076,7,4,4
WH_124790,29063,6,1,5
WH_124791,29104,6,0,3
WH_124792,26139,7,0,6
WH_124793,5060,0,0,3
WH_124794,30139,8,0,3
WH_124795,35111,7,0,4
WH_124796,6084,5,4,2
WH_124797,30076,4,0,2
WH_124798,7081,4,2,3
WH_124799,15073,3,0,6
WH_124800,22147,2,0,6
WH_124801,16064,7,1,3
WH_124802,15120,5,3,4
WH_124803,31137,4,3,5
WH_124804,37121,3,0,5
WH_124805,13090,2,2,5
WH_124806,45151,8,0,6
WH_124807,30145,8,0,6
WH_124808,22092,2,0,4
WH_124810,31094,1,0,6
WH_124811,39082,6,0,3
WH_124812,25086,7,0,3
WH_124813,38076,3,0,4
WH_124814,5127,4,0,2
WH_124815,17056,7,1,4
WH_124816,10141,6,0,3
WH_124817,42143,4,0,2
WH_124818,10088,0,0,2
WH_124819,17062,5,0,6
WH_124820,19058,0,3,3
WH_124821,15076,0,0,4
WH_124822,7102,0,0,1
WH_124823,24131,0,0,2
WH_124824,11070,6,5,2
WH_124825,24070,1,0,6
WH_124826,30095,3,0,3
WH_124828,45144,3,1,5
WH_124829,23102,5,0,5
WH_124830,29151,3,0,5
WH_124831,5114,1,2,3
WH_124832,7135,7,4,4
WH_124833,11148,8,0,2
WH_124834,36117,1,2,4
WH_124835,17145,8,0,3
WH_124836,31120,7,0,4
WH_124837,28092,7,1,4
WH_124838,20124,5,0,4
WH_124839,6150,8,1,2
WH_124840,30064,7,0,6
WH_124841,29072,4,0,3
WH_124842,8111,3,4,6
WH_124843,38112,8,0,4
WH_124844,7139,3,0,1
WH_124845,48100,1,0,3
WH_124847,6127,6,0,2
WH_124848,8115,0,1,2
WH_124849,26067,3,0,6
WH_124850,27072,1,0,1
WH_124851,47143,3,0,4
WH_124852,34104,0,0,3
WH_124853,14099,8,1,5
WH_124854,31138,0,0,2
WH_124855,26082,1,1,3
WH_124856,15109,1,1,4
WH_124857,6134,0,0,3
WH_124858,33146,1,0,6
WH_124859,21061,4,0,5
WH_124860,13062,7,4,5
WH_124861,7090,5,0,1
WH_124862,22092,7,0,1
WH_124863,37081,3,0,4
WH_124864,27098,7,2,5
WH_124865,25078,8,0,5
WH_124866,32062,1,0,5
WH_124867,19056,0,2,6
WH_124868,12073,5,0,5
WH_124869,20074,8,0,5
WH_124870,29133,8,0,4
WH_124871,39060,6,0,3
WH_124872,31130,4,1,6
WH_124873,27111,8,0,1
WH_124874,26063,8,0,4
WH_124875,24139,1,0,2
WH_124876,14131,7,4,4
WH_124877,29070,0,0,2
WH_124878,38067,4,0,2
WH_124879,9146,0,0,3
WH_124880,24143,1,0,3
WH_124881,32113,7,0,5
WH_124882,7102,7,3,1
WH_124883,11094,1,1,4
WH_124884,12099,3,0,4
WH_124885,11060,5,1,6
WH_124886,18073,3,0,2
WH_124888,26101,4,1,6
WH_124889,13077,1,0,5
WH_124890,16116,7,1,2
WH_124891,25121,5,2,2
WH_124892,29079,3,1,4
WH_124893,15078,7,0,1
WH_124894,39092,6,0,4
WH_124895,47123,0,0,3
WH_124896,30102,6,0,4
WH_124898,15100,8,3,1
WH_124899,44111,1,0,2
WH_124900,32135,0,0,2
WH_124901,17132,8,1,5
WH_124903,7112,5,2,2
WH_124904,15114,4,2,1
WH_124905,32061,0,0,2
WH_124906,31150,7,3,6
WH_124907,31073,7,0,4
WH_124908,5079,0,1,1
WH_124909,22127,6,0,4
WH_124910,33073,0,0,6
WH_124911,29123,8,0,2
WH_124912,27072,4,5,2
WH_124913,39063,3,0,2
WH_124914,8091,6,0,2
WH_124915,14129,6,0,6
WH_124916,29107,0,1,4
WH_124917,15103,8,2,3
WH_124918,52101,8,0,5
WH_124919,21071,8,0,6
WH_124920,15056,0,2,3
WH_124921,30079,4,1,4
WH_124922,40070,5,2,2
WH_124923,13090,8,1,5
WH_124924,5120,6,1,1
WH_124925,40096,4,0,3
WH_124926,23148,1,0,3
WH_124927,15057,0,0,1
WH_124928,18094,5,1,2
WH_124929,28075,1,0,6
WH_124930,6091,0,2,6
WH_124931,5061,5,0,3
WH_124932,38144,7,0,3
WH_124933,6126,7,0,6
WH_124935,5080,8,4,1
WH_124936,9143,1,2,6
WH_124937,16089,7,0,6
WH_124938,16069,0,0,5
WH_124939,32149,7,3,3
WH_124940,32093,3,4,5
WH_124941,30070,8,1,5
WH_124942,25108,0,0,1
WH_124943,17134,2,0,3
WH_124944,26065,8,0,6
WH_124945,11071,7,1,4
WH_124946,8089,2,0,2
WH_124947,7062,6,1,1
WH_124948,36081,3,1,5
WH_124949,22144,3,0,5
WH_124950,22118,4,0,6
WH_124951,32151,6,0,4
WH_124952,29062,1,0,6
WH_124953,25094,0,0,2
WH_124954,23072,4,0,5
WH_124955,12113,1,0,2
WH_124956,16097,0,0,2
WH_124957,39105,4,0,5
WH_124958,35061,5,0,3
WH_124959,24122,8,4,4
WH_124960,13081,1,3,6
WH_124962,24093,4,0,5
WH_124963,10108,0,0,2
WH_124964,7061,1,0,1
WH_124965,29096,3,0,6
WH_124966,45133,4,0,2
WH_124967,6112,0,0,1
WH_124968,35088,5,1,3
WH_124969,15150,2,0,6
WH_124970,21084,6,1,4
WH_124971,19074,1,1,2
WH_124972,32057,4,0,3
WH_124973,22068,1,0,3
WH_124974,13119,1,0,1
WH_124975,27142,3,0,3
WH_124976,20147,8,4,3
WH_124977,19098,2,1,6
WH_124978,7088,0,3,1
WH_124979,30078,6,1,2
WH_124980,40121,2,0,4
WH_124981,28071,8,0,5
WH_124982,36058,7,1,6
WH_124983,41079,3,2,3
WH_124984,17087,4,0,5
WH_124985,31136,7,0,5
WH_124986,6102,6,5,4
WH_124987,15129,4,0,6
WH_124988,28106,8,1,3
WH_124989,16091,1,2,2
WH_124990,34098,3,0,3
WH_124991,37065,4,0,6
WH_124992,23101,3,0,4
WH_124993,26091,5,0,5
WH_124994,11083,7,0,1
WH_124995,32093,3,0,2
WH_124996,12114,6,0,4
WH_124997,27080,7,0,5
WH_124998,25093,1,0,6
WH_124999,5058,8,2,2
